candidate_id	module	owner	sequence	local_kind	script_name	binding	local_source	native_kind	android_arm64	android_armv7	ios_arm64	ios_armv7	registration_status	body_status	evidence_report	disposition	notes
LOCAL-NCB-MOTIONPLAYER_DLL-BEZIERPATCH-METHOD-AFFINEPATCH	motionplayer.dll	BezierPatch	1	method	affinePatch	NCB_METHOD(affinePatch)	cpp/plugins/motionplayer/main.cpp:52	ATTACHED_STATIC_METHOD	attach=0x6E627C; detach=0x6E630C; setup=0x6E6428; registrar=0x6A195C; callback=0x6A1D40	attach=0x5A51C0; detach=0x5A5244; setup=0x5A52C0; registrar=0x578C48; callback=0x578D90	attach=0x100136FA4; detach=0x10013700C; setup=0x100137068; registrar=0x1000FE1F0; callback=0x1000FE308	attach=0x136B9C; detach=0x136C50; setup=0x136D00; registrar=0xFB146; callback=0xFB244	EVIDENCED_4_4	IMPLEMENTED	analysis/motionplayer_bezierpatch_methods_geometry_inverse_four_binary_2026-08-27.md	SURFACE_AND_BODY_CLOSED	stateless method attached directly to Layer; no script constructor or per-Layer native instance
LOCAL-NCB-MOTIONPLAYER_DLL-BEZIERPATCH-METHOD-TRANSLATEPATCH	motionplayer.dll	BezierPatch	2	method	translatePatch	NCB_METHOD(translatePatch)	cpp/plugins/motionplayer/main.cpp:53	ATTACHED_STATIC_METHOD	registrar=0x6A195C; callback=0x6A2048	registrar=0x578C48; callback=0x578F28	registrar=0x1000FE1F0; callback=0x1000FE4B4	registrar=0xFB146; callback=0xFB450	EVIDENCED_4_4	IMPLEMENTED	analysis/motionplayer_bezierpatch_methods_geometry_inverse_four_binary_2026-08-27.md	SURFACE_AND_BODY_CLOSED	stateless method attached directly to Layer; no script constructor or per-Layer native instance
LOCAL-NCB-MOTIONPLAYER_DLL-BEZIERPATCH-METHOD-AFFINETRANSLATEPATCH	motionplayer.dll	BezierPatch	3	method	affineTranslatePatch	NCB_METHOD(affineTranslatePatch)	cpp/plugins/motionplayer/main.cpp:54	ATTACHED_STATIC_METHOD	registrar=0x6A195C; callback=0x6A2328	registrar=0x578C48; callback=0x5790B0	registrar=0x1000FE1F0; callback=0x1000FE640	registrar=0xFB146; callback=0xFB64C	EVIDENCED_4_4	IMPLEMENTED	analysis/motionplayer_bezierpatch_methods_geometry_inverse_four_binary_2026-08-27.md	SURFACE_AND_BODY_CLOSED	stateless method attached directly to Layer; no script constructor or per-Layer native instance
LOCAL-NCB-MOTIONPLAYER_DLL-BEZIERPATCH-METHOD-CALCPATCHBOUNDS	motionplayer.dll	BezierPatch	4	method	calcPatchBounds	NCB_METHOD(calcPatchBounds)	cpp/plugins/motionplayer/main.cpp:55	ATTACHED_STATIC_METHOD	registrar=0x6A195C; callback=0x6A264C	registrar=0x578C48; callback=0x579258	registrar=0x1000FE1F0; callback=0x1000FE804	registrar=0xFB146; callback=0xFB868	EVIDENCED_4_4	IMPLEMENTED	analysis/motionplayer_bezierpatch_methods_geometry_inverse_four_binary_2026-08-27.md	SURFACE_AND_BODY_CLOSED	stateless method attached directly to Layer; no script constructor or per-Layer native instance
LOCAL-NCB-MOTIONPLAYER_DLL-BEZIERPATCH-METHOD-CALCMESHBOUNDS	motionplayer.dll	BezierPatch	5	method	calcMeshBounds	NCB_METHOD(calcMeshBounds)	cpp/plugins/motionplayer/main.cpp:56	ATTACHED_STATIC_METHOD	registrar=0x6A195C; callback=entry=0x6A2A04; containing_func=0x6A264C	registrar=0x578C48; callback=0x5794F8	registrar=0x1000FE1F0; callback=0x1000FEAB8	registrar=0xFB146; callback=0xFBBDC	EVIDENCED_4_4	IMPLEMENTED	analysis/motionplayer_bezierpatch_methods_geometry_inverse_four_binary_2026-08-27.md	SURFACE_AND_BODY_CLOSED	Android arm64 callback is an internal entry in the calcPatchBounds/calcMeshBounds/calcBezierPatch combined function
LOCAL-NCB-MOTIONPLAYER_DLL-BEZIERPATCH-METHOD-CALCBEZIERPATCH	motionplayer.dll	BezierPatch	6	method	calcBezierPatch	NCB_METHOD(calcBezierPatch)	cpp/plugins/motionplayer/main.cpp:57	ATTACHED_STATIC_METHOD	registrar=0x6A195C; callback=entry=0x6A2D6C; containing_func=0x6A264C	registrar=0x578C48; callback=0x5797A0	registrar=0x1000FE1F0; callback=0x1000FEE38	registrar=0xFB146; callback=0xFC014	EVIDENCED_4_4	IMPLEMENTED	analysis/motionplayer_bezierpatch_methods_geometry_inverse_four_binary_2026-08-27.md	SURFACE_AND_BODY_CLOSED	Android arm64 callback is an internal entry in the calcPatchBounds/calcMeshBounds/calcBezierPatch combined function
LOCAL-NCB-MOTIONPLAYER_DLL-BEZIERPATCH-METHOD-CALCBEZIERPATCHLIST	motionplayer.dll	BezierPatch	7	method	calcBezierPatchList	NCB_METHOD(calcBezierPatchList)	cpp/plugins/motionplayer/main.cpp:58	ATTACHED_STATIC_METHOD	registrar=0x6A195C; callback=0x6A3230	registrar=0x578C48; callback=0x579A18	registrar=0x1000FE1F0; callback=0x1000FF134	registrar=0xFB146; callback=0xFC360	EVIDENCED_4_4	IMPLEMENTED	analysis/motionplayer_bezierpatch_methods_geometry_inverse_four_binary_2026-08-27.md	SURFACE_AND_BODY_CLOSED	stateless method attached directly to Layer; no script constructor or per-Layer native instance
LOCAL-NCB-MOTIONPLAYER_DLL-BEZIERPATCH-METHOD-REVERSECALCBEZIERPATCH	motionplayer.dll	BezierPatch	8	method	reverseCalcBezierPatch	NCB_METHOD(reverseCalcBezierPatch)	cpp/plugins/motionplayer/main.cpp:59	ATTACHED_STATIC_METHOD	registrar=0x6A195C; callback=0x6A3874	registrar=0x578C48; callback=0x579D48	registrar=0x1000FE1F0; callback=0x1000FF508	registrar=0xFB146; callback=0xFC7A4	EVIDENCED_4_4	IMPLEMENTED	analysis/motionplayer_bezierpatch_methods_geometry_inverse_four_binary_2026-08-27.md	SURFACE_AND_BODY_CLOSED	stateless method attached directly to Layer; no script constructor or per-Layer native instance
LOCAL-NCB-MOTIONPLAYER_DLL-MOTIONLAYEREXTENSIONS_GUESS-PROPERTY-DEBUGMESHAPP	motionplayer.dll	MotionLayerExtensions_guess	1	property	debugMeshApp	NCB_PROPERTY(debugMeshApp, getDebugMeshApp, setDebugMeshApp)	cpp/plugins/motionplayer/main.cpp:74	ATTACHED_RW_PROPERTY	attach=0x6E217C; detach=0x6E227C; setup=0x6E2408; registrar=0x6A1204; callback=get=0x6A1768,set=0x6A1774	attach=0x5A2D00; detach=0x5A2D60; setup=0x5A2DF8; registrar=0x578A6C; callback=get=0x578BB4,set=0x578BC0	attach=0x100133D68; detach=0x100133DCC; setup=0x100133E2C; registrar=0x1000FE030; callback=get=0x1000FE1C8,set=0x1000FE1D4	attach=0x132FD0; detach=0x133088; setup=0x133144; registrar=0xFAFB0; callback=get=0xFB11E,set=0xFB12A	EVIDENCED_4_4	IMPLEMENTED	analysis/motionplayer_layer_extensions_callbacks_lifetime_render_four_binary_2026-08-27.md	SURFACE_AND_BODY_CLOSED	member attached directly to Layer through the per-Layer lazy native-instance hook
LOCAL-NCB-MOTIONPLAYER_DLL-MOTIONLAYEREXTENSIONS_GUESS-PROPERTY-DEBUGBEZIERAPP	motionplayer.dll	MotionLayerExtensions_guess	2	property	debugBezierApp	NCB_PROPERTY(debugBezierApp, getDebugBezierApp, setDebugBezierApp)	cpp/plugins/motionplayer/main.cpp:75	ATTACHED_RW_PROPERTY	registrar=0x6A1204; callback=get=0x6A177C,set=0x6A1788	registrar=0x578A6C; callback=get=0x578BC6,set=0x578BD2	registrar=0x1000FE030; callback=get=0x1000FE1DC,set=0x1000FE1E8	registrar=0xFAFB0; callback=get=0xFB130,set=0xFB13C	EVIDENCED_4_4	IMPLEMENTED	analysis/motionplayer_layer_extensions_callbacks_lifetime_render_four_binary_2026-08-27.md	SURFACE_AND_BODY_CLOSED	member attached directly to Layer through the per-Layer lazy native-instance hook
LOCAL-NCB-MOTIONPLAYER_DLL-MOTIONLAYEREXTENSIONS_GUESS-METHOD-MESHCOPY	motionplayer.dll	MotionLayerExtensions_guess	3	method	meshCopy	NCB_METHOD(meshCopy)	cpp/plugins/motionplayer/main.cpp:76	ATTACHED_METHOD	registrar=0x6A1204; callback=0x69F150	registrar=0x578A6C; callback=0x577924	registrar=0x1000FE030; callback=0x1000FC6E8	registrar=0xFAFB0; callback=0xF9654	EVIDENCED_4_4	IMPLEMENTED	analysis/motionplayer_layer_extensions_callbacks_lifetime_render_four_binary_2026-08-27.md	SURFACE_AND_BODY_CLOSED	member attached directly to Layer through the per-Layer lazy native-instance hook
LOCAL-NCB-MOTIONPLAYER_DLL-MOTIONLAYEREXTENSIONS_GUESS-METHOD-OPERATEMESH	motionplayer.dll	MotionLayerExtensions_guess	4	method	operateMesh	NCB_METHOD(operateMesh)	cpp/plugins/motionplayer/main.cpp:77	ATTACHED_METHOD	registrar=0x6A1204; callback=0x69F304	registrar=0x578A6C; callback=0x577A44	registrar=0x1000FE030; callback=0x1000FC864	registrar=0xFAFB0; callback=0xF97F4	EVIDENCED_4_4	IMPLEMENTED	analysis/motionplayer_layer_extensions_callbacks_lifetime_render_four_binary_2026-08-27.md	SURFACE_AND_BODY_CLOSED	member attached directly to Layer through the per-Layer lazy native-instance hook
LOCAL-NCB-MOTIONPLAYER_DLL-MOTIONLAYEREXTENSIONS_GUESS-METHOD-DRAWMESHFRAME	motionplayer.dll	MotionLayerExtensions_guess	5	method	drawMeshFrame	NCB_METHOD(drawMeshFrame)	cpp/plugins/motionplayer/main.cpp:78	ATTACHED_METHOD	registrar=0x6A1204; callback=0x69F5E4	registrar=0x578A6C; callback=0x577B50	registrar=0x1000FE030; callback=0x1000FC9C0	registrar=0xFAFB0; callback=0xF996C	EVIDENCED_4_4	IMPLEMENTED	analysis/motionplayer_layer_extensions_callbacks_lifetime_render_four_binary_2026-08-27.md	SURFACE_AND_BODY_CLOSED	member attached directly to Layer through the per-Layer lazy native-instance hook
LOCAL-NCB-MOTIONPLAYER_DLL-MOTIONLAYEREXTENSIONS_GUESS-METHOD-BEZIERPATCHCOPY	motionplayer.dll	MotionLayerExtensions_guess	6	method	bezierPatchCopy	NCB_METHOD(bezierPatchCopy)	cpp/plugins/motionplayer/main.cpp:79	ATTACHED_METHOD	registrar=0x6A1204; callback=0x69FD7C	registrar=0x578A6C; callback=0x577F3C	registrar=0x1000FE030; callback=0x1000FCF78	registrar=0xFAFB0; callback=0xF9F08	EVIDENCED_4_4	IMPLEMENTED	analysis/motionplayer_layer_extensions_callbacks_lifetime_render_four_binary_2026-08-27.md	SURFACE_AND_BODY_CLOSED	member attached directly to Layer through the per-Layer lazy native-instance hook
LOCAL-NCB-MOTIONPLAYER_DLL-MOTIONLAYEREXTENSIONS_GUESS-METHOD-OPERATEBEZIERPATCH	motionplayer.dll	MotionLayerExtensions_guess	7	method	operateBezierPatch	NCB_METHOD(operateBezierPatch)	cpp/plugins/motionplayer/main.cpp:80	ATTACHED_METHOD	registrar=0x6A1204; callback=0x69FF30	registrar=0x578A6C; callback=0x57805C	registrar=0x1000FE030; callback=0x1000FD0F4	registrar=0xFAFB0; callback=0xFA0A8	EVIDENCED_4_4	IMPLEMENTED	analysis/motionplayer_layer_extensions_callbacks_lifetime_render_four_binary_2026-08-27.md	SURFACE_AND_BODY_CLOSED	member attached directly to Layer through the per-Layer lazy native-instance hook
LOCAL-NCB-MOTIONPLAYER_DLL-MOTIONLAYEREXTENSIONS_GUESS-METHOD-DRAWBEZIERPATCHFRAME	motionplayer.dll	MotionLayerExtensions_guess	8	method	drawBezierPatchFrame	NCB_METHOD(drawBezierPatchFrame)	cpp/plugins/motionplayer/main.cpp:81	ATTACHED_METHOD	registrar=0x6A1204; callback=0x6A0210	registrar=0x578A6C; callback=0x578168	registrar=0x1000FE030; callback=0x1000FD250	registrar=0xFAFB0; callback=0xFA220	EVIDENCED_4_4	IMPLEMENTED	analysis/motionplayer_layer_extensions_callbacks_lifetime_render_four_binary_2026-08-27.md	SURFACE_AND_BODY_CLOSED	member attached directly to Layer through the per-Layer lazy native-instance hook
LOCAL-NCB-MOTIONPLAYER_DLL-MOTIONLAYEREXTENSIONS_GUESS-METHOD-DRAWBEZIERPATCHMESHFRAME	motionplayer.dll	MotionLayerExtensions_guess	9	method	drawBezierPatchMeshFrame	NCB_METHOD(drawBezierPatchMeshFrame)	cpp/plugins/motionplayer/main.cpp:82	ATTACHED_METHOD	registrar=0x6A1204; callback=0x6A0B3C	registrar=0x578A6C; callback=0x5786AC	registrar=0x1000FE030; callback=0x1000FDAF8	registrar=0xFAFB0; callback=0xFAAA4	EVIDENCED_4_4	IMPLEMENTED	analysis/motionplayer_layer_extensions_callbacks_lifetime_render_four_binary_2026-08-27.md	SURFACE_AND_BODY_CLOSED	member attached directly to Layer through the per-Layer lazy native-instance hook
LOCAL-NCB-MOTIONPLAYER_DLL-SOURCECACHE-CONSTRUCTOR-CONSTRUCTOR	motionplayer.dll	SourceCache	1	constructor	<constructor>	NCB_CONSTRUCTOR(())	cpp/plugins/motionplayer/main.cpp:96	ZERO_ARG_CONSTRUCTOR	wrapper=0x6FB504; setup=0x6FB668; registrar=0x6A5988; ctor_publish=inline@0x6A59A8	wrapper=0x599738; setup=0x5B6A20; registrar=0x57B0DC; ctor_publish=0x57B14C	wrapper=0x100126064; setup=0x10014DF88; registrar=0x100100F90; ctor_publish=0x100101018	wrapper=0x12514C; setup=0x14FC78; registrar=0xFE12A; ctor_publish=0xFE19C	EVIDENCED_4_4	CONSTRUCTOR_EVIDENCED_4_4	analysis/motionplayer_sourcecache_objsource_ncb_surface_four_binary_2026-08-27.md	SURFACE_MAPPED_BODY_SEPARATE_OR_PENDING	
LOCAL-NCB-MOTIONPLAYER_DLL-SOURCECACHE-METHOD-LOADSOURCE	motionplayer.dll	SourceCache	2	method	loadSource	NCB_METHOD(loadSource)	cpp/plugins/motionplayer/main.cpp:97	METHOD	registrar=0x6A5988; callback=entry=0x6A4F88; containing_func=0x6A4CD4	registrar=0x57B0DC; callback=0x57ACC8	registrar=0x100100F90; callback=0x1001009AC	registrar=0xFE12A; callback=0xFDB50	EVIDENCED_4_4	IMPLEMENTED	analysis/motionplayer_sourcecache_load_clear_buflayer_four_binary_2026-08-27.md	SURFACE_AND_BODY_CLOSED	Android arm64 callback is an internal entry in one combined IDA function range
LOCAL-NCB-MOTIONPLAYER_DLL-SOURCECACHE-METHOD-CLEARCACHE	motionplayer.dll	SourceCache	3	method	clearCache	NCB_METHOD(clearCache)	cpp/plugins/motionplayer/main.cpp:98	METHOD	registrar=0x6A5988; callback=entry=0x6A5818; containing_func=0x6A4CD4	registrar=0x57B0DC; callback=0x57B018	registrar=0x100100F90; callback=0x100100F10	registrar=0xFE12A; callback=0xFE0D4	EVIDENCED_4_4	IMPLEMENTED	analysis/motionplayer_sourcecache_load_clear_buflayer_four_binary_2026-08-27.md	SURFACE_AND_BODY_CLOSED	Android arm64 callback is an internal entry in one combined IDA function range
LOCAL-NCB-MOTIONPLAYER_DLL-SOURCECACHE-PROPERTY_RO-BUFLAYER	motionplayer.dll	SourceCache	4	property_ro	bufLayer	NCB_PROPERTY_RO(bufLayer, getBufLayer)	cpp/plugins/motionplayer/main.cpp:99	RO_PROPERTY	registrar=0x6A5988; callback=get=0x6A58DC	registrar=0x57B0DC; callback=get=0x57B060	registrar=0x100100F90; callback=get=0x100100F84	registrar=0xFE12A; callback=get=0xFE11A	EVIDENCED_4_4	IMPLEMENTED	analysis/motionplayer_sourcecache_load_clear_buflayer_four_binary_2026-08-27.md	SURFACE_AND_BODY_CLOSED	
LOCAL-NCB-MOTIONPLAYER_DLL-OBJSOURCE-CONSTRUCTOR-CONSTRUCTOR	motionplayer.dll	ObjSource	1	constructor	<constructor>	NCB_CONSTRUCTOR(())	cpp/plugins/motionplayer/main.cpp:106	ZERO_ARG_CONSTRUCTOR	wrapper=0x6FB9F0; setup=0x6FBB54; registrar=0x69A098; ctor_publish=inline@0x69A0B8	wrapper=0x59977C; setup=0x5B6CDC; registrar=0x575028; ctor_publish=0x5750F4	wrapper=0x1001260DC; setup=0x10014E328; registrar=0x1000F8D30; ctor_publish=0x1000F8E38	wrapper=0x125194; setup=0x150088; registrar=0xF5C48; ctor_publish=0xF5D24	EVIDENCED_4_4	CONSTRUCTOR_EVIDENCED_4_4	analysis/motionplayer_sourcecache_objsource_ncb_surface_four_binary_2026-08-27.md	SURFACE_MAPPED_BODY_SEPARATE_OR_PENDING	
LOCAL-NCB-MOTIONPLAYER_DLL-OBJSOURCE-PROPERTY_RO-ORIGINX	motionplayer.dll	ObjSource	2	property_ro	originX	NCB_PROPERTY_RO(originX, getOriginX)	cpp/plugins/motionplayer/main.cpp:109	RO_PROPERTY	registrar=0x69A098; callback=get=0x69A3F4	registrar=0x575028; callback=get=0x57511C	registrar=0x1000F8D30; callback=get=0x1000F8E88	registrar=0xF5C48; callback=get=0xF5D4C	EVIDENCED_4_4	IMPLEMENTED	analysis/motionplayer_objsource_getters_clip_draw_decode_texture_lifetime_four_binary_2026-08-27.md	SURFACE_AND_BODY_CLOSED	
LOCAL-NCB-MOTIONPLAYER_DLL-OBJSOURCE-PROPERTY_RO-ORIGINY	motionplayer.dll	ObjSource	3	property_ro	originY	NCB_PROPERTY_RO(originY, getOriginY)	cpp/plugins/motionplayer/main.cpp:110	RO_PROPERTY	registrar=0x69A098; callback=get=0x69A4B8	registrar=0x575028; callback=get=0x575180	registrar=0x1000F8D30; callback=get=0x1000F8EEC	registrar=0xF5C48; callback=get=0xF5E04	EVIDENCED_4_4	IMPLEMENTED	analysis/motionplayer_objsource_getters_clip_draw_decode_texture_lifetime_four_binary_2026-08-27.md	SURFACE_AND_BODY_CLOSED	
LOCAL-NCB-MOTIONPLAYER_DLL-OBJSOURCE-PROPERTY_RO-WIDTH	motionplayer.dll	ObjSource	4	property_ro	width	NCB_PROPERTY_RO(width, getWidth)	cpp/plugins/motionplayer/main.cpp:111	RO_PROPERTY	registrar=0x69A098; callback=get=0x69A57C	registrar=0x575028; callback=get=0x5751E4	registrar=0x1000F8D30; callback=get=0x1000F8F50	registrar=0xF5C48; callback=get=0xF5EBC	EVIDENCED_4_4	IMPLEMENTED	analysis/motionplayer_objsource_getters_clip_draw_decode_texture_lifetime_four_binary_2026-08-27.md	SURFACE_AND_BODY_CLOSED	
LOCAL-NCB-MOTIONPLAYER_DLL-OBJSOURCE-PROPERTY_RO-HEIGHT	motionplayer.dll	ObjSource	5	property_ro	height	NCB_PROPERTY_RO(height, getHeight)	cpp/plugins/motionplayer/main.cpp:112	RO_PROPERTY	registrar=0x69A098; callback=get=0x69A65C	registrar=0x575028; callback=get=0x575258	registrar=0x1000F8D30; callback=get=0x1000F8FD0	registrar=0xF5C48; callback=get=0xF5F8C	EVIDENCED_4_4	IMPLEMENTED	analysis/motionplayer_objsource_getters_clip_draw_decode_texture_lifetime_four_binary_2026-08-27.md	SURFACE_AND_BODY_CLOSED	
LOCAL-NCB-MOTIONPLAYER_DLL-OBJSOURCE-PROPERTY_RO-CLIP	motionplayer.dll	ObjSource	6	property_ro	clip	NCB_PROPERTY_RO(clip, getClip)	cpp/plugins/motionplayer/main.cpp:113	RO_PROPERTY	registrar=0x69A098; callback=get=0x69A73C	registrar=0x575028; callback=get=0x5752CC	registrar=0x1000F8D30; callback=get=0x1000F9050	registrar=0xF5C48; callback=get=0xF605C	EVIDENCED_4_4	IMPLEMENTED	analysis/motionplayer_objsource_getters_clip_draw_decode_texture_lifetime_four_binary_2026-08-27.md	SURFACE_AND_BODY_CLOSED	
LOCAL-NCB-MOTIONPLAYER_DLL-OBJSOURCE-METHOD-DRAWLAYER	motionplayer.dll	ObjSource	7	method	drawLayer	NCB_METHOD(drawLayer)	cpp/plugins/motionplayer/main.cpp:114	METHOD	registrar=0x69A098; callback=0x69AAB8	registrar=0x575028; callback=0x5754E4	registrar=0x1000F8D30; callback=0x1000F930C	registrar=0xF5C48; callback=0xF63C0	EVIDENCED_4_4	IMPLEMENTED	analysis/motionplayer_objsource_getters_clip_draw_decode_texture_lifetime_four_binary_2026-08-27.md	SURFACE_AND_BODY_CLOSED	
LOCAL-NCB-MOTIONPLAYER_DLL-POINT-CONSTRUCTOR-CONSTRUCTOR	motionplayer.dll	Point	1	constructor	<constructor>	NCB_CONSTRUCTOR(())	cpp/plugins/motionplayer/main.cpp:135	ZERO_ARG_CONSTRUCTOR	registrar=0x68E39C; ctor_publish=inline	registrar=0x56E348; ctor_publish=0x56E3D4	registrar=0x1000F079C; ctor_publish=0x1000F0854	registrar=0xECA00; ctor_publish=0xECA98	EVIDENCED_4_4	IMPLEMENTED	analysis/motionplayer_geometry_default_constructors_four_binary_2026-08-26.md	SURFACE_AND_BODY_CLOSED	
LOCAL-NCB-MOTIONPLAYER_DLL-POINT-PROPERTY_RO-TYPE	motionplayer.dll	Point	2	property_ro	type	NCB_PROPERTY_RO(type, getType)	cpp/plugins/motionplayer/main.cpp:136	RO_PROPERTY	registrar=0x68E39C; callback=0x68E628	registrar=0x56E348; callback=0x56E3FA	registrar=0x1000F079C; callback=0x1000F08A4	registrar=0xECA00; callback=0xECABE	EVIDENCED_4_4	IMPLEMENTED	analysis/motionplayer_geometry_scalar_getters_four_binary_2026-08-26.md	SURFACE_AND_BODY_CLOSED	
LOCAL-NCB-MOTIONPLAYER_DLL-POINT-METHOD-CONTAINS	motionplayer.dll	Point	3	method	contains	NCB_METHOD(contains)	cpp/plugins/motionplayer/main.cpp:137	METHOD	registrar=0x68E39C; callback=0x68E1D0	registrar=0x56E348; callback=0x56E1B0	registrar=0x1000F079C; callback=0x1000F0670	registrar=0xECA00; callback=0xEC8D0	EVIDENCED_4_4	IMPLEMENTED	analysis/motionplayer_geometry_contains_boundary_four_binary_2026-08-26.md	SURFACE_AND_BODY_CLOSED	
LOCAL-NCB-MOTIONPLAYER_DLL-POINT-PROPERTY_RO-X	motionplayer.dll	Point	4	property_ro	x	NCB_PROPERTY_RO(x, getX)	cpp/plugins/motionplayer/main.cpp:138	RO_PROPERTY	registrar=0x68E39C; callback=0x68E630	registrar=0x56E348; callback=0x56E3FE	registrar=0x1000F079C; callback=0x1000F08AC	registrar=0xECA00; callback=0xECAC2	EVIDENCED_4_4	IMPLEMENTED	analysis/motionplayer_geometry_scalar_getters_four_binary_2026-08-26.md	SURFACE_AND_BODY_CLOSED	
LOCAL-NCB-MOTIONPLAYER_DLL-POINT-PROPERTY_RO-Y	motionplayer.dll	Point	5	property_ro	y	NCB_PROPERTY_RO(y, getY)	cpp/plugins/motionplayer/main.cpp:139	RO_PROPERTY	registrar=0x68E39C; callback=0x68E638	registrar=0x56E348; callback=0x56E408	registrar=0x1000F079C; callback=0x1000F08B4	registrar=0xECA00; callback=0xECACC	EVIDENCED_4_4	IMPLEMENTED	analysis/motionplayer_geometry_scalar_getters_four_binary_2026-08-26.md	SURFACE_AND_BODY_CLOSED	
LOCAL-NCB-MOTIONPLAYER_DLL-CIRCLE-CONSTRUCTOR-CONSTRUCTOR	motionplayer.dll	Circle	1	constructor	<constructor>	NCB_CONSTRUCTOR(())	cpp/plugins/motionplayer/main.cpp:142	ZERO_ARG_CONSTRUCTOR	registrar=0x68E6E0; ctor_publish=inline	registrar=0x56E484; ctor_publish=0x56E52C	registrar=0x1000F08BC; ctor_publish=0x1000F099C	registrar=0xECADA; ctor_publish=0xECB94	EVIDENCED_4_4	IMPLEMENTED	analysis/motionplayer_geometry_default_constructors_four_binary_2026-08-26.md	SURFACE_AND_BODY_CLOSED	
LOCAL-NCB-MOTIONPLAYER_DLL-CIRCLE-PROPERTY_RO-TYPE	motionplayer.dll	Circle	2	property_ro	type	NCB_PROPERTY_RO(type, getType)	cpp/plugins/motionplayer/main.cpp:143	RO_PROPERTY	registrar=0x68E6E0; callback=0x68E628	registrar=0x56E484; callback=0x56E3FA	registrar=0x1000F08BC; callback=0x1000F08A4	registrar=0xECADA; callback=0xECABE	EVIDENCED_4_4	IMPLEMENTED	analysis/motionplayer_geometry_scalar_getters_four_binary_2026-08-26.md	SURFACE_AND_BODY_CLOSED	
LOCAL-NCB-MOTIONPLAYER_DLL-CIRCLE-METHOD-CONTAINS	motionplayer.dll	Circle	3	method	contains	NCB_METHOD(contains)	cpp/plugins/motionplayer/main.cpp:144	METHOD	registrar=0x68E6E0; callback=0x68E1D0	registrar=0x56E484; callback=0x56E1B0	registrar=0x1000F08BC; callback=0x1000F0670	registrar=0xECADA; callback=0xEC8D0	EVIDENCED_4_4	IMPLEMENTED	analysis/motionplayer_geometry_contains_boundary_four_binary_2026-08-26.md	SURFACE_AND_BODY_CLOSED	
LOCAL-NCB-MOTIONPLAYER_DLL-CIRCLE-PROPERTY_RO-X	motionplayer.dll	Circle	4	property_ro	x	NCB_PROPERTY_RO(x, getX)	cpp/plugins/motionplayer/main.cpp:145	RO_PROPERTY	registrar=0x68E6E0; callback=0x68E630	registrar=0x56E484; callback=0x56E3FE	registrar=0x1000F08BC; callback=0x1000F08AC	registrar=0xECADA; callback=0xECAC2	EVIDENCED_4_4	IMPLEMENTED	analysis/motionplayer_geometry_scalar_getters_four_binary_2026-08-26.md	SURFACE_AND_BODY_CLOSED	
LOCAL-NCB-MOTIONPLAYER_DLL-CIRCLE-PROPERTY_RO-Y	motionplayer.dll	Circle	5	property_ro	y	NCB_PROPERTY_RO(y, getY)	cpp/plugins/motionplayer/main.cpp:146	RO_PROPERTY	registrar=0x68E6E0; callback=0x68E638	registrar=0x56E484; callback=0x56E408	registrar=0x1000F08BC; callback=0x1000F08B4	registrar=0xECADA; callback=0xECACC	EVIDENCED_4_4	IMPLEMENTED	analysis/motionplayer_geometry_scalar_getters_four_binary_2026-08-26.md	SURFACE_AND_BODY_CLOSED	
LOCAL-NCB-MOTIONPLAYER_DLL-CIRCLE-PROPERTY_RO-R	motionplayer.dll	Circle	6	property_ro	r	NCB_PROPERTY_RO(r, getR)	cpp/plugins/motionplayer/main.cpp:147	RO_PROPERTY	registrar=0x68E6E0; callback=0x68E9DC	registrar=0x56E484; callback=0x56E552	registrar=0x1000F08BC; callback=0x1000F09EC	registrar=0xECADA; callback=0xECBBA	EVIDENCED_4_4	IMPLEMENTED	analysis/motionplayer_geometry_scalar_getters_four_binary_2026-08-26.md	SURFACE_AND_BODY_CLOSED	
LOCAL-NCB-MOTIONPLAYER_DLL-RECT-CONSTRUCTOR-CONSTRUCTOR	motionplayer.dll	Rect	1	constructor	<constructor>	NCB_CONSTRUCTOR(())	cpp/plugins/motionplayer/main.cpp:150	ZERO_ARG_CONSTRUCTOR	registrar=0x68EA84; ctor_publish=inline	registrar=0x56E5CC; ctor_publish=0x56E690	registrar=0x1000F09F4; ctor_publish=0x1000F0AFC	registrar=0xECBC8; ctor_publish=0xECCA4	EVIDENCED_4_4	IMPLEMENTED	analysis/motionplayer_geometry_default_constructors_four_binary_2026-08-26.md	SURFACE_AND_BODY_CLOSED	
LOCAL-NCB-MOTIONPLAYER_DLL-RECT-PROPERTY_RO-TYPE	motionplayer.dll	Rect	2	property_ro	type	NCB_PROPERTY_RO(type, getType)	cpp/plugins/motionplayer/main.cpp:151	RO_PROPERTY	registrar=0x68EA84; callback=0x68E628	registrar=0x56E5CC; callback=0x56E3FA	registrar=0x1000F09F4; callback=0x1000F08A4	registrar=0xECBC8; callback=0xECABE	EVIDENCED_4_4	IMPLEMENTED	analysis/motionplayer_geometry_scalar_getters_four_binary_2026-08-26.md	SURFACE_AND_BODY_CLOSED	
LOCAL-NCB-MOTIONPLAYER_DLL-RECT-METHOD-CONTAINS	motionplayer.dll	Rect	3	method	contains	NCB_METHOD(contains)	cpp/plugins/motionplayer/main.cpp:152	METHOD	registrar=0x68EA84; callback=0x68E1D0	registrar=0x56E5CC; callback=0x56E1B0	registrar=0x1000F09F4; callback=0x1000F0670	registrar=0xECBC8; callback=0xEC8D0	EVIDENCED_4_4	IMPLEMENTED	analysis/motionplayer_geometry_contains_boundary_four_binary_2026-08-26.md	SURFACE_AND_BODY_CLOSED	
LOCAL-NCB-MOTIONPLAYER_DLL-RECT-PROPERTY_RO-L	motionplayer.dll	Rect	4	property_ro	l	NCB_PROPERTY_RO(l, getL)	cpp/plugins/motionplayer/main.cpp:153	RO_PROPERTY	registrar=0x68EA84; callback=0x68EDE0	registrar=0x56E5CC; callback=0x56E6B6	registrar=0x1000F09F4; callback=0x1000F0B4C	registrar=0xECBC8; callback=0xECCCA	EVIDENCED_4_4	IMPLEMENTED	analysis/motionplayer_geometry_scalar_getters_four_binary_2026-08-26.md	SURFACE_AND_BODY_CLOSED	
LOCAL-NCB-MOTIONPLAYER_DLL-RECT-PROPERTY_RO-T	motionplayer.dll	Rect	5	property_ro	t	NCB_PROPERTY_RO(t, getT)	cpp/plugins/motionplayer/main.cpp:154	RO_PROPERTY	registrar=0x68EA84; callback=0x68EDE8	registrar=0x56E5CC; callback=0x56E6C0	registrar=0x1000F09F4; callback=0x1000F0B54	registrar=0xECBC8; callback=0xECCD4	EVIDENCED_4_4	IMPLEMENTED	analysis/motionplayer_geometry_scalar_getters_four_binary_2026-08-26.md	SURFACE_AND_BODY_CLOSED	
LOCAL-NCB-MOTIONPLAYER_DLL-RECT-PROPERTY_RO-W	motionplayer.dll	Rect	6	property_ro	w	NCB_PROPERTY_RO(w, getW)	cpp/plugins/motionplayer/main.cpp:155	RO_PROPERTY	registrar=0x68EA84; callback=0x68EDF0	registrar=0x56E5CC; callback=0x56E6CA	registrar=0x1000F09F4; callback=0x1000F0B5C	registrar=0xECBC8; callback=0xECCDE	EVIDENCED_4_4	IMPLEMENTED	analysis/motionplayer_geometry_scalar_getters_four_binary_2026-08-26.md	SURFACE_AND_BODY_CLOSED	
LOCAL-NCB-MOTIONPLAYER_DLL-RECT-PROPERTY_RO-H	motionplayer.dll	Rect	7	property_ro	h	NCB_PROPERTY_RO(h, getH)	cpp/plugins/motionplayer/main.cpp:156	RO_PROPERTY	registrar=0x68EA84; callback=0x68EE00	registrar=0x56E5CC; callback=0x56E6DC	registrar=0x1000F09F4; callback=0x1000F0B6C	registrar=0xECBC8; callback=0xECCF0	EVIDENCED_4_4	IMPLEMENTED	analysis/motionplayer_geometry_scalar_getters_four_binary_2026-08-26.md	SURFACE_AND_BODY_CLOSED	
LOCAL-NCB-MOTIONPLAYER_DLL-QUAD-CONSTRUCTOR-CONSTRUCTOR	motionplayer.dll	Quad	1	constructor	<constructor>	NCB_CONSTRUCTOR(())	cpp/plugins/motionplayer/main.cpp:159	ZERO_ARG_CONSTRUCTOR	registrar=0x68EEB0; ctor_publish=inline	registrar=0x56E760; ctor_publish=0x56E7D0	registrar=0x1000F0B7C; ctor_publish=0x1000F0C0C	registrar=0xECD06; ctor_publish=0xECD7C	EVIDENCED_4_4	IMPLEMENTED	analysis/motionplayer_geometry_default_constructors_four_binary_2026-08-26.md	SURFACE_AND_BODY_CLOSED	
LOCAL-NCB-MOTIONPLAYER_DLL-QUAD-PROPERTY_RO-TYPE	motionplayer.dll	Quad	2	property_ro	type	NCB_PROPERTY_RO(type, getType)	cpp/plugins/motionplayer/main.cpp:160	RO_PROPERTY	registrar=0x68EEB0; callback=0x68E628	registrar=0x56E760; callback=0x56E3FA	registrar=0x1000F0B7C; callback=0x1000F08A4	registrar=0xECD06; callback=0xECABE	EVIDENCED_4_4	IMPLEMENTED	analysis/motionplayer_geometry_scalar_getters_four_binary_2026-08-26.md	SURFACE_AND_BODY_CLOSED	
LOCAL-NCB-MOTIONPLAYER_DLL-QUAD-METHOD-CONTAINS	motionplayer.dll	Quad	3	method	contains	NCB_METHOD(contains)	cpp/plugins/motionplayer/main.cpp:161	METHOD	registrar=0x68EEB0; callback=0x68E1D0	registrar=0x56E760; callback=0x56E1B0	registrar=0x1000F0B7C; callback=0x1000F0670	registrar=0xECD06; callback=0xEC8D0	EVIDENCED_4_4	IMPLEMENTED	analysis/motionplayer_geometry_contains_boundary_four_binary_2026-08-26.md	SURFACE_AND_BODY_CLOSED	
LOCAL-NCB-MOTIONPLAYER_DLL-QUAD-PROPERTY_RO-P	motionplayer.dll	Quad	4	property_ro	p	NCB_PROPERTY_RO(p, getP)	cpp/plugins/motionplayer/main.cpp:162	RO_PROPERTY	registrar=0x68EEB0; callback=0x68F0D4	registrar=0x56E760; callback=0x56E7F8	registrar=0x1000F0B7C; callback=0x1000F0C5C	registrar=0xECD06; callback=0xECDA4	EVIDENCED_4_4	IMPLEMENTED	analysis/motionplayer_layergetter_quad_exception_frontiers_four_binary_2026-08-27.md	SURFACE_AND_BODY_CLOSED	
LOCAL-NCB-MOTIONPLAYER_DLL-LAYERGETTER-CONSTRUCTOR-CONSTRUCTOR	motionplayer.dll	LayerGetter	1	constructor	<constructor>	NCB_CONSTRUCTOR(())	cpp/plugins/motionplayer/main.cpp:170	ZERO_ARG_CONSTRUCTOR	registrar=0x698730; dispatch=0x6DFFAC; attach=0x6E0080	registrar=0x574628; dispatch=0x5A0BBC; attach=0x5A0C4C	registrar=0x1000F81AC; dispatch=0x100131274; attach=0x100131314	registrar=0xF4FF8; dispatch=0x13016C; attach=0x1301D8	EVIDENCED_4_4	CONSTRUCTOR_EVIDENCED_4_4	analysis/motionplayer_layergetter_ncb_surface_and_constructor_four_binary_2026-08-26.md	SURFACE_MAPPED_BODY_SEPARATE_OR_PENDING	
LOCAL-NCB-MOTIONPLAYER_DLL-LAYERGETTER-PROPERTY_RO-TYPE	motionplayer.dll	LayerGetter	2	property_ro	type	NCB_PROPERTY_RO(type, getType)	cpp/plugins/motionplayer/main.cpp:171	RO_PROPERTY	registrar=0x698730; callback=0x6993F4	registrar=0x574628; callback=0x5749DE	registrar=0x1000F81AC; callback=0x1000F86AC	registrar=0xF4FF8; callback=0xF5408	EVIDENCED_4_4	IMPLEMENTED	analysis/motionplayer_layergetter_scalar_string_getters_four_binary_2026-08-26.md	SURFACE_AND_BODY_CLOSED	
LOCAL-NCB-MOTIONPLAYER_DLL-LAYERGETTER-PROPERTY_RO-LABEL	motionplayer.dll	LayerGetter	3	property_ro	label	NCB_PROPERTY_RO(label, getLabel)	cpp/plugins/motionplayer/main.cpp:172	RO_PROPERTY	registrar=0x698730; callback=0x699400	registrar=0x574628; callback=0x5749E4	registrar=0x1000F81AC; callback=0x1000F86B8	registrar=0xF4FF8; callback=0xF540E	EVIDENCED_4_4	IMPLEMENTED	analysis/motionplayer_layergetter_scalar_string_getters_four_binary_2026-08-26.md	SURFACE_AND_BODY_CLOSED	
LOCAL-NCB-MOTIONPLAYER_DLL-LAYERGETTER-PROPERTY_RO-SRC	motionplayer.dll	LayerGetter	4	property_ro	src	NCB_PROPERTY_RO(src, getSrc)	cpp/plugins/motionplayer/main.cpp:173	RO_PROPERTY	registrar=0x698730; callback=0x699424	registrar=0x574628; callback=0x574A04	registrar=0x1000F81AC; callback=0x1000F86DC	registrar=0xF4FF8; callback=0xF542E	EVIDENCED_4_4	IMPLEMENTED	analysis/motionplayer_layergetter_scalar_string_getters_four_binary_2026-08-26.md	SURFACE_AND_BODY_CLOSED	
LOCAL-NCB-MOTIONPLAYER_DLL-LAYERGETTER-PROPERTY_RO-VISIBLE	motionplayer.dll	LayerGetter	5	property_ro	visible	NCB_PROPERTY_RO(visible, getVisible)	cpp/plugins/motionplayer/main.cpp:174	RO_PROPERTY	registrar=0x698730; callback=0x69945C	registrar=0x574628; callback=0x574A32	registrar=0x1000F81AC; callback=0x1000F8710	registrar=0xF4FF8; callback=0xF545C	EVIDENCED_4_4	IMPLEMENTED	analysis/motionplayer_layergetter_scalar_string_getters_four_binary_2026-08-26.md	SURFACE_AND_BODY_CLOSED	
LOCAL-NCB-MOTIONPLAYER_DLL-LAYERGETTER-PROPERTY_RO-BRANCHVISIBLE	motionplayer.dll	LayerGetter	6	property_ro	branchVisible	NCB_PROPERTY_RO(branchVisible, getBranchVisible)	cpp/plugins/motionplayer/main.cpp:175	RO_PROPERTY	registrar=0x698730; callback=0x699468	registrar=0x574628; callback=0x574A3A	registrar=0x1000F81AC; callback=0x1000F871C	registrar=0xF4FF8; callback=0xF5464	EVIDENCED_4_4	IMPLEMENTED	analysis/motionplayer_layergetter_scalar_string_getters_four_binary_2026-08-26.md	SURFACE_AND_BODY_CLOSED	
LOCAL-NCB-MOTIONPLAYER_DLL-LAYERGETTER-PROPERTY_RO-LAYERVISIBLE	motionplayer.dll	LayerGetter	7	property_ro	layerVisible	NCB_PROPERTY_RO(layerVisible, getLayerVisible)	cpp/plugins/motionplayer/main.cpp:176	RO_PROPERTY	registrar=0x698730; callback=0x699474	registrar=0x574628; callback=0x574A42	registrar=0x1000F81AC; callback=0x1000F8728	registrar=0xF4FF8; callback=0xF546C	EVIDENCED_4_4	IMPLEMENTED	analysis/motionplayer_layergetter_scalar_string_getters_four_binary_2026-08-26.md	SURFACE_AND_BODY_CLOSED	
LOCAL-NCB-MOTIONPLAYER_DLL-LAYERGETTER-PROPERTY_RO-X	motionplayer.dll	LayerGetter	8	property_ro	x	NCB_PROPERTY_RO(x, getX)	cpp/plugins/motionplayer/main.cpp:177	RO_PROPERTY	registrar=0x698730; callback=0x699498	registrar=0x574628; callback=0x574A5A	registrar=0x1000F81AC; callback=0x1000F874C	registrar=0xF4FF8; callback=0xF5484	EVIDENCED_4_4	IMPLEMENTED	analysis/motionplayer_layergetter_scalar_string_getters_four_binary_2026-08-26.md	SURFACE_AND_BODY_CLOSED	
LOCAL-NCB-MOTIONPLAYER_DLL-LAYERGETTER-PROPERTY_RO-Y	motionplayer.dll	LayerGetter	9	property_ro	y	NCB_PROPERTY_RO(y, getY)	cpp/plugins/motionplayer/main.cpp:178	RO_PROPERTY	registrar=0x698730; callback=0x6994A4	registrar=0x574628; callback=0x574A6A	registrar=0x1000F81AC; callback=0x1000F8758	registrar=0xF4FF8; callback=0xF5494	EVIDENCED_4_4	IMPLEMENTED	analysis/motionplayer_layergetter_scalar_string_getters_four_binary_2026-08-26.md	SURFACE_AND_BODY_CLOSED	
LOCAL-NCB-MOTIONPLAYER_DLL-LAYERGETTER-PROPERTY_RO-LEFT	motionplayer.dll	LayerGetter	10	property_ro	left	NCB_PROPERTY_RO(left, getLeft)	cpp/plugins/motionplayer/main.cpp:179	RO_PROPERTY	registrar=0x698730; callback=0x699498	registrar=0x574628; callback=0x574A5A	registrar=0x1000F81AC; callback=0x1000F874C	registrar=0xF4FF8; callback=0xF5484	EVIDENCED_4_4	IMPLEMENTED	analysis/motionplayer_layergetter_scalar_string_getters_four_binary_2026-08-26.md	SURFACE_AND_BODY_CLOSED	
LOCAL-NCB-MOTIONPLAYER_DLL-LAYERGETTER-PROPERTY_RO-TOP	motionplayer.dll	LayerGetter	11	property_ro	top	NCB_PROPERTY_RO(top, getTop)	cpp/plugins/motionplayer/main.cpp:180	RO_PROPERTY	registrar=0x698730; callback=0x6994A4	registrar=0x574628; callback=0x574A6A	registrar=0x1000F81AC; callback=0x1000F8758	registrar=0xF4FF8; callback=0xF5494	EVIDENCED_4_4	IMPLEMENTED	analysis/motionplayer_layergetter_scalar_string_getters_four_binary_2026-08-26.md	SURFACE_AND_BODY_CLOSED	
LOCAL-NCB-MOTIONPLAYER_DLL-LAYERGETTER-PROPERTY_RO-COORD	motionplayer.dll	LayerGetter	12	property_ro	coord	NCB_PROPERTY_RO(coord, getCoord)	cpp/plugins/motionplayer/main.cpp:181	RO_PROPERTY	registrar=0x698730; callback=0x6994B0	registrar=0x574628; callback=0x574A7C	registrar=0x1000F81AC; callback=0x1000F8764	registrar=0xF4FF8; callback=0xF54A4	EVIDENCED_4_4	IMPLEMENTED	analysis/motionplayer_layergetter_quad_exception_frontiers_four_binary_2026-08-27.md	SURFACE_AND_BODY_CLOSED	
LOCAL-NCB-MOTIONPLAYER_DLL-LAYERGETTER-PROPERTY_RO-FLIPX	motionplayer.dll	LayerGetter	13	property_ro	flipX	NCB_PROPERTY_RO(flipX, getFlipX)	cpp/plugins/motionplayer/main.cpp:182	RO_PROPERTY	registrar=0x698730; callback=0x69961C	registrar=0x574628; callback=0x574AF4	registrar=0x1000F81AC; callback=0x1000F87EC	registrar=0xF4FF8; callback=0xF5588	EVIDENCED_4_4	IMPLEMENTED	analysis/motionplayer_layergetter_scalar_string_getters_four_binary_2026-08-26.md	SURFACE_AND_BODY_CLOSED	
LOCAL-NCB-MOTIONPLAYER_DLL-LAYERGETTER-PROPERTY_RO-FLIPY	motionplayer.dll	LayerGetter	14	property_ro	flipY	NCB_PROPERTY_RO(flipY, getFlipY)	cpp/plugins/motionplayer/main.cpp:183	RO_PROPERTY	registrar=0x698730; callback=0x699628	registrar=0x574628; callback=0x574AFC	registrar=0x1000F81AC; callback=0x1000F87F8	registrar=0xF4FF8; callback=0xF5590	EVIDENCED_4_4	IMPLEMENTED	analysis/motionplayer_layergetter_scalar_string_getters_four_binary_2026-08-26.md	SURFACE_AND_BODY_CLOSED	
LOCAL-NCB-MOTIONPLAYER_DLL-LAYERGETTER-PROPERTY_RO-ZOOMX	motionplayer.dll	LayerGetter	15	property_ro	zoomX	NCB_PROPERTY_RO(zoomX, getZoomX)	cpp/plugins/motionplayer/main.cpp:184	RO_PROPERTY	registrar=0x698730; callback=0x699634	registrar=0x574628; callback=0x574B04	registrar=0x1000F81AC; callback=0x1000F8804	registrar=0xF4FF8; callback=0xF5598	EVIDENCED_4_4	IMPLEMENTED	analysis/motionplayer_layergetter_scalar_string_getters_four_binary_2026-08-26.md	SURFACE_AND_BODY_CLOSED	
LOCAL-NCB-MOTIONPLAYER_DLL-LAYERGETTER-PROPERTY_RO-ZOOMY	motionplayer.dll	LayerGetter	16	property_ro	zoomY	NCB_PROPERTY_RO(zoomY, getZoomY)	cpp/plugins/motionplayer/main.cpp:185	RO_PROPERTY	registrar=0x698730; callback=0x699640	registrar=0x574628; callback=0x574B14	registrar=0x1000F81AC; callback=0x1000F8810	registrar=0xF4FF8; callback=0xF55A8	EVIDENCED_4_4	IMPLEMENTED	analysis/motionplayer_layergetter_scalar_string_getters_four_binary_2026-08-26.md	SURFACE_AND_BODY_CLOSED	
LOCAL-NCB-MOTIONPLAYER_DLL-LAYERGETTER-PROPERTY_RO-ANGLEDEG	motionplayer.dll	LayerGetter	17	property_ro	angleDeg	NCB_PROPERTY_RO(angleDeg, getAngleDeg)	cpp/plugins/motionplayer/main.cpp:186	RO_PROPERTY	registrar=0x698730; callback=0x69964C	registrar=0x574628; callback=0x574B24	registrar=0x1000F81AC; callback=0x1000F881C	registrar=0xF4FF8; callback=0xF55B8	EVIDENCED_4_4	IMPLEMENTED	analysis/motionplayer_layergetter_scalar_string_getters_four_binary_2026-08-26.md	SURFACE_AND_BODY_CLOSED	
LOCAL-NCB-MOTIONPLAYER_DLL-LAYERGETTER-PROPERTY_RO-ANGLERAD	motionplayer.dll	LayerGetter	18	property_ro	angleRad	NCB_PROPERTY_RO(angleRad, getAngleRad)	cpp/plugins/motionplayer/main.cpp:187	RO_PROPERTY	registrar=0x698730; callback=0x699658	registrar=0x574628; callback=0x574B38	registrar=0x1000F81AC; callback=0x1000F8828	registrar=0xF4FF8; callback=0xF55C8	EVIDENCED_4_4	IMPLEMENTED	analysis/motionplayer_layergetter_scalar_string_getters_four_binary_2026-08-26.md	SURFACE_AND_BODY_CLOSED	
LOCAL-NCB-MOTIONPLAYER_DLL-LAYERGETTER-PROPERTY_RO-SLANTX	motionplayer.dll	LayerGetter	19	property_ro	slantX	NCB_PROPERTY_RO(slantX, getSlantX)	cpp/plugins/motionplayer/main.cpp:188	RO_PROPERTY	registrar=0x698730; callback=0x699680	registrar=0x574628; callback=0x574B70	registrar=0x1000F81AC; callback=0x1000F8850	registrar=0xF4FF8; callback=0xF55FC	EVIDENCED_4_4	IMPLEMENTED	analysis/motionplayer_layergetter_scalar_string_getters_four_binary_2026-08-26.md	SURFACE_AND_BODY_CLOSED	
LOCAL-NCB-MOTIONPLAYER_DLL-LAYERGETTER-PROPERTY_RO-SLANTY	motionplayer.dll	LayerGetter	20	property_ro	slantY	NCB_PROPERTY_RO(slantY, getSlantY)	cpp/plugins/motionplayer/main.cpp:189	RO_PROPERTY	registrar=0x698730; callback=0x69968C	registrar=0x574628; callback=0x574B80	registrar=0x1000F81AC; callback=0x1000F885C	registrar=0xF4FF8; callback=0xF560C	EVIDENCED_4_4	IMPLEMENTED	analysis/motionplayer_layergetter_scalar_string_getters_four_binary_2026-08-26.md	SURFACE_AND_BODY_CLOSED	
LOCAL-NCB-MOTIONPLAYER_DLL-LAYERGETTER-PROPERTY_RO-ORIGINX	motionplayer.dll	LayerGetter	21	property_ro	originX	NCB_PROPERTY_RO(originX, getOriginX)	cpp/plugins/motionplayer/main.cpp:190	RO_PROPERTY	registrar=0x698730; callback=0x699698	registrar=0x574628; callback=0x574B90	registrar=0x1000F81AC; callback=0x1000F8868	registrar=0xF4FF8; callback=0xF561C	EVIDENCED_4_4	IMPLEMENTED	analysis/motionplayer_layergetter_scalar_string_getters_four_binary_2026-08-26.md	SURFACE_AND_BODY_CLOSED	
LOCAL-NCB-MOTIONPLAYER_DLL-LAYERGETTER-PROPERTY_RO-ORIGINY	motionplayer.dll	LayerGetter	22	property_ro	originY	NCB_PROPERTY_RO(originY, getOriginY)	cpp/plugins/motionplayer/main.cpp:191	RO_PROPERTY	registrar=0x698730; callback=0x6996B4	registrar=0x574628; callback=0x574BA8	registrar=0x1000F81AC; callback=0x1000F8880	registrar=0xF4FF8; callback=0xF5634	EVIDENCED_4_4	IMPLEMENTED	analysis/motionplayer_layergetter_scalar_string_getters_four_binary_2026-08-26.md	SURFACE_AND_BODY_CLOSED	
LOCAL-NCB-MOTIONPLAYER_DLL-LAYERGETTER-PROPERTY_RO-OPACITY	motionplayer.dll	LayerGetter	23	property_ro	opacity	NCB_PROPERTY_RO(opacity, getOpacity)	cpp/plugins/motionplayer/main.cpp:192	RO_PROPERTY	registrar=0x698730; callback=0x6996D0	registrar=0x574628; callback=0x574BC0	registrar=0x1000F81AC; callback=0x1000F8898	registrar=0xF4FF8; callback=0xF564C	EVIDENCED_4_4	IMPLEMENTED	analysis/motionplayer_layergetter_scalar_string_getters_four_binary_2026-08-26.md	SURFACE_AND_BODY_CLOSED	
LOCAL-NCB-MOTIONPLAYER_DLL-LAYERGETTER-PROPERTY_RO-MTX	motionplayer.dll	LayerGetter	24	property_ro	mtx	NCB_PROPERTY_RO(mtx, getMtx)	cpp/plugins/motionplayer/main.cpp:193	RO_PROPERTY	registrar=0x698730; callback=0x6996DC	registrar=0x574628; callback=0x574BC8	registrar=0x1000F81AC; callback=0x1000F88A4	registrar=0xF4FF8; callback=0xF5654	EVIDENCED_4_4	IMPLEMENTED	analysis/motionplayer_layergetter_quad_exception_frontiers_four_binary_2026-08-27.md	SURFACE_AND_BODY_CLOSED	
LOCAL-NCB-MOTIONPLAYER_DLL-LAYERGETTER-PROPERTY_RO-VTX	motionplayer.dll	LayerGetter	25	property_ro	vtx	NCB_PROPERTY_RO(vtx, getVtx)	cpp/plugins/motionplayer/main.cpp:194	RO_PROPERTY	registrar=0x698730; callback=0x699894	registrar=0x574628; callback=0x574C44	registrar=0x1000F81AC; callback=0x1000F893C	registrar=0xF4FF8; callback=0xF5744	EVIDENCED_4_4	IMPLEMENTED	analysis/motionplayer_layergetter_quad_exception_frontiers_four_binary_2026-08-27.md	SURFACE_AND_BODY_CLOSED	
LOCAL-NCB-MOTIONPLAYER_DLL-LAYERGETTER-PROPERTY_RO-COLOR	motionplayer.dll	LayerGetter	26	property_ro	color	NCB_PROPERTY_RO(color, getColor)	cpp/plugins/motionplayer/main.cpp:195	RO_PROPERTY	registrar=0x698730; callback=0x699A88	registrar=0x574628; callback=0x574D64	registrar=0x1000F81AC; callback=0x1000F8AB8	registrar=0xF4FF8; callback=0xF58FC	EVIDENCED_4_4	IMPLEMENTED	analysis/motionplayer_layergetter_quad_exception_frontiers_four_binary_2026-08-27.md	SURFACE_AND_BODY_CLOSED	
LOCAL-NCB-MOTIONPLAYER_DLL-LAYERGETTER-PROPERTY_RO-BEZIERPATCH	motionplayer.dll	LayerGetter	27	property_ro	bezierPatch	NCB_PROPERTY_RO(bezierPatch, getBezierPatch)	cpp/plugins/motionplayer/main.cpp:196	RO_PROPERTY	registrar=0x698730; callback=0x699D90	registrar=0x574628; callback=0x574E80	registrar=0x1000F81AC; callback=0x1000F8B80	registrar=0xF4FF8; callback=0xF5A14	EVIDENCED_4_4	IMPLEMENTED	analysis/motionplayer_layergetter_quad_exception_frontiers_four_binary_2026-08-27.md	SURFACE_AND_BODY_CLOSED	
LOCAL-NCB-MOTIONPLAYER_DLL-LAYERGETTER-PROPERTY_RO-SHAPE	motionplayer.dll	LayerGetter	28	property_ro	shape	NCB_PROPERTY_RO(shape, getShape)	cpp/plugins/motionplayer/main.cpp:197	RO_PROPERTY	registrar=0x698730; callback=0x699F28	registrar=0x574628; callback=0x574F34	registrar=0x1000F81AC; callback=0x1000F8C60	registrar=0xF4FF8; callback=0xF5B38	EVIDENCED_4_4	IMPLEMENTED	analysis/motionplayer_layergetter_quad_exception_frontiers_four_binary_2026-08-27.md	SURFACE_AND_BODY_CLOSED	
LOCAL-NCB-MOTIONPLAYER_DLL-LAYERGETTER-PROPERTY_RO-MOTION	motionplayer.dll	LayerGetter	29	property_ro	motion	NCB_PROPERTY_RO(motion, getMotion)	cpp/plugins/motionplayer/main.cpp:198	RO_PROPERTY	registrar=0x698730; callback=0x699FB0	registrar=0x574628; callback=0x574F7E	registrar=0x1000F81AC; callback=0x1000F8CE8	registrar=0xF4FF8; callback=0xF5C0C	EVIDENCED_4_4	IMPLEMENTED	analysis/motionplayer_layergetter_shape_motion_particle_lifetime_four_binary_2026-08-26.md	SURFACE_AND_BODY_CLOSED	
LOCAL-NCB-MOTIONPLAYER_DLL-LAYERGETTER-PROPERTY_RO-PARTICLE	motionplayer.dll	LayerGetter	30	property_ro	particle	NCB_PROPERTY_RO(particle, getParticle)	cpp/plugins/motionplayer/main.cpp:199	RO_PROPERTY	registrar=0x698730; callback=0x699FD4	registrar=0x574628; callback=0x574F9A	registrar=0x1000F81AC; callback=0x1000F8D0C	registrar=0xF4FF8; callback=0xF5C28	EVIDENCED_4_4	IMPLEMENTED	analysis/motionplayer_layergetter_shape_motion_particle_lifetime_four_binary_2026-08-26.md	SURFACE_AND_BODY_CLOSED	
LOCAL-NCB-MOTIONPLAYER_DLL-SEPARATELAYERADAPTOR-CONSTRUCTOR-CONSTRUCTOR	motionplayer.dll	SeparateLayerAdaptor	1	constructor	<constructor>	NCB_CONSTRUCTOR((tTJSVariant))	cpp/plugins/motionplayer/main.cpp:220	TYPED_CONSTRUCTOR	registrar=0x6A9378; invoke=0x6EBECC; attach=0x6EBFA4; allocate=0x6EC0BC	registrar=0x57C5A8; invoke=0x5AA1C8; allocate_attach=0x5AA258	registrar=0x100103080; invoke=0x10013D3E8; allocate_attach=0x10013D48C	registrar=0x1004A6; invoke=0x13DE14; attach=0x13DE80; allocate=0x13DFC8	EVIDENCED_4_4	IMPLEMENTED	analysis/motionplayer_separate_layer_ncb_surface_four_binary_2026-08-27.md	SURFACE_AND_BODY_CLOSED	
LOCAL-NCB-MOTIONPLAYER_DLL-SEPARATELAYERADAPTOR-PROPERTY-ABSOLUTE	motionplayer.dll	SeparateLayerAdaptor	2	property	absolute	NCB_PROPERTY(absolute, getAbsolute, setAbsolute)	cpp/plugins/motionplayer/main.cpp:221	RW_PROPERTY	registrar=0x6A9378; callback=get=0x6A9638,set=0x6A9640	registrar=0x57C5A8; callback=get=0x57C67E,set=0x57C682	registrar=0x100103080; callback=get=0x100103188,set=0x100103190	registrar=0x1004A6; callback=get=0x100574,set=0x100578	EVIDENCED_4_4	IMPLEMENTED	analysis/motionplayer_separate_layer_ncb_surface_four_binary_2026-08-27.md	SURFACE_AND_BODY_CLOSED	
LOCAL-NCB-MOTIONPLAYER_DLL-SEPARATELAYERADAPTOR-PROPERTY-TARGETLAYER	motionplayer.dll	SeparateLayerAdaptor	3	property	targetLayer	NCB_PROPERTY(targetLayer, getTargetLayer, setTargetLayer)	cpp/plugins/motionplayer/main.cpp:222	RW_PROPERTY	registrar=0x6A9378; callback=get=0x6A9648,set=0x6A9654	registrar=0x57C5A8; callback=get=0x57C686,set=0x57C692	registrar=0x100103080; callback=get=0x100103198,set=0x1001031A4	registrar=0x1004A6; callback=get=0x10057C,set=0x100588	EVIDENCED_4_4	IMPLEMENTED	analysis/motionplayer_separate_layer_target_layer_property_four_binary_2026-08-27.md	SURFACE_AND_BODY_CLOSED	
LOCAL-NCB-MOTIONPLAYER_DLL-SEPARATELAYERADAPTOR-METHOD-CLEAR	motionplayer.dll	SeparateLayerAdaptor	4	method	clear	NCB_METHOD(clear)	cpp/plugins/motionplayer/main.cpp:223	METHOD	registrar=0x6A9378; callback=0x6A965C	registrar=0x57C5A8; callback=0x57C698	registrar=0x100103080; callback=0x1001031AC	registrar=0x1004A6; callback=0x100590	EVIDENCED_4_4	IMPLEMENTED	analysis/motionplayer_separate_layer_clear_destructor_four_binary_2026-08-27.md	SURFACE_AND_BODY_CLOSED	
LOCAL-NCB-MOTIONPLAYER_DLL-SEPARATELAYERADAPTOR-METHOD-ASSIGN	motionplayer.dll	SeparateLayerAdaptor	5	method	assign	NCB_METHOD(assign)	cpp/plugins/motionplayer/main.cpp:224	METHOD	registrar=0x6A9378; wrapper=0x6EC920; body=0x6A97F0	registrar=0x57C5A8; wrapper=0x5AAD1C; body=0x57C814	registrar=0x100103080; wrapper=0x10013E198; body=0x10010347C	registrar=0x1004A6; wrapper=0x13EED4; body=0x100874	EVIDENCED_4_4	IMPLEMENTED	analysis/motionplayer_separate_layer_assign_four_binary_2026-08-27.md	SURFACE_AND_BODY_CLOSED	
LOCAL-NCB-MOTIONPLAYER_DLL-D3DADAPTOR-FACTORY-FACTORY	motionplayer.dll	D3DAdaptor	1	factory	<factory>	Factory(&D3DAdaptor::factory)	cpp/plugins/motionplayer/main.cpp:239	FACTORY	wrapper=0x6FC6D8; setup=0x6FC848; registrar=0x6AA274; factory_publish=inline; callback=0x6AA8F8; native_ctor=0x6AAEF0	wrapper=0x599848; setup=0x5B74C8; registrar=0x57CC58; factory_publish=0x57CE94; callback=0x57CEBC; native_ctor=0x57D0AC	wrapper=0x100126244; setup=0x10014EDB4; registrar=0x1001039A4; factory_publish=0x100103BDC; callback=0x100103C30; native_ctor=0x100103FA8	wrapper=0x12526C; setup=0x150C70; registrar=0x100D94; factory_publish=0x100FAC; callback=0x100FD4; native_ctor=0x10128C	EVIDENCED_4_4	FACTORY_EVIDENCED_4_4	analysis/motionplayer_d3dadaptor_ncb_surface_four_binary_2026-08-27.md	SURFACE_MAPPED_BODY_SEPARATE_OR_PENDING	argc>=5; argv[0] must be a Window instance; argv[1..4] convert to tjs_int; surplus arguments ignored
LOCAL-NCB-MOTIONPLAYER_DLL-D3DADAPTOR-METHOD-SETPOS	motionplayer.dll	D3DAdaptor	2	method	setPos	NCB_METHOD(setPos)	cpp/plugins/motionplayer/main.cpp:240	METHOD	registrar=0x6AA274; callback=0x6AAB84	registrar=0x57CC58; callback=0x57CF64	registrar=0x1001039A4; callback=0x100103D3C	registrar=0x100D94; callback=0x101128	EVIDENCED_4_4	IMPLEMENTED	analysis/motionplayer_d3dadaptor_simple_state_map_clear_four_binary_2026-08-27.md	SURFACE_AND_BODY_CLOSED	four-platform no-op callback
LOCAL-NCB-MOTIONPLAYER_DLL-D3DADAPTOR-METHOD-SETSIZE	motionplayer.dll	D3DAdaptor	3	method	setSize	NCB_METHOD(setSize)	cpp/plugins/motionplayer/main.cpp:241	METHOD	registrar=0x6AA274; callback=0x6AAB88	registrar=0x57CC58; callback=0x57CF66	registrar=0x1001039A4; callback=0x100103D40	registrar=0x100D94; callback=0x10112A	EVIDENCED_4_4	IMPLEMENTED	analysis/motionplayer_d3dadaptor_simple_state_map_clear_four_binary_2026-08-27.md	SURFACE_AND_BODY_CLOSED	
LOCAL-NCB-MOTIONPLAYER_DLL-D3DADAPTOR-METHOD-SETCLEARCOLOR	motionplayer.dll	D3DAdaptor	4	method	setClearColor	NCB_METHOD(setClearColor)	cpp/plugins/motionplayer/main.cpp:242	METHOD	registrar=0x6AA274; callback=0x6AAB90	registrar=0x57CC58; callback=0x57CF6C	registrar=0x1001039A4; callback=0x100103D48	registrar=0x100D94; callback=0x101130	EVIDENCED_4_4	IMPLEMENTED	analysis/motionplayer_d3dadaptor_simple_state_map_clear_four_binary_2026-08-27.md	SURFACE_AND_BODY_CLOSED	
LOCAL-NCB-MOTIONPLAYER_DLL-D3DADAPTOR-METHOD-SETRESIZABLE	motionplayer.dll	D3DAdaptor	5	method	setResizable	NCB_METHOD(setResizable)	cpp/plugins/motionplayer/main.cpp:243	METHOD	registrar=0x6AA274; callback=0x6AAB98	registrar=0x57CC58; callback=0x57CF70	registrar=0x1001039A4; callback=0x100103D50	registrar=0x100D94; callback=0x101134	EVIDENCED_4_4	IMPLEMENTED	analysis/motionplayer_d3dadaptor_simple_state_map_clear_four_binary_2026-08-27.md	SURFACE_AND_BODY_CLOSED	
LOCAL-NCB-MOTIONPLAYER_DLL-D3DADAPTOR-METHOD-REMOVEALLTEXTURES	motionplayer.dll	D3DAdaptor	6	method	removeAllTextures	NCB_METHOD(removeAllTextures)	cpp/plugins/motionplayer/main.cpp:244	METHOD	registrar=0x6AA274; callback=0x6AAC98	registrar=0x57CC58; callback=0x57CF74	registrar=0x1001039A4; callback=0x100103D58	registrar=0x100D94; callback=0x101138	EVIDENCED_4_4	IMPLEMENTED	analysis/motionplayer_d3dadaptor_simple_state_map_clear_four_binary_2026-08-27.md	SURFACE_AND_BODY_CLOSED	
LOCAL-NCB-MOTIONPLAYER_DLL-D3DADAPTOR-METHOD-REMOVEALLBG	motionplayer.dll	D3DAdaptor	7	method	removeAllBg	NCB_METHOD(removeAllBg)	cpp/plugins/motionplayer/main.cpp:245	METHOD	registrar=0x6AA274; callback=0x6AACD0	registrar=0x57CC58; callback=0x57CF7A	registrar=0x1001039A4; callback=0x100103D88	registrar=0x100D94; callback=0x101154	EVIDENCED_4_4	IMPLEMENTED	analysis/motionplayer_d3dadaptor_simple_state_map_clear_four_binary_2026-08-27.md	SURFACE_AND_BODY_CLOSED	four-platform no-op callback
LOCAL-NCB-MOTIONPLAYER_DLL-D3DADAPTOR-METHOD-REMOVEALLCAPTION	motionplayer.dll	D3DAdaptor	8	method	removeAllCaption	NCB_METHOD(removeAllCaption)	cpp/plugins/motionplayer/main.cpp:246	METHOD	registrar=0x6AA274; callback=0x6AACD4	registrar=0x57CC58; callback=0x57CF7C	registrar=0x1001039A4; callback=0x100103D8C	registrar=0x100D94; callback=0x101156	EVIDENCED_4_4	IMPLEMENTED	analysis/motionplayer_d3dadaptor_simple_state_map_clear_four_binary_2026-08-27.md	SURFACE_AND_BODY_CLOSED	four-platform no-op callback
LOCAL-NCB-MOTIONPLAYER_DLL-D3DADAPTOR-METHOD-REGISTERBG	motionplayer.dll	D3DAdaptor	9	method	registerBg	NCB_METHOD(registerBg)	cpp/plugins/motionplayer/main.cpp:247	METHOD	registrar=0x6AA274; callback=0x6AACD8	registrar=0x57CC58; callback=0x57CF7E	registrar=0x1001039A4; callback=0x100103D90	registrar=0x100D94; callback=0x101158	EVIDENCED_4_4	IMPLEMENTED	analysis/motionplayer_d3dadaptor_simple_state_map_clear_four_binary_2026-08-27.md	SURFACE_AND_BODY_CLOSED	four-platform no-op callback
LOCAL-NCB-MOTIONPLAYER_DLL-D3DADAPTOR-METHOD-REGISTERCAPTION	motionplayer.dll	D3DAdaptor	10	method	registerCaption	NCB_METHOD(registerCaption)	cpp/plugins/motionplayer/main.cpp:248	METHOD	registrar=0x6AA274; callback=0x6AACDC	registrar=0x57CC58; callback=0x57CF80	registrar=0x1001039A4; callback=0x100103D94	registrar=0x100D94; callback=0x10115A	EVIDENCED_4_4	IMPLEMENTED	analysis/motionplayer_d3dadaptor_simple_state_map_clear_four_binary_2026-08-27.md	SURFACE_AND_BODY_CLOSED	four-platform no-op callback
LOCAL-NCB-MOTIONPLAYER_DLL-D3DADAPTOR-METHOD-UNLOADUNUSEDTEXTURES	motionplayer.dll	D3DAdaptor	11	method	unloadUnusedTextures	NCB_METHOD(unloadUnusedTextures)	cpp/plugins/motionplayer/main.cpp:249	METHOD	registrar=0x6AA274; callback=0x6AACE0	registrar=0x57CC58; callback=0x57CF82	registrar=0x1001039A4; callback=0x100103D98	registrar=0x100D94; callback=0x10115C	EVIDENCED_4_4	IMPLEMENTED	analysis/motionplayer_d3dadaptor_simple_state_map_clear_four_binary_2026-08-27.md	SURFACE_AND_BODY_CLOSED	four-platform no-op callback
LOCAL-NCB-MOTIONPLAYER_DLL-D3DADAPTOR-PROPERTY-VISIBLE	motionplayer.dll	D3DAdaptor	12	property	visible	NCB_PROPERTY(visible, getVisible, setVisible)	cpp/plugins/motionplayer/main.cpp:250	RW_PROPERTY	registrar=0x6AA274; callback=get=0x6AACE4,set=0x6AACEC	registrar=0x57CC58; callback=get=0x57CF84,set=0x57CF88	registrar=0x1001039A4; callback=get=0x100103D9C,set=0x100103DA4	registrar=0x100D94; callback=get=0x10115E,set=0x101162	EVIDENCED_4_4	IMPLEMENTED	analysis/motionplayer_d3dadaptor_simple_state_map_clear_four_binary_2026-08-27.md	SURFACE_AND_BODY_CLOSED	
LOCAL-NCB-MOTIONPLAYER_DLL-D3DADAPTOR-PROPERTY-ALPHAOPADD	motionplayer.dll	D3DAdaptor	13	property	alphaOpAdd	NCB_PROPERTY(alphaOpAdd, getAlphaOpAdd, setAlphaOpAdd)	cpp/plugins/motionplayer/main.cpp:251	RW_PROPERTY	registrar=0x6AA274; callback=get=0x6AACF8,set=0x6AAD00	registrar=0x57CC58; callback=get=0x57CF8C,set=0x57CF90	registrar=0x1001039A4; callback=get=0x100103DAC,set=0x100103DB4	registrar=0x100D94; callback=get=0x101166,set=0x10116A	EVIDENCED_4_4	IMPLEMENTED	analysis/motionplayer_d3dadaptor_simple_state_map_clear_four_binary_2026-08-27.md	SURFACE_AND_BODY_CLOSED	
LOCAL-NCB-MOTIONPLAYER_DLL-D3DADAPTOR-METHOD-CAPTURECANVAS	motionplayer.dll	D3DAdaptor	14	method	captureCanvas	NCB_METHOD(captureCanvas)	cpp/plugins/motionplayer/main.cpp:252	METHOD	registrar=0x6AA274; callback=0x6AAD0C	registrar=0x57CC58; callback=0x57CF94	registrar=0x1001039A4; callback=0x100103DBC	registrar=0x100D94; callback=0x10116E	EVIDENCED_4_4	IMPLEMENTED	analysis/motionplayer_d3dadaptor_capture_canvas_four_binary_2026-08-27.md	SURFACE_AND_BODY_CLOSED	
LOCAL-NCB-MOTIONPLAYER_DLL-D3DADAPTOR-PROPERTY-CANVASCAPTUREENABLED	motionplayer.dll	D3DAdaptor	15	property	canvasCaptureEnabled	NCB_PROPERTY(canvasCaptureEnabled, getCanvasCaptureEnabled, setCanvasCaptureEnabled)	cpp/plugins/motionplayer/main.cpp:253	RW_PROPERTY	registrar=0x6AA274; callback=get=0x6AAEC8,set=0x6AAED0	registrar=0x57CC58; callback=get=0x57D09C,set=0x57D0A0	registrar=0x1001039A4; callback=get=0x100103F88,set=0x100103F90	registrar=0x100D94; callback=get=0x10127C,set=0x101280	EVIDENCED_4_4	IMPLEMENTED	analysis/motionplayer_d3dadaptor_simple_state_map_clear_four_binary_2026-08-27.md	SURFACE_AND_BODY_CLOSED	
LOCAL-NCB-MOTIONPLAYER_DLL-D3DADAPTOR-PROPERTY-CLEARENABLED	motionplayer.dll	D3DAdaptor	16	property	clearEnabled	NCB_PROPERTY(clearEnabled, getClearEnabled, setClearEnabled)	cpp/plugins/motionplayer/main.cpp:254	RW_PROPERTY	registrar=0x6AA274; callback=get=0x6AAEDC,set=0x6AAEE4	registrar=0x57CC58; callback=get=0x57D0A4,set=0x57D0A8	registrar=0x1001039A4; callback=get=0x100103F98,set=0x100103FA0	registrar=0x100D94; callback=get=0x101284,set=0x101288	EVIDENCED_4_4	IMPLEMENTED	analysis/motionplayer_d3dadaptor_simple_state_map_clear_four_binary_2026-08-27.md	SURFACE_AND_BODY_CLOSED	
LOCAL-NCB-MOTIONPLAYER_DLL-PLAYER-CONSTRUCTOR-CONSTRUCTOR	motionplayer.dll	Player	1	constructor	<constructor>	NCB_CONSTRUCTOR((tTJSVariant))	cpp/plugins/motionplayer/main.cpp:284	TYPED_CONSTRUCTOR	publish=0x6D3E3C; dispatch=0x6F3FB0; attach=0x6F4088; ctor=0x6CC110	publish=0x598CFC; dispatch=0x5B0798; attach=0x5B0828; ctor=0x5935C4	publish=0x1001253E0; dispatch=0x100146384; attach=0x100146428; ctor=0x10011EC04	publish=0x124600; dispatch=0x1468E4; attach=0x146950; ctor=0x11D488	EVIDENCED_4_4	CONSTRUCTOR_EVIDENCED_4_4	analysis/motionplayer_player_ncb_surface_and_constructor_four_binary_2026-08-26.md	SURFACE_MAPPED_BODY_SEPARATE_OR_PENDING	one-tTJSVariant constructor plus Void-shell sentinel
LOCAL-NCB-MOTIONPLAYER_DLL-PLAYER-PROPERTY-DEFAULTSYNCACTIVE	motionplayer.dll	Player	2	property	defaultSyncActive	NCB_PROPERTY(defaultSyncActive, getDefaultSyncActive, setDefaultSyncActive)	cpp/plugins/motionplayer/main.cpp:290	STATIC_RW_PROPERTY	name=0x14D6316; publish=0x6D3EB4; callbacks=0x6D67D8|0x6D67E4	name=0xD85C24; publish=0x597F04; callbacks=0x598D24|0x598D30	name=0x10195C98C; publish=0x100124540; callbacks=0x100125430|0x10012543C	name=0x174ECF0; publish=0x123888; callbacks=0x124626|0x124634	EVIDENCED_4_4	OUT_OF_SCOPE_FOR_SURFACE_SLICE	analysis/motionplayer_player_ncb_surface_and_constructor_four_binary_2026-08-26.md	SURFACE_MAPPED_BODY_SEPARATE_OR_PENDING	
LOCAL-NCB-MOTIONPLAYER_DLL-PLAYER-PROPERTY-DEFAULTTRANSFORMORDER	motionplayer.dll	Player	3	property	defaultTransformOrder	NCB_PROPERTY(defaultTransformOrder, getDefaultTransformOrder, setDefaultTransformOrder)	cpp/plugins/motionplayer/main.cpp:292	STATIC_RW_PROPERTY	name=0x14D633A; publish=0x6D3F2C; callbacks=0x6ADD5C|0x6ADE94	name=0xD85C48; publish=0x597F1E; callbacks=0x57F4B8|0x57F54C	name=0x10195C9B0; publish=0x100124564; callbacks=0x100106564|0x1001066A8	name=0x174ED14; publish=0x1238AE; callbacks=0x103918|0x103A84	EVIDENCED_4_4	OUT_OF_SCOPE_FOR_SURFACE_SLICE	analysis/motionplayer_player_ncb_surface_and_constructor_four_binary_2026-08-26.md	SURFACE_MAPPED_BODY_SEPARATE_OR_PENDING	
LOCAL-NCB-MOTIONPLAYER_DLL-PLAYER-PROPERTY_RO-RESOURCEMANAGER	motionplayer.dll	Player	4	property_ro	resourceManager	NCB_PROPERTY_RO(resourceManager, getResourceManager)	cpp/plugins/motionplayer/main.cpp:294	RO_PROPERTY	name=0x14D6366; publish=0x6D3F98; callbacks=0x6D67F4	name=0xD85C74; publish=0x597F3A; callbacks=0x598D3C	name=0x10195C9DC; publish=0x10012458C; callbacks=0x100125448	name=0x174ED40; publish=0x1238D2; callbacks=0x124642	EVIDENCED_4_4	OUT_OF_SCOPE_FOR_SURFACE_SLICE	analysis/motionplayer_player_ncb_surface_and_constructor_four_binary_2026-08-26.md	SURFACE_MAPPED_BODY_SEPARATE_OR_PENDING	
LOCAL-NCB-MOTIONPLAYER_DLL-PLAYER-PROPERTY_RO-LASTTIME	motionplayer.dll	Player	5	property_ro	lastTime	NCB_PROPERTY_RO(lastTime, getLastTime)	cpp/plugins/motionplayer/main.cpp:295	RO_PROPERTY	name=0x14D3A60; publish=0x6D4004; callbacks=0x6D6800	name=0xD844A2; publish=0x597F54; callbacks=0x598D50	name=0x10195C822; publish=0x1001245B4; callbacks=0x100125454	name=0x174EB86; publish=0x1238F4; callbacks=0x124650	EVIDENCED_4_4	OUT_OF_SCOPE_FOR_SURFACE_SLICE	analysis/motionplayer_player_ncb_surface_and_constructor_four_binary_2026-08-26.md	SURFACE_MAPPED_BODY_SEPARATE_OR_PENDING	
LOCAL-NCB-MOTIONPLAYER_DLL-PLAYER-PROPERTY_RO-LOOPTIME	motionplayer.dll	Player	6	property_ro	loopTime	NCB_PROPERTY_RO(loopTime, getLoopTime)	cpp/plugins/motionplayer/main.cpp:296	RO_PROPERTY	name=0x14D3ED6; publish=0x6D4068; callbacks=0x6D6828	name=0xD8488C; publish=0x597F6E; callbacks=0x598D88	name=0x10195C810; publish=0x1001245DC; callbacks=0x10012547C	name=0x174EB74; publish=0x123916; callbacks=0x124684	EVIDENCED_4_4	OUT_OF_SCOPE_FOR_SURFACE_SLICE	analysis/motionplayer_player_ncb_surface_and_constructor_four_binary_2026-08-26.md	SURFACE_MAPPED_BODY_SEPARATE_OR_PENDING	
LOCAL-NCB-MOTIONPLAYER_DLL-PLAYER-PROPERTY_RO-VARIABLEKEYS	motionplayer.dll	Player	7	property_ro	variableKeys	NCB_PROPERTY_RO(variableKeys, getVariableKeys)	cpp/plugins/motionplayer/main.cpp:297	RO_PROPERTY	name=0x14D4056; publish=0x6D40CC; callbacks=0x6CE77C	name=0xD849FC; publish=0x597F88; callbacks=0x5948D0	name=0x10195C9FC; publish=0x100124604; callbacks=0x1001200B4	name=0x174ED60; publish=0x123938; callbacks=0x11EDC0	EVIDENCED_4_4	IMPLEMENTED	analysis/motionplayer_tjs_array_dictionary_exception_frontiers_four_binary_2026-08-27.md	SURFACE_AND_BODY_CLOSED	
LOCAL-NCB-MOTIONPLAYER_DLL-PLAYER-PROPERTY-CHARA	motionplayer.dll	Player	8	property	chara	NCB_PROPERTY(chara, getChara, setChara)	cpp/plugins/motionplayer/main.cpp:298	RW_PROPERTY	name=0x14D3DB4; publish=0x6D414C; callbacks=0x6BE27C|0x6D6850	name=0xD8474E; publish=0x597FA6; callbacks=0x598DC0|0x58A484	name=0x10195C1C0; publish=0x100124630; callbacks=0x1001254A4|0x1001138D8	name=0x174E524; publish=0x123962; callbacks=0x1246B8|0x1112E4	EVIDENCED_4_4	OUT_OF_SCOPE_FOR_SURFACE_SLICE	analysis/motionplayer_player_ncb_surface_and_constructor_four_binary_2026-08-26.md	SURFACE_MAPPED_BODY_SEPARATE_OR_PENDING	
LOCAL-NCB-MOTIONPLAYER_DLL-PLAYER-PROPERTY-STEALTHCHARA	motionplayer.dll	Player	9	property	stealthChara	NCB_PROPERTY(stealthChara, getStealthChara, setStealthChara)	cpp/plugins/motionplayer/main.cpp:299	RW_PROPERTY	name=0x14D6386; publish=0x6D41C4; callbacks=0x6D6890|0x6D6870	name=0xD85C94; publish=0x597FC4; callbacks=0x598DE0|0x598E00	name=0x10195CA16; publish=0x10012465C; callbacks=0x1001254C4|0x1001254E4	name=0x174ED7A; publish=0x12398C; callbacks=0x1246D8|0x1246F8	EVIDENCED_4_4	OUT_OF_SCOPE_FOR_SURFACE_SLICE	analysis/motionplayer_player_ncb_surface_and_constructor_four_binary_2026-08-26.md	SURFACE_MAPPED_BODY_SEPARATE_OR_PENDING	
LOCAL-NCB-MOTIONPLAYER_DLL-PLAYER-PROPERTY-MOTION	motionplayer.dll	Player	10	property	motion	NCB_PROPERTY(motion, getMotion, setMotion)	cpp/plugins/motionplayer/main.cpp:300	RW_PROPERTY	name=0x14D3DC0; publish=0x6D423C; callbacks=0x6BEF00|0x6D6924	name=0xD8475A; publish=0x597FE2; callbacks=0x598E08|0x58AD8C	name=0x10195B406; publish=0x100124688; callbacks=0x1001254F4|0x1001143D0	name=0x174D76A; publish=0x1239B6; callbacks=0x124700|0x111E00	EVIDENCED_4_4	OUT_OF_SCOPE_FOR_SURFACE_SLICE	analysis/motionplayer_player_ncb_surface_and_constructor_four_binary_2026-08-26.md	SURFACE_MAPPED_BODY_SEPARATE_OR_PENDING	
LOCAL-NCB-MOTIONPLAYER_DLL-PLAYER-PROPERTY-STEALTHMOTION	motionplayer.dll	Player	11	property	stealthMotion	NCB_PROPERTY(stealthMotion, getStealthMotion, setStealthMotion)	cpp/plugins/motionplayer/main.cpp:301	RW_PROPERTY	name=0x14D63A0; publish=0x6D42B4; callbacks=0x6D6944|0x6D6964	name=0xD85CAE; publish=0x598000; callbacks=0x598E28|0x598E48	name=0x10195CA30; publish=0x1001246B4; callbacks=0x100125514|0x100125534	name=0x174ED94; publish=0x1239E0; callbacks=0x124720|0x124740	EVIDENCED_4_4	OUT_OF_SCOPE_FOR_SURFACE_SLICE	analysis/motionplayer_player_ncb_surface_and_constructor_four_binary_2026-08-26.md	SURFACE_MAPPED_BODY_SEPARATE_OR_PENDING	
LOCAL-NCB-MOTIONPLAYER_DLL-PLAYER-PROPERTY_RO-TAGS	motionplayer.dll	Player	12	property_ro	tags	NCB_PROPERTY_RO(tags, getTags)	cpp/plugins/motionplayer/main.cpp:302	RO_PROPERTY	name=0x14D63BC; publish=0x6D4318; callbacks=0x6D69F8	name=0xD85CCA; publish=0x59801A; callbacks=0x598E50	name=0x10195CA4C; publish=0x1001246DC; callbacks=0x100125544	name=0x174EDB0; publish=0x123A02; callbacks=0x124748	EVIDENCED_4_4	OUT_OF_SCOPE_FOR_SURFACE_SLICE	analysis/motionplayer_player_ncb_surface_and_constructor_four_binary_2026-08-26.md	SURFACE_MAPPED_BODY_SEPARATE_OR_PENDING	
LOCAL-NCB-MOTIONPLAYER_DLL-PLAYER-PROPERTY-MOTIONKEY	motionplayer.dll	Player	13	property	motionKey	NCB_PROPERTY(motionKey, getMotionKey, setMotionKey)	cpp/plugins/motionplayer/main.cpp:303	RW_PROPERTY	name=0x14D3E56; publish=0x6D4398; callbacks=0x692FC0|0x6B1D58	name=0xD8480C; publish=0x59803C; callbacks=0x570E6C|0x5817A4	name=0x10195CA56; publish=0x100124710; callbacks=0x1000F3D84|0x100109168	name=0x174EDBA; publish=0x123A30; callbacks=0xF06F8|0x106994	EVIDENCED_4_4	OUT_OF_SCOPE_FOR_SURFACE_SLICE	analysis/motionplayer_player_ncb_surface_and_constructor_four_binary_2026-08-26.md	SURFACE_MAPPED_BODY_SEPARATE_OR_PENDING	
LOCAL-NCB-MOTIONPLAYER_DLL-PLAYER-PROPERTY-PROJECT	motionplayer.dll	Player	14	property	project	NCB_PROPERTY(project, getProject, setProject)	cpp/plugins/motionplayer/main.cpp:304	RW_PROPERTY	name=0x14D3E6A; publish=0x6D4400; callbacks=0x692FC0|0x6B1D58	name=0xD84820; publish=0x598052; callbacks=0x570E6C|0x5817A4	name=0x10195CA6A; publish=0x100124734; callbacks=0x1000F3D84|0x100109168	name=0x174EDCE; publish=0x123A4A; callbacks=0xF06F8|0x106994	EVIDENCED_4_4	OUT_OF_SCOPE_FOR_SURFACE_SLICE	analysis/motionplayer_player_ncb_surface_and_constructor_four_binary_2026-08-26.md	SURFACE_MAPPED_BODY_SEPARATE_OR_PENDING	
LOCAL-NCB-MOTIONPLAYER_DLL-PLAYER-PROPERTY-COMPLETIONTYPE	motionplayer.dll	Player	15	property	completionType	NCB_PROPERTY(completionType, getCompletionType, setCompletionType)	cpp/plugins/motionplayer/main.cpp:305	RW_PROPERTY	name=0x14D3E38; publish=0x6D4480; callbacks=0x6D6A0C|0x6D6A04	name=0xD847EE; publish=0x598070; callbacks=0x598E5E|0x598E64	name=0x10195CA7A; publish=0x100124760; callbacks=0x100125550|0x100125558	name=0x174EDDE; publish=0x123A74; callbacks=0x124756|0x12475C	EVIDENCED_4_4	OUT_OF_SCOPE_FOR_SURFACE_SLICE	analysis/motionplayer_player_ncb_surface_and_constructor_four_binary_2026-08-26.md	SURFACE_MAPPED_BODY_SEPARATE_OR_PENDING	
LOCAL-NCB-MOTIONPLAYER_DLL-PLAYER-PROPERTY-PREVIEW	motionplayer.dll	Player	16	property	preview	NCB_PROPERTY(preview, getPreview, setPreview)	cpp/plugins/motionplayer/main.cpp:306	RW_PROPERTY	name=0x14D63C6; publish=0x6D4500; callbacks=0x6D6A1C|0x6D6A14	name=0xD85CD4; publish=0x59808E; callbacks=0x598E6A|0x598E70	name=0x10195CA98; publish=0x10012478C; callbacks=0x100125560|0x100125568	name=0x174EDFC; publish=0x123A9E; callbacks=0x124762|0x124768	EVIDENCED_4_4	OUT_OF_SCOPE_FOR_SURFACE_SLICE	analysis/motionplayer_player_ncb_surface_and_constructor_four_binary_2026-08-26.md	SURFACE_MAPPED_BODY_SEPARATE_OR_PENDING	
LOCAL-NCB-MOTIONPLAYER_DLL-PLAYER-PROPERTY-PRIORDRAW	motionplayer.dll	Player	17	property	priorDraw	NCB_PROPERTY(priorDraw, getPriorDraw, setPriorDraw)	cpp/plugins/motionplayer/main.cpp:307	RW_PROPERTY	name=0x14D3E8A; publish=0x6D4578; callbacks=0x6D6A30|0x6D6A28	name=0xD84840; publish=0x5980AC; callbacks=0x598E76|0x598E7C	name=0x10195C670; publish=0x1001247B8; callbacks=0x100125570|0x100125578	name=0x174E9D4; publish=0x123AC8; callbacks=0x12476E|0x124774	EVIDENCED_4_4	OUT_OF_SCOPE_FOR_SURFACE_SLICE	analysis/motionplayer_player_ncb_surface_and_constructor_four_binary_2026-08-26.md	SURFACE_MAPPED_BODY_SEPARATE_OR_PENDING	
LOCAL-NCB-MOTIONPLAYER_DLL-PLAYER-PROPERTY-OUTSIDEFACTOR	motionplayer.dll	Player	18	property	outsideFactor	NCB_PROPERTY(outsideFactor, getOutsideFactor, setOutsideFactor)	cpp/plugins/motionplayer/main.cpp:308	RW_PROPERTY	name=0x14D63D6; publish=0x6D45F8; callbacks=0x6D6A44|0x6D6A3C	name=0xD85CE4; publish=0x5980CA; callbacks=0x598E82|0x598E8C	name=0x10195CAA8; publish=0x1001247E4; callbacks=0x100125580|0x100125588	name=0x174EE0C; publish=0x123AF2; callbacks=0x12477A|0x124784	EVIDENCED_4_4	OUT_OF_SCOPE_FOR_SURFACE_SLICE	analysis/motionplayer_player_ncb_surface_and_constructor_four_binary_2026-08-26.md	SURFACE_MAPPED_BODY_SEPARATE_OR_PENDING	
LOCAL-NCB-MOTIONPLAYER_DLL-PLAYER-PROPERTY-MESHDIVISIONRATIO	motionplayer.dll	Player	19	property	meshDivisionRatio	NCB_PROPERTY(meshDivisionRatio, getMeshDivisionRatio, setMeshDivisionRatio)	cpp/plugins/motionplayer/main.cpp:309	RW_PROPERTY	name=0x14BE9DA; publish=0x6D4670; callbacks=0x6D6A54|0x6D6A4C	name=0xD7680E; publish=0x5980E8; callbacks=0x598E96|0x598EA0	name=0x10195CAC4; publish=0x100124810; callbacks=0x100125590|0x100125598	name=0x174EE28; publish=0x123B1C; callbacks=0x12478E|0x124798	EVIDENCED_4_4	OUT_OF_SCOPE_FOR_SURFACE_SLICE	analysis/motionplayer_player_ncb_surface_and_constructor_four_binary_2026-08-26.md	SURFACE_MAPPED_BODY_SEPARATE_OR_PENDING	
LOCAL-NCB-MOTIONPLAYER_DLL-PLAYER-PROPERTY-SPEED	motionplayer.dll	Player	20	property	speed	NCB_PROPERTY(speed, getSpeed, setSpeed)	cpp/plugins/motionplayer/main.cpp:311	RW_PROPERTY	name=0x14D385C; publish=0x6D46E8; callbacks=0x6D6A64|0x6D6A5C	name=0xD8433C; publish=0x598106; callbacks=0x598EAA|0x598EB4	name=0x10195CAE8; publish=0x10012483C; callbacks=0x1001255A0|0x1001255A8	name=0x174EE4C; publish=0x123B46; callbacks=0x1247A2|0x1247AC	EVIDENCED_4_4	OUT_OF_SCOPE_FOR_SURFACE_SLICE	analysis/motionplayer_player_ncb_surface_and_constructor_four_binary_2026-08-26.md	SURFACE_MAPPED_BODY_SEPARATE_OR_PENDING	
LOCAL-NCB-MOTIONPLAYER_DLL-PLAYER-PROPERTY-SYNCACTIVE	motionplayer.dll	Player	21	property	syncActive	NCB_PROPERTY(syncActive, getSyncActive, setSyncActive)	cpp/plugins/motionplayer/main.cpp:312	RW_PROPERTY	name=0x14D63F2; publish=0x6D4760; callbacks=0x6D6A74|0x6D6A6C	name=0xD85D00; publish=0x598124; callbacks=0x598EBE|0x598EC4	name=0x10195CAF4; publish=0x100124868; callbacks=0x1001255B0|0x1001255B8	name=0x174EE58; publish=0x123B70; callbacks=0x1247B6|0x1247BC	EVIDENCED_4_4	OUT_OF_SCOPE_FOR_SURFACE_SLICE	analysis/motionplayer_player_ncb_surface_and_constructor_four_binary_2026-08-26.md	SURFACE_MAPPED_BODY_SEPARATE_OR_PENDING	
LOCAL-NCB-MOTIONPLAYER_DLL-PLAYER-PROPERTY-TICKCOUNT	motionplayer.dll	Player	22	property	tickCount	NCB_PROPERTY(tickCount, getTickCount, setTickCount)	cpp/plugins/motionplayer/main.cpp:313	RW_PROPERTY	name=0x14D6408; publish=0x6D47D8; callbacks=0x6D6AA0|0x6D6A80	name=0xD85D16; publish=0x598142; callbacks=0x598ED0|0x598F00	name=0x10195CB0A; publish=0x100124894; callbacks=0x1001255C0|0x1001255E0	name=0x174EE6E; publish=0x123B9A; callbacks=0x1247C4|0x1247F0	EVIDENCED_4_4	OUT_OF_SCOPE_FOR_SURFACE_SLICE	analysis/motionplayer_player_ncb_surface_and_constructor_four_binary_2026-08-26.md	SURFACE_MAPPED_BODY_SEPARATE_OR_PENDING	
LOCAL-NCB-MOTIONPLAYER_DLL-PLAYER-PROPERTY-FRAMETICKCOUNT	motionplayer.dll	Player	23	property	frameTickCount	NCB_PROPERTY(frameTickCount, getFrameTickCount, setFrameTickCount)	cpp/plugins/motionplayer/main.cpp:314	RW_PROPERTY	name=0x14D641C; publish=0x6D4850; callbacks=0x6BE2D4|0x6D6AE0	name=0xD85D2A; publish=0x598160; callbacks=0x598F68|0x58A490	name=0x10195CB1E; publish=0x1001248C0; callbacks=0x100125620|0x1001138E8	name=0x174EE82; publish=0x123BC4; callbacks=0x12484C|0x1112EC	EVIDENCED_4_4	OUT_OF_SCOPE_FOR_SURFACE_SLICE	analysis/motionplayer_player_ncb_surface_and_constructor_four_binary_2026-08-26.md	SURFACE_MAPPED_BODY_SEPARATE_OR_PENDING	
LOCAL-NCB-MOTIONPLAYER_DLL-PLAYER-PROPERTY-CAMERAACTIVE	motionplayer.dll	Player	24	property	cameraActive	NCB_PROPERTY(cameraActive, getCameraActive, setCameraActive)	cpp/plugins/motionplayer/main.cpp:315	RW_PROPERTY	name=0x14D643A; publish=0x6D48C8; callbacks=0x6D6AF0|0x6D6AE8	name=0xD85D48; publish=0x59817E; callbacks=0x598F72|0x598F78	name=0x10195CB3C; publish=0x1001248EC; callbacks=0x100125628|0x100125630	name=0x174EEA0; publish=0x123BEE; callbacks=0x124856|0x12485C	EVIDENCED_4_4	OUT_OF_SCOPE_FOR_SURFACE_SLICE	analysis/motionplayer_player_ncb_surface_and_constructor_four_binary_2026-08-26.md	SURFACE_MAPPED_BODY_SEPARATE_OR_PENDING	
LOCAL-NCB-MOTIONPLAYER_DLL-PLAYER-PROPERTY-STEREOVISIONACTIVE	motionplayer.dll	Player	25	property	stereovisionActive	NCB_PROPERTY(stereovisionActive, getStereovisionActive, setStereovisionActive)	cpp/plugins/motionplayer/main.cpp:316	RW_PROPERTY	name=0x14D6454; publish=0x6D4940; callbacks=0x6D6B04|0x6D6AFC	name=0xD85D62; publish=0x59819C; callbacks=0x598F7E|0x598F84	name=0x10195CB56; publish=0x100124918; callbacks=0x100125638|0x100125640	name=0x174EEBA; publish=0x123C18; callbacks=0x124862|0x124868	EVIDENCED_4_4	OUT_OF_SCOPE_FOR_SURFACE_SLICE	analysis/motionplayer_player_ncb_surface_and_constructor_four_binary_2026-08-26.md	SURFACE_MAPPED_BODY_SEPARATE_OR_PENDING	
LOCAL-NCB-MOTIONPLAYER_DLL-PLAYER-PROPERTY-OUTLINE	motionplayer.dll	Player	26	property	outline	NCB_PROPERTY(outline, getOutline, setOutline)	cpp/plugins/motionplayer/main.cpp:318	RW_PROPERTY	name=0x14D3E7A; publish=0x6D49B8; callbacks=0x6D6B1C|0x6D6B10	name=0xD84830; publish=0x5981BA; callbacks=0x598F8A|0x598F98	name=0x10195CB7C; publish=0x100124944; callbacks=0x100125648|0x100125654	name=0x174EEE0; publish=0x123C42; callbacks=0x12486E|0x12487C	EVIDENCED_4_4	OUT_OF_SCOPE_FOR_SURFACE_SLICE	analysis/motionplayer_player_ncb_surface_and_constructor_four_binary_2026-08-26.md	SURFACE_MAPPED_BODY_SEPARATE_OR_PENDING	
LOCAL-NCB-MOTIONPLAYER_DLL-PLAYER-PROPERTY-MESHLINE	motionplayer.dll	Player	27	property	meshline	NCB_PROPERTY(meshline, getMeshline, setMeshline)	cpp/plugins/motionplayer/main.cpp:319	RW_PROPERTY	name=0x14D647A; publish=0x6D4A30; callbacks=0x6D6B30|0x6D6B24	name=0xD85D88; publish=0x5981D8; callbacks=0x598FA0|0x598FAE	name=0x10195CB8C; publish=0x100124970; callbacks=0x10012565C|0x100125668	name=0x174EEF0; publish=0x123C6C; callbacks=0x124884|0x124892	EVIDENCED_4_4	OUT_OF_SCOPE_FOR_SURFACE_SLICE	analysis/motionplayer_player_ncb_surface_and_constructor_four_binary_2026-08-26.md	SURFACE_MAPPED_BODY_SEPARATE_OR_PENDING	
LOCAL-NCB-MOTIONPLAYER_DLL-PLAYER-PROPERTY-MASKMODE	motionplayer.dll	Player	28	property	maskMode	NCB_PROPERTY(maskMode, getMaskMode, setMaskMode)	cpp/plugins/motionplayer/main.cpp:320	RW_PROPERTY	name=0x14BE7EE; publish=0x6D4AA8; callbacks=0x6D6B38|0x6D6B40	name=0xD76666; publish=0x5981F6; callbacks=0x598FB6|0x598FBC	name=0x10195CB9E; publish=0x10012499C; callbacks=0x100125670|0x100125678	name=0x174EF02; publish=0x123C96; callbacks=0x12489A|0x1248A0	EVIDENCED_4_4	OUT_OF_SCOPE_FOR_SURFACE_SLICE	analysis/motionplayer_player_ncb_surface_and_constructor_four_binary_2026-08-26.md	SURFACE_MAPPED_BODY_SEPARATE_OR_PENDING	
LOCAL-NCB-MOTIONPLAYER_DLL-PLAYER-PROPERTY-COLORWEIGHT	motionplayer.dll	Player	29	property	colorWeight	NCB_PROPERTY(colorWeight, getColorWeight, setColorWeight)	cpp/plugins/motionplayer/main.cpp:321	RW_PROPERTY	name=0x14D648C; publish=0x6D4B28; callbacks=0x6CAB04|0x6CAAF0	name=0xD85D9A; publish=0x598214; callbacks=0x5928F4|0x59290C	name=0x10195CBB0; publish=0x1001249C8; callbacks=0x10011D4E4|0x10011D4F8	name=0x174EF14; publish=0x123CC0; callbacks=0x11BE94|0x11BEAC	EVIDENCED_4_4	IMPLEMENTED	analysis/motionplayer_player_child_visitor_exception_frontiers_four_binary_2026-08-27.md	SURFACE_AND_BODY_CLOSED	
LOCAL-NCB-MOTIONPLAYER_DLL-PLAYER-PROPERTY-INDEPENDENTLAYERINHERIT	motionplayer.dll	Player	30	property	independentLayerInherit	NCB_PROPERTY(independentLayerInherit, getIndependentLayerInherit, setIndependentLayerInherit)	cpp/plugins/motionplayer/main.cpp:322	RW_PROPERTY	name=0x14D64A4; publish=0x6D4BA0; callbacks=0x6D6B48|0x6C9DB4	name=0xD85DB2; publish=0x598232; callbacks=0x598FC2|0x5921E8	name=0x10195CBC8; publish=0x1001249F4; callbacks=0x100125680|0x10011CB18	name=0x174EF2C; publish=0x123CEA; callbacks=0x1248A6|0x11B498	EVIDENCED_4_4	IMPLEMENTED	analysis/motionplayer_player_child_visitor_exception_frontiers_four_binary_2026-08-27.md	SURFACE_AND_BODY_CLOSED	
LOCAL-NCB-MOTIONPLAYER_DLL-PLAYER-PROPERTY-TRANSFORMORDER	motionplayer.dll	Player	31	property	transformOrder	NCB_PROPERTY(transformOrder, getTransformOrder, setTransformOrder)	cpp/plugins/motionplayer/main.cpp:324	RW_PROPERTY	name=0x14D5E14; publish=0x6D4C18; callbacks=0x6C9568|0x6C96A4	name=0xD85850; publish=0x598250; callbacks=0x591F98|0x59202C	name=0x10195C336; publish=0x100124A20; callbacks=0x10011C83C|0x10011C8E8	name=0x174E69A; publish=0x123D14; callbacks=0x11B0A0|0x11B194	EVIDENCED_4_4	OUT_OF_SCOPE_FOR_SURFACE_SLICE	analysis/motionplayer_player_ncb_surface_and_constructor_four_binary_2026-08-26.md	SURFACE_MAPPED_BODY_SEPARATE_OR_PENDING	
LOCAL-NCB-MOTIONPLAYER_DLL-PLAYER-PROPERTY-COORDINATE	motionplayer.dll	Player	32	property	coordinate	NCB_PROPERTY(coordinate, getCoordinate, setCoordinate)	cpp/plugins/motionplayer/main.cpp:325	RW_PROPERTY	name=0x14D5DAE; publish=0x6D4C90; callbacks=0x6D6B50|0x6B1D60	name=0xD85802; publish=0x59826E; callbacks=0x598FC8|0x5817AC	name=0x10195C2BC; publish=0x100124A4C; callbacks=0x100125688|0x100109170	name=0x174E620; publish=0x123D3E; callbacks=0x1248AC|0x10699C	EVIDENCED_4_4	OUT_OF_SCOPE_FOR_SURFACE_SLICE	analysis/motionplayer_player_ncb_surface_and_constructor_four_binary_2026-08-26.md	SURFACE_MAPPED_BODY_SEPARATE_OR_PENDING	
LOCAL-NCB-MOTIONPLAYER_DLL-PLAYER-PROPERTY-ZFACTOR	motionplayer.dll	Player	33	property	zFactor	NCB_PROPERTY(zFactor, getZFactor, setZFactor)	cpp/plugins/motionplayer/main.cpp:326	RW_PROPERTY	name=0x14D64D4; publish=0x6D4D08; callbacks=0x6B1D6C|0x6D6B5C	name=0xD85DE2; publish=0x59828C; callbacks=0x598FD0|0x5817B4	name=0x10195CBF8; publish=0x100124A78; callbacks=0x1001256B0|0x100109198	name=0x174EF5C; publish=0x123D68; callbacks=0x1248D2|0x1069C4	EVIDENCED_4_4	IMPLEMENTED	analysis/motionplayer_player_child_visitor_exception_frontiers_four_binary_2026-08-27.md	SURFACE_AND_BODY_CLOSED	
LOCAL-NCB-MOTIONPLAYER_DLL-PLAYER-PROPERTY_RO-CAMERATARGET	motionplayer.dll	Player	34	property_ro	cameraTarget	NCB_PROPERTY_RO(cameraTarget, getCameraTarget)	cpp/plugins/motionplayer/main.cpp:327	RO_PROPERTY	name=0x14D64E4; publish=0x6D4D6C; callbacks=0x6C9AF4	name=0xD85DF2; publish=0x5982A6; callbacks=0x592100	name=0x10195CC08; publish=0x100124AA0; callbacks=0x10011CA20	name=0x174EF6C; publish=0x123D8A; callbacks=0x11B2E8	EVIDENCED_4_4	IMPLEMENTED	analysis/motionplayer_tjs_array_dictionary_exception_frontiers_four_binary_2026-08-27.md	SURFACE_AND_BODY_CLOSED	
LOCAL-NCB-MOTIONPLAYER_DLL-PLAYER-PROPERTY_RO-CAMERAPOSITION	motionplayer.dll	Player	35	property_ro	cameraPosition	NCB_PROPERTY_RO(cameraPosition, getCameraPosition)	cpp/plugins/motionplayer/main.cpp:328	RO_PROPERTY	name=0x14D64FE; publish=0x6D4DD0; callbacks=0x6C9C54	name=0xD85E0C; publish=0x5982C0; callbacks=0x592174	name=0x10195CC22; publish=0x100124AC8; callbacks=0x10011CA9C	name=0x174EF86; publish=0x123DAC; callbacks=0x11B3C0	EVIDENCED_4_4	IMPLEMENTED	analysis/motionplayer_tjs_array_dictionary_exception_frontiers_four_binary_2026-08-27.md	SURFACE_AND_BODY_CLOSED	
LOCAL-NCB-MOTIONPLAYER_DLL-PLAYER-PROPERTY_RO-CAMERAFOV	motionplayer.dll	Player	36	property_ro	cameraFOV	NCB_PROPERTY_RO(cameraFOV, getCameraFOV)	cpp/plugins/motionplayer/main.cpp:329	RO_PROPERTY	name=0x14D651C; publish=0x6D4E34; callbacks=0x6D6B64	name=0xD85E2A; publish=0x5982DA; callbacks=0x598FDA	name=0x10195CC40; publish=0x100124AF0; callbacks=0x1001256B8	name=0x174EFA4; publish=0x123DCE; callbacks=0x1248DC	EVIDENCED_4_4	OUT_OF_SCOPE_FOR_SURFACE_SLICE	analysis/motionplayer_player_ncb_surface_and_constructor_four_binary_2026-08-26.md	SURFACE_MAPPED_BODY_SEPARATE_OR_PENDING	
LOCAL-NCB-MOTIONPLAYER_DLL-PLAYER-PROPERTY_RO-CAMERAALIVE	motionplayer.dll	Player	37	property_ro	cameraAlive	NCB_PROPERTY_RO(cameraAlive, getCameraAlive)	cpp/plugins/motionplayer/main.cpp:330	RO_PROPERTY	name=0x14D6530; publish=0x6D4EA0; callbacks=0x6D6B6C	name=0xD85E3E; publish=0x5982F4; callbacks=0x598FE4	name=0x10195CC54; publish=0x100124B18; callbacks=0x1001256C0	name=0x174EFB8; publish=0x123DF0; callbacks=0x1248E6	EVIDENCED_4_4	OUT_OF_SCOPE_FOR_SURFACE_SLICE	analysis/motionplayer_player_ncb_surface_and_constructor_four_binary_2026-08-26.md	SURFACE_MAPPED_BODY_SEPARATE_OR_PENDING	
LOCAL-NCB-MOTIONPLAYER_DLL-PLAYER-PROPERTY_RO-BOUNDS	motionplayer.dll	Player	38	property_ro	bounds	NCB_PROPERTY_RO(bounds, getBounds)	cpp/plugins/motionplayer/main.cpp:331	RO_PROPERTY	name=0x14C178A; publish=0x6D4F04; callbacks=0x6C9E64	name=0xD7810C; publish=0x59830E; callbacks=0x59226C	name=0x10195CC6C; publish=0x100124B40; callbacks=0x10011CBD4	name=0x174EFD0; publish=0x123E12; callbacks=0x11B53C	EVIDENCED_4_4	IMPLEMENTED	analysis/motionplayer_tjs_array_dictionary_exception_frontiers_four_binary_2026-08-27.md	SURFACE_AND_BODY_CLOSED	
LOCAL-NCB-MOTIONPLAYER_DLL-PLAYER-PROPERTY_RO-PLAYING	motionplayer.dll	Player	39	property_ro	playing	NCB_PROPERTY_RO(playing, getPlaying)	cpp/plugins/motionplayer/main.cpp:332	RO_PROPERTY	name=0x14D654E; publish=0x6D4F68; callbacks=0x6D6B74	name=0xD85E5C; publish=0x598328; callbacks=0x598FEA	name=0x10195CC7A; publish=0x100124B68; callbacks=0x1001256C8	name=0x174EFDE; publish=0x123E34; callbacks=0x1248EC	EVIDENCED_4_4	OUT_OF_SCOPE_FOR_SURFACE_SLICE	analysis/motionplayer_player_ncb_surface_and_constructor_four_binary_2026-08-26.md	SURFACE_MAPPED_BODY_SEPARATE_OR_PENDING	
LOCAL-NCB-MOTIONPLAYER_DLL-PLAYER-PROPERTY_RO-ALLPLAYING	motionplayer.dll	Player	40	property_ro	allplaying	NCB_PROPERTY_RO(allplaying, getAllplaying)	cpp/plugins/motionplayer/main.cpp:333	RO_PROPERTY	name=0x14D6548; publish=0x6D4FCC; callbacks=0x6CA214	name=0xD85E56; publish=0x598342; callbacks=0x5924EC	name=0x10195CC8A; publish=0x100124B90; callbacks=0x10011CEA4	name=0x174EFEE; publish=0x123E56; callbacks=0x11B8C4	EVIDENCED_4_4	OUT_OF_SCOPE_FOR_SURFACE_SLICE	analysis/motionplayer_player_ncb_surface_and_constructor_four_binary_2026-08-26.md	SURFACE_MAPPED_BODY_SEPARATE_OR_PENDING	
LOCAL-NCB-MOTIONPLAYER_DLL-PLAYER-PROPERTY_RO-SYNCWAITING	motionplayer.dll	Player	41	property_ro	syncWaiting	NCB_PROPERTY_RO(syncWaiting, getSyncWaiting)	cpp/plugins/motionplayer/main.cpp:334	RO_PROPERTY	name=0x14D655E; publish=0x6D5030; callbacks=0x6D6B7C	name=0xD85E6C; publish=0x59835C; callbacks=0x598FF0	name=0x10195CCA0; publish=0x100124BB8; callbacks=0x1001256D0	name=0x174F004; publish=0x123E78; callbacks=0x1248F2	EVIDENCED_4_4	OUT_OF_SCOPE_FOR_SURFACE_SLICE	analysis/motionplayer_player_ncb_surface_and_constructor_four_binary_2026-08-26.md	SURFACE_MAPPED_BODY_SEPARATE_OR_PENDING	
LOCAL-NCB-MOTIONPLAYER_DLL-PLAYER-PROPERTY_RO-FRAMELASTTIME	motionplayer.dll	Player	42	property_ro	frameLastTime	NCB_PROPERTY_RO(frameLastTime, getFrameLastTime)	cpp/plugins/motionplayer/main.cpp:335	RO_PROPERTY	name=0x14D3E9E; publish=0x6D5094; callbacks=0x6D6B84	name=0xD84854; publish=0x598376; callbacks=0x598FF6	name=0x10195CCB8; publish=0x100124BE0; callbacks=0x1001256D8	name=0x174F01C; publish=0x123E9A; callbacks=0x1248F8	EVIDENCED_4_4	OUT_OF_SCOPE_FOR_SURFACE_SLICE	analysis/motionplayer_player_ncb_surface_and_constructor_four_binary_2026-08-26.md	SURFACE_MAPPED_BODY_SEPARATE_OR_PENDING	
LOCAL-NCB-MOTIONPLAYER_DLL-PLAYER-PROPERTY_RO-FRAMELOOPTIME	motionplayer.dll	Player	43	property_ro	frameLoopTime	NCB_PROPERTY_RO(frameLoopTime, getFrameLoopTime)	cpp/plugins/motionplayer/main.cpp:336	RO_PROPERTY	name=0x14D3EBA; publish=0x6D50F8; callbacks=0x6D6B8C	name=0xD84870; publish=0x598390; callbacks=0x599000	name=0x10195CCD4; publish=0x100124C08; callbacks=0x1001256E0	name=0x174F038; publish=0x123EBC; callbacks=0x124902	EVIDENCED_4_4	OUT_OF_SCOPE_FOR_SURFACE_SLICE	analysis/motionplayer_player_ncb_surface_and_constructor_four_binary_2026-08-26.md	SURFACE_MAPPED_BODY_SEPARATE_OR_PENDING	
LOCAL-NCB-MOTIONPLAYER_DLL-PLAYER-PROPERTY_RO-HASCAMERA	motionplayer.dll	Player	44	property_ro	hasCamera	NCB_PROPERTY_RO(hasCamera, getHasCamera)	cpp/plugins/motionplayer/main.cpp:337	RO_PROPERTY	name=0x14D6576; publish=0x6D515C; callbacks=0x6CA378	name=0xD85E84; publish=0x5983AA; callbacks=0x5925E0	name=0x10195CCF0; publish=0x100124C30; callbacks=0x10011CFA8	name=0x174F054; publish=0x123EDE; callbacks=0x11B972	EVIDENCED_4_4	OUT_OF_SCOPE_FOR_SURFACE_SLICE	analysis/motionplayer_player_ncb_surface_and_constructor_four_binary_2026-08-26.md	SURFACE_MAPPED_BODY_SEPARATE_OR_PENDING	
LOCAL-NCB-MOTIONPLAYER_DLL-PLAYER-PROPERTY-ANGLEDEG	motionplayer.dll	Player	45	property	angleDeg	NCB_PROPERTY(angleDeg, getAngleDeg, setAngleDeg)	cpp/plugins/motionplayer/main.cpp:338	RW_PROPERTY	name=0x14D53A8; publish=0x6D51D4; callbacks=0x6BE364|0x6BEB60	name=0xD84F40; publish=0x5983C8; callbacks=0x58AB30|0x58A540	name=0x10195B6CE; publish=0x100124C5C; callbacks=0x10011408C|0x1001139C8	name=0x174DA32; publish=0x123F08; callbacks=0x111ABC|0x1113DC	EVIDENCED_4_4	OUT_OF_SCOPE_FOR_SURFACE_SLICE	analysis/motionplayer_player_ncb_surface_and_constructor_four_binary_2026-08-26.md	SURFACE_MAPPED_BODY_SEPARATE_OR_PENDING	
LOCAL-NCB-MOTIONPLAYER_DLL-PLAYER-PROPERTY-ANGLERAD	motionplayer.dll	Player	46	property	angleRad	NCB_PROPERTY(angleRad, getAngleRad, setAngleRad)	cpp/plugins/motionplayer/main.cpp:339	RW_PROPERTY	name=0x14D53BA; publish=0x6D524C; callbacks=0x6CA4A0|0x6CA4CC	name=0xD84F52; publish=0x5983E6; callbacks=0x5926F0|0x592720	name=0x10195B6E0; publish=0x100124C88; callbacks=0x10011D208|0x10011D250	name=0x174DA44; publish=0x123F32; callbacks=0x11BB9C|0x11BBE8	EVIDENCED_4_4	OUT_OF_SCOPE_FOR_SURFACE_SLICE	analysis/motionplayer_player_ncb_surface_and_constructor_four_binary_2026-08-26.md	SURFACE_MAPPED_BODY_SEPARATE_OR_PENDING	
LOCAL-NCB-MOTIONPLAYER_DLL-PLAYER-METHOD-SETCOORD	motionplayer.dll	Player	47	method	setCoord	NCB_METHOD(setCoord)	cpp/plugins/motionplayer/main.cpp:340	METHOD	name=0x14BE79A; publish=0x6D5268; callbacks=0x6CA3D8	name=0xD76612; publish=0x5983FC; callbacks=0x592620	name=0x10195CD04; publish=0x100124CA8; callbacks=0x10011D060	name=0x174F068; publish=0x123F50; callbacks=0x11BA0C	EVIDENCED_4_4	OUT_OF_SCOPE_FOR_SURFACE_SLICE	analysis/motionplayer_player_ncb_surface_and_constructor_four_binary_2026-08-26.md	SURFACE_MAPPED_BODY_SEPARATE_OR_PENDING	
LOCAL-NCB-MOTIONPLAYER_DLL-PLAYER-PROPERTY-X	motionplayer.dll	Player	48	property	x	NCB_PROPERTY(x, getX, setX)	cpp/plugins/motionplayer/main.cpp:341	RW_PROPERTY	name=0x1507F7E; publish=0x6D52F8; callbacks=0x6D6C88|0x6CA408	name=0x598AE0; publish=0x59841C; callbacks=0x59900A|0x592662	name=0x10195B28E; publish=0x100124CDC; callbacks=0x1001256E8|0x10011D0BC	name=0x174D5F2; publish=0x123F7C; callbacks=0x12490C|0x11BA76	EVIDENCED_4_4	OUT_OF_SCOPE_FOR_SURFACE_SLICE	analysis/motionplayer_player_ncb_surface_and_constructor_four_binary_2026-08-26.md	SURFACE_MAPPED_BODY_SEPARATE_OR_PENDING	
LOCAL-NCB-MOTIONPLAYER_DLL-PLAYER-PROPERTY-Y	motionplayer.dll	Player	49	property	y	NCB_PROPERTY(y, getY, setY)	cpp/plugins/motionplayer/main.cpp:342	RW_PROPERTY	name=0x1507F98; publish=0x6D5370; callbacks=0x6D6C94|0x6CA428	name=0x598AEC; publish=0x59843C; callbacks=0x59901C|0x592688	name=0x10195B292; publish=0x100124D10; callbacks=0x100125710|0x10011D104	name=0x174D5F6; publish=0x123FAA; callbacks=0x12493C|0x11BABC	EVIDENCED_4_4	OUT_OF_SCOPE_FOR_SURFACE_SLICE	analysis/motionplayer_player_ncb_surface_and_constructor_four_binary_2026-08-26.md	SURFACE_MAPPED_BODY_SEPARATE_OR_PENDING	
LOCAL-NCB-MOTIONPLAYER_DLL-PLAYER-PROPERTY-LEFT	motionplayer.dll	Player	50	property	left	NCB_PROPERTY(left, getLeft, setLeft)	cpp/plugins/motionplayer/main.cpp:343	RW_PROPERTY	name=0x14D6F9A; publish=0x6D53D8; callbacks=0x6D6C88|0x6CA408	name=0xD75FD2; publish=0x598452; callbacks=0x59900A|0x592662	name=0x10195B61C; publish=0x100124D34; callbacks=0x1001256E8|0x10011D0BC	name=0x174D980; publish=0x123FCC; callbacks=0x12490C|0x11BA76	EVIDENCED_4_4	OUT_OF_SCOPE_FOR_SURFACE_SLICE	analysis/motionplayer_player_ncb_surface_and_constructor_four_binary_2026-08-26.md	SURFACE_MAPPED_BODY_SEPARATE_OR_PENDING	
LOCAL-NCB-MOTIONPLAYER_DLL-PLAYER-PROPERTY-TOP	motionplayer.dll	Player	51	property	top	NCB_PROPERTY(top, getTop, setTop)	cpp/plugins/motionplayer/main.cpp:344	RW_PROPERTY	name=0x14CD548; publish=0x6D5440; callbacks=0x6D6C94|0x6CA428	name=0xD7F6C6; publish=0x598468; callbacks=0x59901C|0x592688	name=0x10195B626; publish=0x100124D58; callbacks=0x100125710|0x10011D104	name=0x174D98A; publish=0x123FE6; callbacks=0x12493C|0x11BABC	EVIDENCED_4_4	OUT_OF_SCOPE_FOR_SURFACE_SLICE	analysis/motionplayer_player_ncb_surface_and_constructor_four_binary_2026-08-26.md	SURFACE_MAPPED_BODY_SEPARATE_OR_PENDING	
LOCAL-NCB-MOTIONPLAYER_DLL-PLAYER-METHOD-SETFLIP	motionplayer.dll	Player	52	method	setFlip	NCB_METHOD(setFlip)	cpp/plugins/motionplayer/main.cpp:345	METHOD	name=0x14D658A; publish=0x6D54B8; callbacks=0x6BE2FC	name=0xD85E98; publish=0x59847E; callbacks=0x58A4D8	name=0x10195CD16; publish=0x100124D78; callbacks=0x100113910	name=0x174F07A; publish=0x124004; callbacks=0x111326	EVIDENCED_4_4	OUT_OF_SCOPE_FOR_SURFACE_SLICE	analysis/motionplayer_player_ncb_surface_and_constructor_four_binary_2026-08-26.md	SURFACE_MAPPED_BODY_SEPARATE_OR_PENDING	
LOCAL-NCB-MOTIONPLAYER_DLL-PLAYER-PROPERTY-FLIPX	motionplayer.dll	Player	53	property	flipX	NCB_PROPERTY(flipX, getFlipX, setFlipX)	cpp/plugins/motionplayer/main.cpp:346	RW_PROPERTY	name=0x14D5378; publish=0x6D5538; callbacks=0x6CA448|0x6D6CA0	name=0xD84F10; publish=0x59849C; callbacks=0x59902E|0x5926AE	name=0x10195B69E; publish=0x100124DA4; callbacks=0x100125738|0x10011D14C	name=0x174DA02; publish=0x12402E; callbacks=0x12496C|0x11BB02	EVIDENCED_4_4	OUT_OF_SCOPE_FOR_SURFACE_SLICE	analysis/motionplayer_player_ncb_surface_and_constructor_four_binary_2026-08-26.md	SURFACE_MAPPED_BODY_SEPARATE_OR_PENDING	
LOCAL-NCB-MOTIONPLAYER_DLL-PLAYER-PROPERTY-FLIPY	motionplayer.dll	Player	54	property	flipY	NCB_PROPERTY(flipY, getFlipY, setFlipY)	cpp/plugins/motionplayer/main.cpp:347	RW_PROPERTY	name=0x14D5384; publish=0x6D55B0; callbacks=0x6CA46C|0x6D6CAC	name=0xD84F1C; publish=0x5984BA; callbacks=0x599038|0x5926C6	name=0x10195B6AA; publish=0x100124DD0; callbacks=0x100125760|0x10011D194	name=0x174DA0E; publish=0x124058; callbacks=0x124994|0x11BB3A	EVIDENCED_4_4	OUT_OF_SCOPE_FOR_SURFACE_SLICE	analysis/motionplayer_player_ncb_surface_and_constructor_four_binary_2026-08-26.md	SURFACE_MAPPED_BODY_SEPARATE_OR_PENDING	
LOCAL-NCB-MOTIONPLAYER_DLL-PLAYER-METHOD-SETOPACITY	motionplayer.dll	Player	55	method	setOpacity	NCB_METHOD(setOpacity)	cpp/plugins/motionplayer/main.cpp:348	METHOD	name=0x14D659A; publish=0x6D5620; callbacks=0x6BE408	name=0xD85EA8; publish=0x5984D2; callbacks=0x58A60A	name=0x10195CD26; publish=0x100124DF4; callbacks=0x100113AC0	name=0x174F08A; publish=0x124078; callbacks=0x1114E6	EVIDENCED_4_4	OUT_OF_SCOPE_FOR_SURFACE_SLICE	analysis/motionplayer_player_ncb_surface_and_constructor_four_binary_2026-08-26.md	SURFACE_MAPPED_BODY_SEPARATE_OR_PENDING	
LOCAL-NCB-MOTIONPLAYER_DLL-PLAYER-PROPERTY-OPACITY	motionplayer.dll	Player	56	property	opacity	NCB_PROPERTY(opacity, getOpacity, setOpacity)	cpp/plugins/motionplayer/main.cpp:349	RW_PROPERTY	name=0x14BE734; publish=0x6D5698; callbacks=0x6D6CB8	name=0xD84F80; publish=0x5984EC; callbacks=0x599042|0x58A60A	name=0x10195B70E; publish=0x100124E1C; callbacks=0x100125788|0x100113AC0	name=0x174DA72; publish=0x12409A; callbacks=0x1249BC|0x1114E6	EVIDENCED_4_4	OUT_OF_SCOPE_FOR_SURFACE_SLICE	analysis/motionplayer_player_ncb_surface_and_constructor_four_binary_2026-08-26.md	SURFACE_MAPPED_BODY_SEPARATE_OR_PENDING	
LOCAL-NCB-MOTIONPLAYER_DLL-PLAYER-METHOD-SETVISIBLE	motionplayer.dll	Player	57	method	setVisible	NCB_METHOD(setVisible)	cpp/plugins/motionplayer/main.cpp:350	METHOD	name=0x14D65B0; publish=0x6D5708; callbacks=0x6BE428	name=0xD85EBE; publish=0x598504; callbacks=0x58A622	name=0x10195CD3C; publish=0x100124E40; callbacks=0x100113B08	name=0x174F0A0; publish=0x1240BA; callbacks=0x11151E	EVIDENCED_4_4	OUT_OF_SCOPE_FOR_SURFACE_SLICE	analysis/motionplayer_player_ncb_surface_and_constructor_four_binary_2026-08-26.md	SURFACE_MAPPED_BODY_SEPARATE_OR_PENDING	
LOCAL-NCB-MOTIONPLAYER_DLL-PLAYER-PROPERTY-VISIBLE	motionplayer.dll	Player	58	property	visible	NCB_PROPERTY(visible, getVisible, setVisible)	cpp/plugins/motionplayer/main.cpp:351	RW_PROPERTY	name=0x15187D2; publish=0x6D5778; callbacks=0x6D6CC4	name=0xDBDBC0; publish=0x59851E; callbacks=0x59904C|0x58A622	name=0x10195B658; publish=0x100124E68; callbacks=0x1001257B0|0x100113B08	name=0x174D9BC; publish=0x1240DC; callbacks=0x1249E4|0x11151E	EVIDENCED_4_4	OUT_OF_SCOPE_FOR_SURFACE_SLICE	analysis/motionplayer_player_ncb_surface_and_constructor_four_binary_2026-08-26.md	SURFACE_MAPPED_BODY_SEPARATE_OR_PENDING	
LOCAL-NCB-MOTIONPLAYER_DLL-PLAYER-METHOD-SETSLANT	motionplayer.dll	Player	59	method	setSlant	NCB_METHOD(setSlant)	cpp/plugins/motionplayer/main.cpp:352	METHOD	name=0x14D65C6; publish=0x6D5794; callbacks=0x6BE3D8	name=0xD85ED4; publish=0x598534; callbacks=0x58A5C8	name=0x10195CD52; publish=0x100124E88; callbacks=0x100113A64	name=0x174F0B6; publish=0x1240FA; callbacks=0x11147C	EVIDENCED_4_4	OUT_OF_SCOPE_FOR_SURFACE_SLICE	analysis/motionplayer_player_ncb_surface_and_constructor_four_binary_2026-08-26.md	SURFACE_MAPPED_BODY_SEPARATE_OR_PENDING	
LOCAL-NCB-MOTIONPLAYER_DLL-PLAYER-PROPERTY-SLANTX	motionplayer.dll	Player	60	property	slantX	NCB_PROPERTY(slantX, getSlantX, setSlantX)	cpp/plugins/motionplayer/main.cpp:353	RW_PROPERTY	name=0x14D53CC; publish=0x6D5824; callbacks=0x6CE73C|0x6D6CD0	name=0xD84F64; publish=0x598552; callbacks=0x599056|0x594884	name=0x10195B6F2; publish=0x100124EB4; callbacks=0x1001257D8|0x100120024	name=0x174DA56; publish=0x124124; callbacks=0x124A0C|0x11ED34	EVIDENCED_4_4	OUT_OF_SCOPE_FOR_SURFACE_SLICE	analysis/motionplayer_player_ncb_surface_and_constructor_four_binary_2026-08-26.md	SURFACE_MAPPED_BODY_SEPARATE_OR_PENDING	
LOCAL-NCB-MOTIONPLAYER_DLL-PLAYER-PROPERTY-SLANTY	motionplayer.dll	Player	61	property	slantY	NCB_PROPERTY(slantY, getSlantY, setSlantY)	cpp/plugins/motionplayer/main.cpp:354	RW_PROPERTY	name=0x14D53DA; publish=0x6D589C; callbacks=0x6D6CDC|0x6CE75C	name=0xD84F72; publish=0x598570; callbacks=0x599068|0x5948AA	name=0x10195B700; publish=0x100124EE0; callbacks=0x100125800|0x10012006C	name=0x174DA64; publish=0x12414E; callbacks=0x124A3C|0x11ED7A	EVIDENCED_4_4	OUT_OF_SCOPE_FOR_SURFACE_SLICE	analysis/motionplayer_player_ncb_surface_and_constructor_four_binary_2026-08-26.md	SURFACE_MAPPED_BODY_SEPARATE_OR_PENDING	
LOCAL-NCB-MOTIONPLAYER_DLL-PLAYER-METHOD-SETZOOM	motionplayer.dll	Player	62	method	setZoom	NCB_METHOD(setZoom)	cpp/plugins/motionplayer/main.cpp:355	METHOD	name=0x14D65D8; publish=0x6D58B8; callbacks=0x6BE334	name=0x598B5C; publish=0x598584; callbacks=0x58A4FE	name=0x10195CD64; publish=0x100124F00; callbacks=0x10011396C	name=0x174F0C8; publish=0x12416C; callbacks=0x111372	EVIDENCED_4_4	OUT_OF_SCOPE_FOR_SURFACE_SLICE	analysis/motionplayer_player_ncb_surface_and_constructor_four_binary_2026-08-26.md	SURFACE_MAPPED_BODY_SEPARATE_OR_PENDING	
LOCAL-NCB-MOTIONPLAYER_DLL-PLAYER-PROPERTY-ZOOMX	motionplayer.dll	Player	63	property	zoomX	NCB_PROPERTY(zoomX, getZoomX, setZoomX)	cpp/plugins/motionplayer/main.cpp:356	RW_PROPERTY	name=0x14D5390; publish=0x6D5948; callbacks=0x6CE6FC|0x6D6CE8	name=0xD84F28; publish=0x5985A2; callbacks=0x59907A|0x594838	name=0x10195B6B6; publish=0x100124F2C; callbacks=0x100125828|0x10011FF94	name=0x174DA1A; publish=0x124196; callbacks=0x124A6C|0x11ECA8	EVIDENCED_4_4	OUT_OF_SCOPE_FOR_SURFACE_SLICE	analysis/motionplayer_player_ncb_surface_and_constructor_four_binary_2026-08-26.md	SURFACE_MAPPED_BODY_SEPARATE_OR_PENDING	
LOCAL-NCB-MOTIONPLAYER_DLL-PLAYER-PROPERTY-ZOOMY	motionplayer.dll	Player	64	property	zoomY	NCB_PROPERTY(zoomY, getZoomY, setZoomY)	cpp/plugins/motionplayer/main.cpp:357	RW_PROPERTY	name=0x14D539C; publish=0x6D59C0; callbacks=0x6D6CF4|0x6CE71C	name=0xD84F34; publish=0x5985C0; callbacks=0x59908C|0x59485E	name=0x10195B6C2; publish=0x100124F58; callbacks=0x100125850|0x10011FFDC	name=0x174DA26; publish=0x1241C0; callbacks=0x124A9C|0x11ECEE	EVIDENCED_4_4	OUT_OF_SCOPE_FOR_SURFACE_SLICE	analysis/motionplayer_player_ncb_surface_and_constructor_four_binary_2026-08-26.md	SURFACE_MAPPED_BODY_SEPARATE_OR_PENDING	
LOCAL-NCB-MOTIONPLAYER_DLL-PLAYER-PROPERTY-USED3D	motionplayer.dll	Player	65	property	useD3D	NCB_PROPERTY(useD3D, getUseD3D, setUseD3D)	cpp/plugins/motionplayer/main.cpp:358	RW_PROPERTY	name=0x14D65E8; publish=0x6D5A40; callbacks=0x6D6D00|0x6931C0	name=0xD85EE6; publish=0x5985DE; callbacks=0x570F4C|0x59909E	name=0x10195CD74; publish=0x100124F84; callbacks=0x1000F4090|0x100125878	name=0x174F0D8; publish=0x1241EA; callbacks=0xF0BDC|0x124ACC	EVIDENCED_4_4	OUT_OF_SCOPE_FOR_SURFACE_SLICE	analysis/motionplayer_player_ncb_surface_and_constructor_four_binary_2026-08-26.md	SURFACE_MAPPED_BODY_SEPARATE_OR_PENDING	
LOCAL-NCB-MOTIONPLAYER_DLL-PLAYER-PROPERTY-PIXELATEDIVISION	motionplayer.dll	Player	66	property	pixelateDivision	NCB_PROPERTY(pixelateDivision, getPixelateDivision, setPixelateDivision)	cpp/plugins/motionplayer/main.cpp:359	RW_PROPERTY	name=0x14BE890; publish=0x6D5AC0; callbacks=0x6D6D14|0x6D6D0C	name=0xD766DC; publish=0x5985FC; callbacks=0x5990A4|0x5990AA	name=0x10195CD82; publish=0x100124FB0; callbacks=0x100125880|0x100125888	name=0x174F0E6; publish=0x124214; callbacks=0x124AD2|0x124AD8	EVIDENCED_4_4	OUT_OF_SCOPE_FOR_SURFACE_SLICE	analysis/motionplayer_player_ncb_surface_and_constructor_four_binary_2026-08-26.md	SURFACE_MAPPED_BODY_SEPARATE_OR_PENDING	
LOCAL-NCB-MOTIONPLAYER_DLL-PLAYER-METHOD_RAW-SETVARIABLE	motionplayer.dll	Player	67	method_raw	setVariable	NCB_METHOD_RAW_CALLBACK(setVariable, &Player::setVariableCompatMethod, 0)	cpp/plugins/motionplayer/main.cpp:361	RAW_METHOD	name=0x14BEB70; publish=0x6D5B30; callbacks=0x6CE250	name=0xD769A4; publish=0x598610; callbacks=0x594680	name=0x10195CDA4; publish=0x100124FCC; callbacks=0x10011FD04	name=0x174F108; publish=0x124230; callbacks=0x11E978	EVIDENCED_4_4	OUT_OF_SCOPE_FOR_SURFACE_SLICE	analysis/motionplayer_player_ncb_surface_and_constructor_four_binary_2026-08-26.md	SURFACE_MAPPED_BODY_SEPARATE_OR_PENDING	
LOCAL-NCB-MOTIONPLAYER_DLL-PLAYER-METHOD-GETVARIABLE	motionplayer.dll	Player	68	method	getVariable	NCB_METHOD(getVariable)	cpp/plugins/motionplayer/main.cpp:363	METHOD	name=0x14BEB88; publish=0x6D5BA0; callbacks=0x6CA77C	name=0xD769BC; publish=0x598626; callbacks=0x592810	name=0x10195CDBC; publish=0x100124FEC; callbacks=0x10011D3D8	name=0x174F120; publish=0x12424E; callbacks=0x11BD50	EVIDENCED_4_4	OUT_OF_SCOPE_FOR_SURFACE_SLICE	analysis/motionplayer_player_ncb_surface_and_constructor_four_binary_2026-08-26.md	SURFACE_MAPPED_BODY_SEPARATE_OR_PENDING	
LOCAL-NCB-MOTIONPLAYER_DLL-PLAYER-METHOD-MODIFYROOT	motionplayer.dll	Player	69	method	modifyRoot	NCB_METHOD(modifyRoot)	cpp/plugins/motionplayer/main.cpp:364	METHOD	name=0x14D3F94; publish=0x6D5BBC; callbacks=0x6CA490	name=0xD8494A; publish=0x59863C; callbacks=0x5926DE	name=0x10195CDD4; publish=0x10012500C; callbacks=0x10011D1DC	name=0x174F138; publish=0x12426C; callbacks=0x11BB72	EVIDENCED_4_4	IMPLEMENTED	analysis/motionplayer_tjs_array_dictionary_exception_frontiers_four_binary_2026-08-27.md	SURFACE_AND_BODY_CLOSED	
LOCAL-NCB-MOTIONPLAYER_DLL-PLAYER-PROPERTY_RO-PROCESSEDMESHVERTICESNUM	motionplayer.dll	Player	70	property_ro	processedMeshVerticesNum	NCB_PROPERTY_RO(processedMeshVerticesNum, getProcessedMeshVerticesNum)	cpp/plugins/motionplayer/main.cpp:365	RO_PROPERTY	name=0x14D3EE8; publish=0x6D5C38; callbacks=0x6CE3F8	name=0xD8489E; publish=0x598656; callbacks=0x594710	name=0x10195CDEA; publish=0x100125034; callbacks=0x10011FDA8	name=0x174F14E; publish=0x12428E; callbacks=0x11EA6C	EVIDENCED_4_4	IMPLEMENTED	analysis/motionplayer_player_child_visitor_exception_frontiers_four_binary_2026-08-27.md	SURFACE_AND_BODY_CLOSED	
LOCAL-NCB-MOTIONPLAYER_DLL-PLAYER-METHOD-GETLAYERNAMES	motionplayer.dll	Player	71	method	getLayerNames	NCB_METHOD(getLayerNames)	cpp/plugins/motionplayer/main.cpp:367	METHOD	name=0x14D65F6; publish=0x6D5CB0; callbacks=0x6CE4C0	name=0xD85EF4; publish=0x59866C; callbacks=0x594798	name=0x10195CE1C; publish=0x100125054; callbacks=0x10011FE88	name=0x174F180; publish=0x1242AC; callbacks=0x11EB7C	EVIDENCED_4_4	IMPLEMENTED	analysis/motionplayer_tjs_array_dictionary_exception_frontiers_four_binary_2026-08-27.md	SURFACE_AND_BODY_CLOSED	
LOCAL-NCB-MOTIONPLAYER_DLL-PLAYER-METHOD_RAW-PLAY	motionplayer.dll	Player	72	method_raw	play	NCB_METHOD_RAW_CALLBACK(play, &Player::playCompat, 0)	cpp/plugins/motionplayer/main.cpp:368	RAW_METHOD	name=0x14BD70A; publish=0x6D5D04; callbacks=0x6CFFE8	name=0xD75F56; publish=0x598680; callbacks=0x59565C	name=0x10195CE38; publish=0x100125070; callbacks=0x1001212C0	name=0x174F19C; publish=0x1242C8; callbacks=0x120050	EVIDENCED_4_4	OUT_OF_SCOPE_FOR_SURFACE_SLICE	analysis/motionplayer_player_ncb_surface_and_constructor_four_binary_2026-08-26.md	SURFACE_MAPPED_BODY_SEPARATE_OR_PENDING	
LOCAL-NCB-MOTIONPLAYER_DLL-PLAYER-METHOD_RAW-PROGRESS	motionplayer.dll	Player	73	method_raw	progress	NCB_METHOD_RAW_CALLBACK(progress, &Player::progressCompatMethod, 0)	cpp/plugins/motionplayer/main.cpp:369	RAW_METHOD	name=0x14BEE6C; publish=0x6D5D50; callbacks=0x6CFE78	name=0xD76C48; publish=0x598694; callbacks=0x595598	name=0x10195CE42; publish=0x10012508C; callbacks=0x100121204	name=0x174F1A6; publish=0x1242E4; callbacks=0x11FFB4	EVIDENCED_4_4	OUT_OF_SCOPE_FOR_SURFACE_SLICE	analysis/motionplayer_player_ncb_surface_and_constructor_four_binary_2026-08-26.md	SURFACE_MAPPED_BODY_SEPARATE_OR_PENDING	
LOCAL-NCB-MOTIONPLAYER_DLL-PLAYER-METHOD_DETAIL-CLEAR	motionplayer.dll	Player	74	method_detail	clear	NCB_METHOD_DETAIL(clear, Class, void, Class::drawToLayerRecursive_guess, (tTJSVariant, tTJSVariant))	cpp/plugins/motionplayer/main.cpp:372	TYPED_DETAIL_METHOD	name=0x14BD6CE; publish=0x6D5DC0; callbacks=0x6D0160	name=0xD767CE; publish=0x5986AA; callbacks=0x595720	name=0x10195BF68; publish=0x1001250AC; callbacks=0x10012139C	name=0x174E2CC; publish=0x124302; callbacks=0x120168	EVIDENCED_4_4	OUT_OF_SCOPE_FOR_SURFACE_SLICE	analysis/motionplayer_player_ncb_surface_and_constructor_four_binary_2026-08-26.md	SURFACE_MAPPED_BODY_SEPARATE_OR_PENDING	
LOCAL-NCB-MOTIONPLAYER_DLL-PLAYER-METHOD-STOP	motionplayer.dll	Player	75	method	stop	NCB_METHOD(stop)	cpp/plugins/motionplayer/main.cpp:374	METHOD	name=0x14BD714; publish=0x6D5DDC; callbacks=0x6D6E10	name=0xD75F60; publish=0x5986C0; callbacks=0x599118	name=0x10195CE54; publish=0x1001250CC; callbacks=0x100125938	name=0x174F1B8; publish=0x124320; callbacks=0x124B2E	EVIDENCED_4_4	OUT_OF_SCOPE_FOR_SURFACE_SLICE	analysis/motionplayer_player_ncb_surface_and_constructor_four_binary_2026-08-26.md	SURFACE_MAPPED_BODY_SEPARATE_OR_PENDING	
LOCAL-NCB-MOTIONPLAYER_DLL-PLAYER-METHOD-SETCAMERAOFFSET	motionplayer.dll	Player	76	method	setCameraOffset	NCB_METHOD(setCameraOffset)	cpp/plugins/motionplayer/main.cpp:375	METHOD	name=0x14D3F74; publish=0x6D5DF8; callbacks=0x6D6E18	name=0xD8492A; publish=0x5986D6; callbacks=0x599120	name=0x10195CE5E; publish=0x1001250EC; callbacks=0x100125940	name=0x174F1C2; publish=0x12433E; callbacks=0x124B36	EVIDENCED_4_4	IMPLEMENTED	analysis/motionplayer_tjs_array_dictionary_exception_frontiers_four_binary_2026-08-27.md	SURFACE_AND_BODY_CLOSED	
LOCAL-NCB-MOTIONPLAYER_DLL-PLAYER-METHOD-GETCAMERAOFFSET	motionplayer.dll	Player	77	method	getCameraOffset	NCB_METHOD(getCameraOffset)	cpp/plugins/motionplayer/main.cpp:376	METHOD	name=0x14D3F54; publish=0x6D5E78; callbacks=0x6CDE90	name=0xD8490A; publish=0x5986EC; callbacks=0x59441C	name=0x10195CE7E; publish=0x10012510C; callbacks=0x10011F6EC	name=0x174F1E2; publish=0x12435C; callbacks=0x11E220	EVIDENCED_4_4	IMPLEMENTED	analysis/motionplayer_tjs_array_dictionary_exception_frontiers_four_binary_2026-08-27.md	SURFACE_AND_BODY_CLOSED	
LOCAL-NCB-MOTIONPLAYER_DLL-PLAYER-METHOD-RELEASESYNCWAIT	motionplayer.dll	Player	78	method	releaseSyncWait	NCB_METHOD(releaseSyncWait)	cpp/plugins/motionplayer/main.cpp:377	METHOD	name=0x14D6612; publish=0x6D5E94; callbacks=0x6D6E28	name=0x598BF8; publish=0x598700; callbacks=0x59913A	name=0x10195CE9E; publish=0x10012512C; callbacks=0x100125954	name=0x174F202; publish=0x12437A; callbacks=0x124B54	EVIDENCED_4_4	OUT_OF_SCOPE_FOR_SURFACE_SLICE	analysis/motionplayer_player_ncb_surface_and_constructor_four_binary_2026-08-26.md	SURFACE_MAPPED_BODY_SEPARATE_OR_PENDING	
LOCAL-NCB-MOTIONPLAYER_DLL-PLAYER-METHOD_DETAIL-DRAW	motionplayer.dll	Player	79	method_detail	draw	NCB_METHOD_DETAIL(draw, Class, void, Class::draw, (tTJSVariant))	cpp/plugins/motionplayer/main.cpp:378	TYPED_DETAIL_METHOD	name=0x14D3DEA; publish=0x6D5F14; callbacks=0x6D3398	name=0xD84784; publish=0x598716; callbacks=0x597864	name=0x10195CEBE; publish=0x10012514C; callbacks=0x100123C84	name=0x174F222; publish=0x124398; callbacks=0x122F28	EVIDENCED_4_4	OUT_OF_SCOPE_FOR_SURFACE_SLICE	analysis/motionplayer_player_ncb_surface_and_constructor_four_binary_2026-08-26.md	SURFACE_MAPPED_BODY_SEPARATE_OR_PENDING	
LOCAL-NCB-MOTIONPLAYER_DLL-PLAYER-METHOD-SETDRAWAFFINETRANSLATEMATRIX	motionplayer.dll	Player	80	method	setDrawAffineTranslateMatrix	NCB_METHOD(setDrawAffineTranslateMatrix)	cpp/plugins/motionplayer/main.cpp:380	METHOD	name=0x14D3F1A; publish=0x6D5F84; callbacks=0x6D22F4	name=0xD848D0; publish=0x59872C; callbacks=0x596C40	name=0x10195CEC8; publish=0x10012516C; callbacks=0x100122D54	name=0x174F22C; publish=0x1243B6; callbacks=0x121D90	EVIDENCED_4_4	OUT_OF_SCOPE_FOR_SURFACE_SLICE	analysis/motionplayer_player_ncb_surface_and_constructor_four_binary_2026-08-26.md	SURFACE_MAPPED_BODY_SEPARATE_OR_PENDING	
LOCAL-NCB-MOTIONPLAYER_DLL-PLAYER-METHOD-CONTAINS	motionplayer.dll	Player	81	method	contains	NCB_METHOD(contains)	cpp/plugins/motionplayer/main.cpp:381	METHOD	name=0x14BEEC8; publish=0x6D5FF4; callbacks=0x6D071C	name=0xD76C6C; publish=0x598742; callbacks=0x595AF8	name=0x10195B27C; publish=0x10012518C; callbacks=0x1001218E8	name=0x174D5E0; publish=0x1243D4; callbacks=0x12065C	EVIDENCED_4_4	IMPLEMENTED	analysis/motionplayer_player_child_visitor_exception_frontiers_four_binary_2026-08-27.md	SURFACE_AND_BODY_CLOSED	
LOCAL-NCB-MOTIONPLAYER_DLL-PLAYER-METHOD-CALCVIEWPARAM	motionplayer.dll	Player	82	method	calcViewParam	NCB_METHOD(calcViewParam)	cpp/plugins/motionplayer/main.cpp:382	METHOD	name=0x14D6632; publish=0x6D6064; callbacks=0x6CE908	name=0x598C34; publish=0x598756; callbacks=0x594958	name=0x10195CF02; publish=0x1001251AC; callbacks=0x1001201CC	name=0x174F266; publish=0x1243F2; callbacks=0x11EED4	EVIDENCED_4_4	OUT_OF_SCOPE_FOR_SURFACE_SLICE	analysis/motionplayer_player_ncb_surface_and_constructor_four_binary_2026-08-26.md	SURFACE_MAPPED_BODY_SEPARATE_OR_PENDING	
LOCAL-NCB-MOTIONPLAYER_DLL-PLAYER-METHOD-GETCOMMANDLIST	motionplayer.dll	Player	83	method	getCommandList	NCB_METHOD(getCommandList)	cpp/plugins/motionplayer/main.cpp:383	METHOD	name=0x14D4204; publish=0x6D60D4; callbacks=0x6D0E2C	name=0xD84B8A; publish=0x59876C; callbacks=0x595FF0	name=0x10195CF1E; publish=0x1001251CC; callbacks=0x100121EB0	name=0x174F282; publish=0x124410; callbacks=0x120CF8	EVIDENCED_4_4	OUT_OF_SCOPE_FOR_SURFACE_SLICE	analysis/motionplayer_player_ncb_surface_and_constructor_four_binary_2026-08-26.md	SURFACE_MAPPED_BODY_SEPARATE_OR_PENDING	
LOCAL-NCB-MOTIONPLAYER_DLL-PLAYER-METHOD-GETLAYERMOTION	motionplayer.dll	Player	84	method	getLayerMotion	NCB_METHOD(getLayerMotion)	cpp/plugins/motionplayer/main.cpp:384	METHOD	name=0x14D664E; publish=0x6D6144; callbacks=0x6D0D78	name=0xD85F10; publish=0x598782; callbacks=0x595F74	name=0x10195CF3C; publish=0x1001251EC; callbacks=0x100121E38	name=0x174F2A0; publish=0x12442E; callbacks=0x120C2C	EVIDENCED_4_4	IMPLEMENTED	analysis/motionplayer_raw_label_resolver_caller_closure_four_binary_2026-08-27.md	SURFACE_AND_BODY_CLOSED	
LOCAL-NCB-MOTIONPLAYER_DLL-PLAYER-METHOD-GETLAYERGETTER	motionplayer.dll	Player	85	method	getLayerGetter	NCB_METHOD(getLayerGetter)	cpp/plugins/motionplayer/main.cpp:385	METHOD	name=0x14D666C; publish=0x6D61B4; callbacks=0x6D0CD4	name=0xD85F2E; publish=0x598798; callbacks=0x595EF4	name=0x10195CF5A; publish=0x10012520C; callbacks=0x100121D64	name=0x174F2BE; publish=0x12444C; callbacks=0x120B2C	EVIDENCED_4_4	OUT_OF_SCOPE_FOR_SURFACE_SLICE	analysis/motionplayer_player_ncb_surface_and_constructor_four_binary_2026-08-26.md	SURFACE_MAPPED_BODY_SEPARATE_OR_PENDING	
LOCAL-NCB-MOTIONPLAYER_DLL-PLAYER-METHOD-GETLAYERGETTERLIST	motionplayer.dll	Player	86	method	getLayerGetterList	NCB_METHOD(getLayerGetterList)	cpp/plugins/motionplayer/main.cpp:386	METHOD	name=0x14D668A; publish=0x6D621C; callbacks=0x6D2368	name=0xD85F4C; publish=0x5987AE; callbacks=0x596CD4	name=0x10195CF78; publish=0x10012522C; callbacks=0x100122DC0	name=0x174F2DC; publish=0x12446A; callbacks=0x121E18	EVIDENCED_4_4	OUT_OF_SCOPE_FOR_SURFACE_SLICE	analysis/motionplayer_player_ncb_surface_and_constructor_four_binary_2026-08-26.md	SURFACE_MAPPED_BODY_SEPARATE_OR_PENDING	
LOCAL-NCB-MOTIONPLAYER_DLL-PLAYER-METHOD-SKIPTOSYNC	motionplayer.dll	Player	87	method	skipToSync	NCB_METHOD(skipToSync)	cpp/plugins/motionplayer/main.cpp:387	METHOD	name=0x14D66B0; publish=0x6D6238; callbacks=0x6D08E4	name=0xD85F72; publish=0x5987C4; callbacks=0x595C48	name=0x10195CF9E; publish=0x10012524C; callbacks=0x100121A78	name=0x174F302; publish=0x124488; callbacks=0x1207F8	EVIDENCED_4_4	OUT_OF_SCOPE_FOR_SURFACE_SLICE	analysis/motionplayer_player_ncb_surface_and_constructor_four_binary_2026-08-26.md	SURFACE_MAPPED_BODY_SEPARATE_OR_PENDING	
LOCAL-NCB-MOTIONPLAYER_DLL-PLAYER-METHOD-ONACTION	motionplayer.dll	Player	88	method	onAction	NCB_METHOD(onAction)	cpp/plugins/motionplayer/main.cpp:388	METHOD	name=0x14D6152; publish=0x6D62B8; callbacks=0x6D6E30	name=0xD85B14; publish=0x5987DA; callbacks=0x599142	name=0x10195C6F0; publish=0x10012526C; callbacks=0x10012595C	name=0x174EA54; publish=0x1244A6; callbacks=0x124B5C	EVIDENCED_4_4	OUT_OF_SCOPE_FOR_SURFACE_SLICE	analysis/motionplayer_player_ncb_surface_and_constructor_four_binary_2026-08-26.md	SURFACE_MAPPED_BODY_SEPARATE_OR_PENDING	
LOCAL-NCB-MOTIONPLAYER_DLL-PLAYER-METHOD-ONSYNC	motionplayer.dll	Player	89	method	onSync	NCB_METHOD(onSync)	cpp/plugins/motionplayer/main.cpp:389	METHOD	name=0x14D6144; publish=0x6D62D4; callbacks=0x6D6E34	name=0xD85B06; publish=0x5987F0; callbacks=0x599144	name=0x10195C6E2; publish=0x10012528C; callbacks=0x100125960	name=0x174EA46; publish=0x1244C4; callbacks=0x124B5E	EVIDENCED_4_4	OUT_OF_SCOPE_FOR_SURFACE_SLICE	analysis/motionplayer_player_ncb_surface_and_constructor_four_binary_2026-08-26.md	SURFACE_MAPPED_BODY_SEPARATE_OR_PENDING	
LOCAL-NCB-MOTIONPLAYER_DLL-PLAYER-METHOD-ONGROUNDCORRECTION	motionplayer.dll	Player	90	method	onGroundCorrection	NCB_METHOD(onGroundCorrection)	cpp/plugins/motionplayer/main.cpp:390	METHOD	name=0x14D60E2; publish=0x6D6354; callbacks=0x6D6E38	name=0xD85AD4; publish=0x598806; callbacks=0x599146	name=0x10195C64A; publish=0x1001252AC; callbacks=0x100125964	name=0x174E9AE; publish=0x1244E2; callbacks=0x124B60	EVIDENCED_4_4	OUT_OF_SCOPE_FOR_SURFACE_SLICE	analysis/motionplayer_player_ncb_surface_and_constructor_four_binary_2026-08-26.md	SURFACE_MAPPED_BODY_SEPARATE_OR_PENDING	
LOCAL-NCB-MOTIONPLAYER_DLL-PLAYER-METHOD-ONFINDMOTION	motionplayer.dll	Player	91	method	onFindMotion	NCB_METHOD(onFindMotion)	cpp/plugins/motionplayer/main.cpp:391	METHOD	name=0x14D5CC4; publish=0x6D63C4; callbacks=0x6D6E40	name=0xD8572C; publish=0x59881C; callbacks=0x599152	name=0x10195C1CC; publish=0x1001252CC; callbacks=0x10012596C	name=0x174E530; publish=0x124500; callbacks=0x124B6C	EVIDENCED_4_4	OUT_OF_SCOPE_FOR_SURFACE_SLICE	analysis/motionplayer_player_ncb_surface_and_constructor_four_binary_2026-08-26.md	SURFACE_MAPPED_BODY_SEPARATE_OR_PENDING	
LOCAL-NCB-MOTIONPLAYER_DLL-PLAYER-METHOD-ISEXISTMOTION	motionplayer.dll	Player	92	method	isExistMotion	NCB_METHOD(isExistMotion)	cpp/plugins/motionplayer/main.cpp:392	METHOD	name=0x14D5A22; publish=0x6D6434; callbacks=0x6CDBD4	name=0xD85542; publish=0x598832; callbacks=0x5942F4	name=0x10195BED0; publish=0x1001252EC; callbacks=0x10011F558	name=0x174E234; publish=0x12451E; callbacks=0x11E054	EVIDENCED_4_4	OUT_OF_SCOPE_FOR_SURFACE_SLICE	analysis/motionplayer_player_ncb_surface_and_constructor_four_binary_2026-08-26.md	SURFACE_MAPPED_BODY_SEPARATE_OR_PENDING	
LOCAL-NCB-MOTIONPLAYER_DLL-PLAYER-METHOD-SETSTEREOVISIONCAMERAPOSITION	motionplayer.dll	Player	93	method	setStereovisionCameraPosition	NCB_METHOD(setStereovisionCameraPosition)	cpp/plugins/motionplayer/main.cpp:393	METHOD	name=0x14D66C6; publish=0x6D64A4; callbacks=0x6CD420	name=0x598CA4; publish=0x598846; callbacks=0x593F44	name=0x10195CFB4; publish=0x10012530C; callbacks=0x10011F54C	name=0x174F318; publish=0x12453C; callbacks=0x11E038	EVIDENCED_4_4	OUT_OF_SCOPE_FOR_SURFACE_SLICE	analysis/motionplayer_player_ncb_surface_and_constructor_four_binary_2026-08-26.md	SURFACE_MAPPED_BODY_SEPARATE_OR_PENDING	
LOCAL-NCB-MOTIONPLAYER_DLL-EMOTEPLAYER-FACTORY-FACTORY	motionplayer.dll	EmotePlayer	1	factory	<factory>	Factory(&EmotePlayer::factory)	cpp/plugins/motionplayer/main.cpp:407	TYPED_VARIANT_FACTORY	wrapper=0x682FA0; setup=0x683528; registrar=0x67CEA8; publisher=inline; invoke=0x689CA4; construct=0x689D7C; allocate_variant_ctor=0x689E94; native_ctor=0x67B76C	wrapper=0x564E2C; setup=0x56506C; registrar=0x5612E8; publisher=0x561C18; invoke=0x56A280; construct=0x56A310; variant_prepare=0x56A3F4; native_ctor=0x560948	wrapper=0x1001B8CD0; setup=0x1001B8FB8; registrar=0x1001B5130; publisher=0x1001B5B20; invoke=0x1001C5F18; construct=0x1001C5FBC; variant_prepare=0x1001C60E0; native_ctor=0x1001B7FB0	wrapper=0x1B82B8; setup=0x1B8660; registrar=0x1B4DE0; publisher=0x1B5712; invoke=0x1C3158; construct=0x1C31C8; allocate_variant_ctor=0x1C3310; native_ctor=0x1B7788	EVIDENCED_4_4	FACTORY_EVIDENCED_4_4	analysis/motionplayer_emoteplayer_ncb_surface_four_binary_2026-08-27.md	SURFACE_MAPPED_BODY_SEPARATE_OR_PENDING	one Variant; zero ordinary args rejected; one Void is empty-adaptor sentinel; surplus args ignored; attach failure destroys and deletes native
LOCAL-NCB-MOTIONPLAYER_DLL-EMOTEPLAYER-VARIANT-TIMELINEPLAYFLAGPARALLEL	motionplayer.dll	EmotePlayer	2	variant	TimelinePlayFlagParallel	"Variant(TJS_W(""TimelinePlayFlagParallel""), (tjs_int)TimelinePlayFlagParallel)"	cpp/plugins/motionplayer/main.cpp:410	STATIC_CONSTANT	registrar=0x67CEA8; value=1	registrar=0x5612E8; value=1	registrar=0x1001B5130; value=1	registrar=0x1B4DE0; value=1	EVIDENCED_4_4	NOT_APPLICABLE_CONSTANT	analysis/motionplayer_emoteplayer_ncb_surface_four_binary_2026-08-27.md	SURFACE_MAPPED_BODY_SEPARATE_OR_PENDING	TJS_STATICMEMBER integer
LOCAL-NCB-MOTIONPLAYER_DLL-EMOTEPLAYER-VARIANT-TIMELINEPLAYFLAGDIFFERENCE	motionplayer.dll	EmotePlayer	3	variant	TimelinePlayFlagDifference	"Variant(TJS_W(""TimelinePlayFlagDifference""), (tjs_int)TimelinePlayFlagDifference)"	cpp/plugins/motionplayer/main.cpp:412	STATIC_CONSTANT	registrar=0x67CEA8; value=2	registrar=0x5612E8; value=2	registrar=0x1001B5130; value=2	registrar=0x1B4DE0; value=2	EVIDENCED_4_4	NOT_APPLICABLE_CONSTANT	analysis/motionplayer_emoteplayer_ncb_surface_four_binary_2026-08-27.md	SURFACE_MAPPED_BODY_SEPARATE_OR_PENDING	TJS_STATICMEMBER integer
LOCAL-NCB-MOTIONPLAYER_DLL-EMOTEPLAYER-METHOD-PROGRESS	motionplayer.dll	EmotePlayer	4	method	progress	NCB_METHOD(progress)	cpp/plugins/motionplayer/main.cpp:416	METHOD	registrar=0x67CEA8; callback=0x67EC94	registrar=0x5612E8; callback=0x561D08	registrar=0x1001B5130; callback=0x1001B5C68	registrar=0x1B4DE0; callback=0x1B586C	EVIDENCED_4_4	IMPLEMENTED	analysis/motionplayer_emoteplayer_primary_flow_raw_setters_four_binary_2026-08-27.md	SURFACE_AND_BODY_CLOSED	Android armv7 callback was recovered as an independent 0x561D08..0x561D24 function
LOCAL-NCB-MOTIONPLAYER_DLL-EMOTEPLAYER-METHOD-FRAMEPROGRESS	motionplayer.dll	EmotePlayer	5	method	frameProgress	"Method(TJS_W(""frameProgress""), &EmoteEngine::progress)"	cpp/plugins/motionplayer/main.cpp:417	METHOD	registrar=0x67CEA8; callback=entry=0x67A3F8; containing_func=0x530E3C	registrar=0x5612E8; callback=0x55FEF0	registrar=0x1001B5130; callback=0x1001B4304	registrar=0x1B4DE0; callback=0x1B3E10	EVIDENCED_4_4	IMPLEMENTED	analysis/motionplayer_emoteplayer_primary_flow_raw_setters_four_binary_2026-08-27.md	SURFACE_AND_BODY_CLOSED	direct EmoteEngine progress binding; Android arm64 entry is a distant function chunk
LOCAL-NCB-MOTIONPLAYER_DLL-EMOTEPLAYER-METHOD-DRAW	motionplayer.dll	EmotePlayer	6	method	draw	NCB_METHOD(draw)	cpp/plugins/motionplayer/main.cpp:419	METHOD	registrar=0x67CEA8; callback=0x67ECB0	registrar=0x5612E8; callback=0x561D38	registrar=0x1001B5130; callback=0x1001B5C84	registrar=0x1B4DE0; callback=0x1B5898	EVIDENCED_4_4	IMPLEMENTED	analysis/motionplayer_emoteplayer_primary_flow_raw_setters_four_binary_2026-08-27.md	SURFACE_AND_BODY_CLOSED	
LOCAL-NCB-MOTIONPLAYER_DLL-EMOTEPLAYER-METHOD-INITPHYSICS	motionplayer.dll	EmotePlayer	7	method	initPhysics	"Method(TJS_W(""initPhysics""), &EmoteEngine::applyMetadata_guess)"	cpp/plugins/motionplayer/main.cpp:420	METHOD	registrar=0x67CEA8; callback=0x67A8B0	registrar=0x5612E8; callback=0x560020	registrar=0x1001B5130; callback=0x1001B4468	registrar=0x1B4DE0; callback=0x1B3F58	EVIDENCED_4_4	IMPLEMENTED	analysis/motionplayer_emoteplayer_primary_flow_raw_setters_four_binary_2026-08-27.md	SURFACE_AND_BODY_CLOSED	direct EmoteEngine applyMetadata binding
LOCAL-NCB-MOTIONPLAYER_DLL-EMOTEPLAYER-METHOD-STARTWIND	motionplayer.dll	EmotePlayer	8	method	startWind	"Method(TJS_W(""startWind""), &EmoteEngine::setWind_guess)"	cpp/plugins/motionplayer/main.cpp:422	METHOD	registrar=0x67CEA8; callback=0x66DD8C	registrar=0x5612E8; callback=0x559900	registrar=0x1001B5130; callback=0x1001AC718	registrar=0x1B4DE0; callback=0x1ABF24	EVIDENCED_4_4	IMPLEMENTED	analysis/motionplayer_emoteplayer_primary_flow_raw_setters_four_binary_2026-08-27.md	SURFACE_AND_BODY_CLOSED	direct EmoteEngine setWind binding
LOCAL-NCB-MOTIONPLAYER_DLL-EMOTEPLAYER-METHOD-STOPWIND	motionplayer.dll	EmotePlayer	9	method	stopWind	NCB_METHOD(stopWind)	cpp/plugins/motionplayer/main.cpp:424	METHOD	registrar=0x67CEA8; callback=0x67EE18	registrar=0x5612E8; callback=0x561D90	registrar=0x1001B5130; callback=0x1001B5CD8	registrar=0x1B4DE0; callback=0x1B5944	EVIDENCED_4_4	IMPLEMENTED	analysis/motionplayer_emoteplayer_primary_flow_raw_setters_four_binary_2026-08-27.md	SURFACE_AND_BODY_CLOSED	
LOCAL-NCB-MOTIONPLAYER_DLL-EMOTEPLAYER-METHOD-PLAY	motionplayer.dll	EmotePlayer	10	method	play	NCB_METHOD(play)	cpp/plugins/motionplayer/main.cpp:425	METHOD	registrar=0x67CEA8; callback=0x67C7EC	registrar=0x5612E8; callback=0x5610B0	registrar=0x1001B5130; callback=0x1001B5040	registrar=0x1B4DE0; callback=0x1B4CBC	EVIDENCED_4_4	IMPLEMENTED	analysis/motionplayer_emoteplayer_primary_flow_raw_setters_four_binary_2026-08-27.md	SURFACE_AND_BODY_CLOSED	
LOCAL-NCB-MOTIONPLAYER_DLL-EMOTEPLAYER-METHOD-CLEAR	motionplayer.dll	EmotePlayer	11	method	clear	NCB_METHOD(clear)	cpp/plugins/motionplayer/main.cpp:426	METHOD	registrar=0x67CEA8; callback=0x67EE44	registrar=0x5612E8; callback=0x561DA8	registrar=0x1001B5130; callback=0x1001B5D04	registrar=0x1B4DE0; callback=0x1B595C	EVIDENCED_4_4	IMPLEMENTED	analysis/motionplayer_emoteplayer_primary_flow_raw_setters_four_binary_2026-08-27.md	SURFACE_AND_BODY_CLOSED	
LOCAL-NCB-MOTIONPLAYER_DLL-EMOTEPLAYER-METHOD-GETVARIABLE	motionplayer.dll	EmotePlayer	12	method	getVariable	"Method(TJS_W(""getVariable""), &EmoteEngine::getVariable)"	cpp/plugins/motionplayer/main.cpp:427	METHOD	registrar=0x67CEA8; callback=0x5341FC	registrar=0x5612E8; callback=0x4979BC	registrar=0x1001B5130; callback=0x1001B5D84	registrar=0x1B4DE0; callback=0x1B5A2C	EVIDENCED_4_4	IMPLEMENTED	analysis/motionplayer_emoteplayer_primary_flow_raw_setters_four_binary_2026-08-27.md	SURFACE_AND_BODY_CLOSED	direct EmoteEngine binding
LOCAL-NCB-MOTIONPLAYER_DLL-EMOTEPLAYER-METHOD-CONTAINS	motionplayer.dll	EmotePlayer	13	method	contains	NCB_METHOD(contains)	cpp/plugins/motionplayer/main.cpp:429	METHOD	registrar=0x67CEA8; callback=0x67EEEC	registrar=0x5612E8; callback=0x497BFE	registrar=0x1001B5130; callback=0x1001B5E84	registrar=0x1B4DE0; callback=0x1B5B74	EVIDENCED_4_4	IMPLEMENTED	analysis/motionplayer_emoteplayer_primary_flow_raw_setters_four_binary_2026-08-27.md	SURFACE_AND_BODY_CLOSED	
LOCAL-NCB-MOTIONPLAYER_DLL-EMOTEPLAYER-METHOD-SERIALIZE	motionplayer.dll	EmotePlayer	14	method	serialize	"Method(TJS_W(""serialize""), &EmoteEngine::serializeState_guess)"	cpp/plugins/motionplayer/main.cpp:430	METHOD	registrar=0x67CEA8; callback=0x673220	registrar=0x5612E8; callback=0x55BB70	registrar=0x1001B5130; callback=0x1001AF774	registrar=0x1B4DE0; callback=0x1AEF30	EVIDENCED_4_4	IMPLEMENTED	analysis/motionplayer_emoteplayer_primary_flow_raw_setters_four_binary_2026-08-27.md	SURFACE_AND_BODY_CLOSED	direct EmoteEngine serializeState binding
LOCAL-NCB-MOTIONPLAYER_DLL-EMOTEPLAYER-METHOD-UNSERIALIZE	motionplayer.dll	EmotePlayer	15	method	unserialize	"Method(TJS_W(""unserialize""), &EmoteEngine::unserializeState_guess)"	cpp/plugins/motionplayer/main.cpp:432	METHOD	registrar=0x67CEA8; callback=0x675424	registrar=0x5612E8; callback=0x55CF3C	registrar=0x1001B5130; callback=0x1001B1130	registrar=0x1B4DE0; callback=0x1B0B80	EVIDENCED_4_4	IMPLEMENTED	analysis/motionplayer_emoteplayer_primary_flow_raw_setters_four_binary_2026-08-27.md	SURFACE_AND_BODY_CLOSED	direct EmoteEngine unserializeState binding
LOCAL-NCB-MOTIONPLAYER_DLL-EMOTEPLAYER-METHOD-PASS	motionplayer.dll	EmotePlayer	16	method	pass	NCB_METHOD(pass)	cpp/plugins/motionplayer/main.cpp:434	METHOD	registrar=0x67CEA8; callback=0x67F028	registrar=0x5612E8; callback=0x561E18	registrar=0x1001B5130; callback=0x1001B5ECC	registrar=0x1B4DE0; callback=0x1B5BAA	EVIDENCED_4_4	IMPLEMENTED	analysis/motionplayer_emoteplayer_primary_flow_raw_setters_four_binary_2026-08-27.md	SURFACE_AND_BODY_CLOSED	
LOCAL-NCB-MOTIONPLAYER_DLL-EMOTEPLAYER-METHOD_RAW-SETVARIABLE	motionplayer.dll	EmotePlayer	17	method_raw	setVariable	NCB_METHOD_RAW_CALLBACK(setVariable, &EmotePlayer::setVariableCompat, 0)	cpp/plugins/motionplayer/main.cpp:435	RAW_METHOD_CALLBACK	registrar=0x67CEA8; callback=0x66F1D0	registrar=0x5612E8; callback=0x55A368	registrar=0x1001B5130; callback=0x1001AD684	registrar=0x1B4DE0; callback=0x1ACD18	EVIDENCED_4_4	IMPLEMENTED	analysis/motionplayer_emoteplayer_primary_flow_raw_setters_four_binary_2026-08-27.md	SURFACE_AND_BODY_CLOSED	
LOCAL-NCB-MOTIONPLAYER_DLL-EMOTEPLAYER-METHOD_RAW-SETCOORD	motionplayer.dll	EmotePlayer	18	method_raw	setCoord	NCB_METHOD_RAW_CALLBACK(setCoord, &EmotePlayer::setCoordCompat, 0)	cpp/plugins/motionplayer/main.cpp:436	RAW_METHOD_CALLBACK	registrar=0x67CEA8; callback=0x66F440	registrar=0x5612E8; callback=0x55A450	registrar=0x1001B5130; callback=0x1001AD778	registrar=0x1B4DE0; callback=0x1ACE5C	EVIDENCED_4_4	IMPLEMENTED	analysis/motionplayer_emoteplayer_primary_flow_raw_setters_four_binary_2026-08-27.md	SURFACE_AND_BODY_CLOSED	
LOCAL-NCB-MOTIONPLAYER_DLL-EMOTEPLAYER-METHOD_RAW-SETSCALE	motionplayer.dll	EmotePlayer	19	method_raw	setScale	NCB_METHOD_RAW_CALLBACK(setScale, &EmotePlayer::setScaleCompat, 0)	cpp/plugins/motionplayer/main.cpp:437	RAW_METHOD_CALLBACK	registrar=0x67CEA8; callback=0x66F6FC	registrar=0x5612E8; callback=0x55A548	registrar=0x1001B5130; callback=0x1001AD894	registrar=0x1B4DE0; callback=0x1ACF52	EVIDENCED_4_4	IMPLEMENTED	analysis/motionplayer_emoteplayer_primary_flow_raw_setters_four_binary_2026-08-27.md	SURFACE_AND_BODY_CLOSED	
LOCAL-NCB-MOTIONPLAYER_DLL-EMOTEPLAYER-METHOD_RAW-SETROTATE	motionplayer.dll	EmotePlayer	20	method_raw	setRotate	NCB_METHOD_RAW_CALLBACK(setRotate, &EmotePlayer::setRotateCompat, 0)	cpp/plugins/motionplayer/main.cpp:438	RAW_METHOD_CALLBACK	registrar=0x67CEA8; callback=0x66F948	registrar=0x5612E8; callback=0x55A628	registrar=0x1001B5130; callback=0x1001AD970	registrar=0x1B4DE0; callback=0x1AD010	EVIDENCED_4_4	IMPLEMENTED	analysis/motionplayer_emoteplayer_primary_flow_raw_setters_four_binary_2026-08-27.md	SURFACE_AND_BODY_CLOSED	
LOCAL-NCB-MOTIONPLAYER_DLL-EMOTEPLAYER-METHOD_RAW-SETCOLOR	motionplayer.dll	EmotePlayer	21	method_raw	setColor	NCB_METHOD_RAW_CALLBACK(setColor, &EmotePlayer::setColorCompat, 0)	cpp/plugins/motionplayer/main.cpp:439	RAW_METHOD_CALLBACK	registrar=0x67CEA8; callback=0x66FB5C	registrar=0x5612E8; callback=0x55A6E8	registrar=0x1001B5130; callback=0x1001ADA3C	registrar=0x1B4DE0; callback=0x1AD0CC	EVIDENCED_4_4	IMPLEMENTED	analysis/motionplayer_emoteplayer_primary_flow_raw_setters_four_binary_2026-08-27.md	SURFACE_AND_BODY_CLOSED	
LOCAL-NCB-MOTIONPLAYER_DLL-EMOTEPLAYER-METHOD_RAW-SETOUTERFORCE	motionplayer.dll	EmotePlayer	22	method_raw	setOuterForce	NCB_METHOD_RAW_CALLBACK(setOuterForce, &EmotePlayer::setOuterForceCompat, 0)	cpp/plugins/motionplayer/main.cpp:440	RAW_METHOD_CALLBACK	registrar=0x67CEA8; callback=0x66FE58	registrar=0x5612E8; callback=0x55A828	registrar=0x1001B5130; callback=0x1001ADB98	registrar=0x1B4DE0; callback=0x1AD218	EVIDENCED_4_4	IMPLEMENTED	analysis/motionplayer_emoteplayer_primary_flow_raw_setters_four_binary_2026-08-27.md	SURFACE_AND_BODY_CLOSED	
LOCAL-NCB-MOTIONPLAYER_DLL-EMOTEPLAYER-PROPERTY-COMPLETIONTYPE	motionplayer.dll	EmotePlayer	23	property	completionType	NCB_PROPERTY(completionType, getCompletionType, setCompletionType)	cpp/plugins/motionplayer/main.cpp:443	RW_PROPERTY	registrar=0x67CEA8; get=0x67F02C; set=0x67F038	registrar=0x5612E8; get=0x561E50; set=0x561E5A	registrar=0x1001B5130; get=0x1001B5F24; set=0x1001B5F30	registrar=0x1B4DE0; get=0x1B5BD6; set=0x1B5BE0	EVIDENCED_4_4	IMPLEMENTED	analysis/motionplayer_emoteplayer_player_facade_properties_methods_four_binary_2026-08-27.md	SURFACE_AND_BODY_CLOSED	
LOCAL-NCB-MOTIONPLAYER_DLL-EMOTEPLAYER-PROPERTY-CHARA	motionplayer.dll	EmotePlayer	24	property	chara	NCB_PROPERTY(chara, getChara, setChara)	cpp/plugins/motionplayer/main.cpp:444	RW_PROPERTY	registrar=0x67CEA8; get=0x67F044; set=0x67C750	registrar=0x5612E8; get=0x561E64; set=0x561044	registrar=0x1001B5130; get=0x1001B5F3C; set=0x1001B4FD8	registrar=0x1B4DE0; get=0x1B5BEA; set=0x1B4BFC	EVIDENCED_4_4	IMPLEMENTED	analysis/motionplayer_emoteplayer_player_facade_properties_methods_four_binary_2026-08-27.md	SURFACE_AND_BODY_CLOSED	
LOCAL-NCB-MOTIONPLAYER_DLL-EMOTEPLAYER-PROPERTY-MOTION	motionplayer.dll	EmotePlayer	25	property	motion	NCB_PROPERTY(motion, getMotion, setMotion)	cpp/plugins/motionplayer/main.cpp:445	RW_PROPERTY	registrar=0x67CEA8; get=0x67F068; set=0x67F08C	registrar=0x5612E8; get=0x561E88; set=0x561EAC	registrar=0x1001B5130; get=0x1001B5F60; set=0x1001B5F84	registrar=0x1B4DE0; get=0x1B5C0E; set=0x1B5C34	EVIDENCED_4_4	IMPLEMENTED	analysis/motionplayer_emoteplayer_player_facade_properties_methods_four_binary_2026-08-27.md	SURFACE_AND_BODY_CLOSED	
LOCAL-NCB-MOTIONPLAYER_DLL-EMOTEPLAYER-PROPERTY-MOTIONKEY	motionplayer.dll	EmotePlayer	26	property	motionKey	NCB_PROPERTY(motionKey, getMotionKey, setMotionKey)	cpp/plugins/motionplayer/main.cpp:446	RW_PROPERTY	registrar=0x67CEA8; get=0x67F128; set=entry=0x67C6C0; containing_func=0x67C4AC	registrar=0x5612E8; get=0x561F18; set=0x560FD4	registrar=0x1001B5130; get=0x1001B5FEC; set=0x1001B4F68	registrar=0x1B4DE0; get=0x1B5CF4; set=0x1B4B38	EVIDENCED_4_4	IMPLEMENTED	analysis/motionplayer_emoteplayer_player_facade_properties_methods_four_binary_2026-08-27.md	SURFACE_AND_BODY_CLOSED	
LOCAL-NCB-MOTIONPLAYER_DLL-EMOTEPLAYER-PROPERTY-PROJECT	motionplayer.dll	EmotePlayer	27	property	project	NCB_PROPERTY(project, getMotionKey, setMotionKey)	cpp/plugins/motionplayer/main.cpp:447	RW_PROPERTY	registrar=0x67CEA8; get=0x67F128; set=entry=0x67C6C0; containing_func=0x67C4AC	registrar=0x5612E8; get=0x561F18; set=0x560FD4	registrar=0x1001B5130; get=0x1001B5FEC; set=0x1001B4F68	registrar=0x1B4DE0; get=0x1B5CF4; set=0x1B4B38	EVIDENCED_4_4	IMPLEMENTED	analysis/motionplayer_emoteplayer_player_facade_properties_methods_four_binary_2026-08-27.md	SURFACE_AND_BODY_CLOSED	exact callback alias with motionKey
LOCAL-NCB-MOTIONPLAYER_DLL-EMOTEPLAYER-PROPERTY-MASKMODE	motionplayer.dll	EmotePlayer	28	property	maskMode	NCB_PROPERTY(maskMode, getMaskMode, setMaskMode)	cpp/plugins/motionplayer/main.cpp:448	RW_PROPERTY	registrar=0x67CEA8; get=0x67F1A4; set=0x67F1B0	registrar=0x5612E8; get=0x561F74; set=0x561F7E	registrar=0x1001B5130; get=0x1001B6048; set=0x1001B6054	registrar=0x1B4DE0; get=0x1B5DA4; set=0x1B5DAE	EVIDENCED_4_4	IMPLEMENTED	analysis/motionplayer_emoteplayer_player_facade_properties_methods_four_binary_2026-08-27.md	SURFACE_AND_BODY_CLOSED	
LOCAL-NCB-MOTIONPLAYER_DLL-EMOTEPLAYER-PROPERTY-MESHDIVISIONRATIO	motionplayer.dll	EmotePlayer	29	property	meshDivisionRatio	NCB_PROPERTY(meshDivisionRatio, getMeshDivisionRatio, setMeshDivisionRatio)	cpp/plugins/motionplayer/main.cpp:449	RW_PROPERTY	registrar=0x67CEA8; get=0x67F1BC; set=0x67F1C8	registrar=0x5612E8; get=0x561F88; set=0x561F96	registrar=0x1001B5130; get=0x1001B6060; set=0x1001B606C	registrar=0x1B4DE0; get=0x1B5DB8; set=0x1B5DC6	EVIDENCED_4_4	IMPLEMENTED	analysis/motionplayer_emoteplayer_player_facade_properties_methods_four_binary_2026-08-27.md	SURFACE_AND_BODY_CLOSED	
LOCAL-NCB-MOTIONPLAYER_DLL-EMOTEPLAYER-PROPERTY-OUTLINE	motionplayer.dll	EmotePlayer	30	property	outline	NCB_PROPERTY(outline, getOutline, setOutline)	cpp/plugins/motionplayer/main.cpp:450	RW_PROPERTY	registrar=0x67CEA8; get=0x67F1D4; set=0x67F1E4	registrar=0x5612E8; get=0x561FA4; set=0x561FB8	registrar=0x1001B5130; get=0x1001B6078; set=0x1001B6088	registrar=0x1B4DE0; get=0x1B5DD4; set=0x1B5DE8	EVIDENCED_4_4	IMPLEMENTED	analysis/motionplayer_emoteplayer_player_facade_properties_methods_four_binary_2026-08-27.md	SURFACE_AND_BODY_CLOSED	
LOCAL-NCB-MOTIONPLAYER_DLL-EMOTEPLAYER-PROPERTY-PRIORDRAW	motionplayer.dll	EmotePlayer	31	property	priorDraw	NCB_PROPERTY(priorDraw, getPriorDraw, setPriorDraw)	cpp/plugins/motionplayer/main.cpp:451	RW_PROPERTY	registrar=0x67CEA8; get=0x67F258; set=0x67F264	registrar=0x5612E8; get=0x562010; set=0x56201A	registrar=0x1001B5130; get=0x1001B60DC; set=0x1001B60E8	registrar=0x1B4DE0; get=0x1B5E94; set=0x1B5E9E	EVIDENCED_4_4	IMPLEMENTED	analysis/motionplayer_emoteplayer_player_facade_properties_methods_four_binary_2026-08-27.md	SURFACE_AND_BODY_CLOSED	
LOCAL-NCB-MOTIONPLAYER_DLL-EMOTEPLAYER-PROPERTY_RO-FRAMELASTTIME	motionplayer.dll	EmotePlayer	32	property_ro	frameLastTime	NCB_PROPERTY_RO(frameLastTime, getFrameLastTime)	cpp/plugins/motionplayer/main.cpp:452	RO_PROPERTY	registrar=0x67CEA8; get=0x67F274	registrar=0x5612E8; get=0x562024	registrar=0x1001B5130; get=0x1001B60F4	registrar=0x1B4DE0; get=0x1B5EA8	EVIDENCED_4_4	IMPLEMENTED	analysis/motionplayer_emoteplayer_player_facade_properties_methods_four_binary_2026-08-27.md	SURFACE_AND_BODY_CLOSED	
LOCAL-NCB-MOTIONPLAYER_DLL-EMOTEPLAYER-PROPERTY_RO-FRAMELOOPTIME	motionplayer.dll	EmotePlayer	33	property_ro	frameLoopTime	NCB_PROPERTY_RO(frameLoopTime, getFrameLoopTime)	cpp/plugins/motionplayer/main.cpp:453	RO_PROPERTY	registrar=0x67CEA8; get=0x67F280	registrar=0x5612E8; get=0x562032	registrar=0x1001B5130; get=0x1001B6100	registrar=0x1B4DE0; get=0x1B5EB6	EVIDENCED_4_4	IMPLEMENTED	analysis/motionplayer_emoteplayer_player_facade_properties_methods_four_binary_2026-08-27.md	SURFACE_AND_BODY_CLOSED	
LOCAL-NCB-MOTIONPLAYER_DLL-EMOTEPLAYER-PROPERTY_RO-LASTTIME	motionplayer.dll	EmotePlayer	34	property_ro	lastTime	NCB_PROPERTY_RO(lastTime, getFrameLastTime)	cpp/plugins/motionplayer/main.cpp:454	RO_PROPERTY	registrar=0x67CEA8; get=0x67F274	registrar=0x5612E8; get=0x562024	registrar=0x1001B5130; get=0x1001B60F4	registrar=0x1B4DE0; get=0x1B5EA8	EVIDENCED_4_4	IMPLEMENTED	analysis/motionplayer_emoteplayer_player_facade_properties_methods_four_binary_2026-08-27.md	SURFACE_AND_BODY_CLOSED	exact alias with frameLastTime
LOCAL-NCB-MOTIONPLAYER_DLL-EMOTEPLAYER-PROPERTY_RO-LOOPTIME	motionplayer.dll	EmotePlayer	35	property_ro	loopTime	NCB_PROPERTY_RO(loopTime, getFrameLoopTime)	cpp/plugins/motionplayer/main.cpp:455	RO_PROPERTY	registrar=0x67CEA8; get=0x67F280	registrar=0x5612E8; get=0x562032	registrar=0x1001B5130; get=0x1001B6100	registrar=0x1B4DE0; get=0x1B5EB6	EVIDENCED_4_4	IMPLEMENTED	analysis/motionplayer_emoteplayer_player_facade_properties_methods_four_binary_2026-08-27.md	SURFACE_AND_BODY_CLOSED	exact alias with frameLoopTime
LOCAL-NCB-MOTIONPLAYER_DLL-EMOTEPLAYER-PROPERTY_RO-BOUNDS	motionplayer.dll	EmotePlayer	36	property_ro	bounds	NCB_PROPERTY_RO(bounds, getBounds)	cpp/plugins/motionplayer/main.cpp:456	RO_PROPERTY	registrar=0x67CEA8; get=0x67F28C	registrar=0x5612E8; get=0x562040	registrar=0x1001B5130; get=0x1001B610C	registrar=0x1B4DE0; get=0x1B5EC4	EVIDENCED_4_4	IMPLEMENTED	analysis/motionplayer_emoteplayer_player_facade_properties_methods_four_binary_2026-08-27.md	SURFACE_AND_BODY_CLOSED	
LOCAL-NCB-MOTIONPLAYER_DLL-EMOTEPLAYER-PROPERTY_RO-PROCESSEDMESHVERTICESNUM	motionplayer.dll	EmotePlayer	37	property_ro	processedMeshVerticesNum	NCB_PROPERTY_RO(processedMeshVerticesNum, getProcessedMeshVerticesNum)	cpp/plugins/motionplayer/main.cpp:457	RO_PROPERTY	registrar=0x67CEA8; get=0x67F294	registrar=0x5612E8; get=0x56204E	registrar=0x1001B5130; get=0x1001B6114	registrar=0x1B4DE0; get=0x1B5ED2	EVIDENCED_4_4	IMPLEMENTED	analysis/motionplayer_emoteplayer_player_facade_properties_methods_four_binary_2026-08-27.md	SURFACE_AND_BODY_CLOSED	
LOCAL-NCB-MOTIONPLAYER_DLL-EMOTEPLAYER-METHOD-SETDRAWAFFINETRANSLATEMATRIX	motionplayer.dll	EmotePlayer	38	method	setDrawAffineTranslateMatrix	NCB_METHOD(setDrawAffineTranslateMatrix)	cpp/plugins/motionplayer/main.cpp:459	METHOD	registrar=0x67CEA8; callback=0x67F2C8	registrar=0x5612E8; callback=0x562068	registrar=0x1001B5130; callback=0x1001B6148	registrar=0x1B4DE0; callback=0x1B5EEC	EVIDENCED_4_4	IMPLEMENTED	analysis/motionplayer_emoteplayer_player_facade_properties_methods_four_binary_2026-08-27.md	SURFACE_AND_BODY_CLOSED	
LOCAL-NCB-MOTIONPLAYER_DLL-EMOTEPLAYER-METHOD-GETCAMERAOFFSET	motionplayer.dll	EmotePlayer	39	method	getCameraOffset	NCB_METHOD(getCameraOffset)	cpp/plugins/motionplayer/main.cpp:462	METHOD	registrar=0x67CEA8; callback=0x67F2D0	registrar=0x5612E8; callback=0x562070	registrar=0x1001B5130; callback=0x1001B6150	registrar=0x1B4DE0; callback=0x1B5F26	EVIDENCED_4_4	IMPLEMENTED	analysis/motionplayer_emoteplayer_player_facade_properties_methods_four_binary_2026-08-27.md	SURFACE_AND_BODY_CLOSED	
LOCAL-NCB-MOTIONPLAYER_DLL-EMOTEPLAYER-METHOD-SETCAMERAOFFSET	motionplayer.dll	EmotePlayer	40	method	setCameraOffset	NCB_METHOD(setCameraOffset)	cpp/plugins/motionplayer/main.cpp:463	METHOD	registrar=0x67CEA8; callback=0x67F2D8	registrar=0x5612E8; callback=0x56207E	registrar=0x1001B5130; callback=0x1001B6158	registrar=0x1B4DE0; callback=0x1B5F34	EVIDENCED_4_4	IMPLEMENTED	analysis/motionplayer_emoteplayer_player_facade_properties_methods_four_binary_2026-08-27.md	SURFACE_AND_BODY_CLOSED	
LOCAL-NCB-MOTIONPLAYER_DLL-EMOTEPLAYER-METHOD-MODIFYROOT	motionplayer.dll	EmotePlayer	41	method	modifyRoot	NCB_METHOD(modifyRoot)	cpp/plugins/motionplayer/main.cpp:464	METHOD	registrar=0x67CEA8; callback=0x67F2EC	registrar=0x5612E8; callback=0x56209C	registrar=0x1001B5130; callback=0x1001B616C	registrar=0x1B4DE0; callback=0x1B5F56	EVIDENCED_4_4	IMPLEMENTED	analysis/motionplayer_emoteplayer_player_facade_properties_methods_four_binary_2026-08-27.md	SURFACE_AND_BODY_CLOSED	
LOCAL-NCB-MOTIONPLAYER_DLL-EMOTEPLAYER-METHOD-SETHAIRSCALE	motionplayer.dll	EmotePlayer	42	method	setHairScale	NCB_METHOD(setHairScale)	cpp/plugins/motionplayer/main.cpp:465	METHOD	registrar=0x67CEA8; callback=0x67F300	registrar=0x5612E8; callback=0x5620AC	registrar=0x1001B5130; callback=0x1001B619C	registrar=0x1B4DE0; callback=0x1B5F84	EVIDENCED_4_4	IMPLEMENTED	analysis/motionplayer_emoteplayer_scale_trigger_variablekeys_animating_four_binary_2026-08-27.md	SURFACE_AND_BODY_CLOSED	
LOCAL-NCB-MOTIONPLAYER_DLL-EMOTEPLAYER-METHOD-SETPARTSSCALE	motionplayer.dll	EmotePlayer	43	method	setPartsScale	NCB_METHOD(setPartsScale)	cpp/plugins/motionplayer/main.cpp:466	METHOD	registrar=0x67CEA8; callback=0x67F308	registrar=0x5612E8; callback=0x5620B6	registrar=0x1001B5130; callback=0x1001B61A4	registrar=0x1B4DE0; callback=0x1B5F8E	EVIDENCED_4_4	IMPLEMENTED	analysis/motionplayer_emoteplayer_scale_trigger_variablekeys_animating_four_binary_2026-08-27.md	SURFACE_AND_BODY_CLOSED	
LOCAL-NCB-MOTIONPLAYER_DLL-EMOTEPLAYER-METHOD-SETBUSTSCALE	motionplayer.dll	EmotePlayer	44	method	setBustScale	NCB_METHOD(setBustScale)	cpp/plugins/motionplayer/main.cpp:467	METHOD	registrar=0x67CEA8; callback=0x67F310	registrar=0x5612E8; callback=0x5620C0	registrar=0x1001B5130; callback=0x1001B61AC	registrar=0x1B4DE0; callback=0x1B5F98	EVIDENCED_4_4	IMPLEMENTED	analysis/motionplayer_emoteplayer_scale_trigger_variablekeys_animating_four_binary_2026-08-27.md	SURFACE_AND_BODY_CLOSED	
LOCAL-NCB-MOTIONPLAYER_DLL-EMOTEPLAYER-PROPERTY-HAIRSCALE	motionplayer.dll	EmotePlayer	45	property	hairScale	NCB_PROPERTY(hairScale, getHairScale, setHairScale)	cpp/plugins/motionplayer/main.cpp:470	RW_PROPERTY	registrar=0x67CEA8; get=0x67F318; set=0x67F300	registrar=0x5612E8; get=0x5620CA; set=0x5620AC	registrar=0x1001B5130; get=0x1001B61B4; set=0x1001B619C	registrar=0x1B4DE0; get=0x1B5FA2; set=0x1B5F84	EVIDENCED_4_4	IMPLEMENTED	analysis/motionplayer_emoteplayer_scale_trigger_variablekeys_animating_four_binary_2026-08-27.md	SURFACE_AND_BODY_CLOSED	setter exact alias with setHairScale
LOCAL-NCB-MOTIONPLAYER_DLL-EMOTEPLAYER-PROPERTY-BUSTSCALE	motionplayer.dll	EmotePlayer	46	property	bustScale	NCB_PROPERTY(bustScale, getBustScale, setBustScale)	cpp/plugins/motionplayer/main.cpp:471	RW_PROPERTY	registrar=0x67CEA8; get=0x67F320; set=0x67F310	registrar=0x5612E8; get=0x5620D4; set=0x5620C0	registrar=0x1001B5130; get=0x1001B61BC; set=0x1001B61AC	registrar=0x1B4DE0; get=0x1B5FAC; set=0x1B5F98	EVIDENCED_4_4	IMPLEMENTED	analysis/motionplayer_emoteplayer_scale_trigger_variablekeys_animating_four_binary_2026-08-27.md	SURFACE_AND_BODY_CLOSED	setter exact alias with setBustScale
LOCAL-NCB-MOTIONPLAYER_DLL-EMOTEPLAYER-PROPERTY-PARTSSCALE	motionplayer.dll	EmotePlayer	47	property	partsScale	NCB_PROPERTY(partsScale, getPartsScale, setPartsScale)	cpp/plugins/motionplayer/main.cpp:472	RW_PROPERTY	registrar=0x67CEA8; get=0x67F328; set=0x67F308	registrar=0x5612E8; get=0x5620DE; set=0x5620B6	registrar=0x1001B5130; get=0x1001B61C4; set=0x1001B61A4	registrar=0x1B4DE0; get=0x1B5FB6; set=0x1B5F8E	EVIDENCED_4_4	IMPLEMENTED	analysis/motionplayer_emoteplayer_scale_trigger_variablekeys_animating_four_binary_2026-08-27.md	SURFACE_AND_BODY_CLOSED	setter exact alias with setPartsScale
LOCAL-NCB-MOTIONPLAYER_DLL-EMOTEPLAYER-PROPERTY-DEBUGPRINT	motionplayer.dll	EmotePlayer	48	property	debugPrint	NCB_PROPERTY(debugPrint, getDebugPrint, setDebugPrint)	cpp/plugins/motionplayer/main.cpp:473	RW_PROPERTY	registrar=0x67CEA8; get=0x67F330; set=0x67F338	registrar=0x5612E8; get=0x5620E8; set=0x5620EE	registrar=0x1001B5130; get=0x1001B61CC; set=0x1001B61D4	registrar=0x1B4DE0; get=0x1B5FC0; set=0x1B5FC6	EVIDENCED_4_4	IMPLEMENTED	analysis/motionplayer_emoteplayer_scale_trigger_variablekeys_animating_four_binary_2026-08-27.md	SURFACE_AND_BODY_CLOSED	
LOCAL-NCB-MOTIONPLAYER_DLL-EMOTEPLAYER-PROPERTY-QUEUING	motionplayer.dll	EmotePlayer	49	property	queuing	NCB_PROPERTY(queuing, getQueuing, setQueuing)	cpp/plugins/motionplayer/main.cpp:474	RW_PROPERTY	registrar=0x67CEA8; get=0x67F344; set=0x67F34C	registrar=0x5612E8; get=0x5620F6; set=0x5620FC	registrar=0x1001B5130; get=0x1001B61E0; set=0x1001B61E8	registrar=0x1B4DE0; get=0x1B5FCE; set=0x1B5FD4	EVIDENCED_4_4	IMPLEMENTED	analysis/motionplayer_emoteplayer_scale_trigger_variablekeys_animating_four_binary_2026-08-27.md	SURFACE_AND_BODY_CLOSED	
LOCAL-NCB-MOTIONPLAYER_DLL-EMOTEPLAYER-PROPERTY-DIRECTEDIT	motionplayer.dll	EmotePlayer	50	property	directEdit	NCB_PROPERTY(directEdit, getDirectEdit, setDirectEdit)	cpp/plugins/motionplayer/main.cpp:475	RW_PROPERTY	registrar=0x67CEA8; get=0x67F358; set=0x67F360	registrar=0x5612E8; get=0x562104; set=0x56210A	registrar=0x1001B5130; get=0x1001B61F4; set=0x1001B61FC	registrar=0x1B4DE0; get=0x1B5FDC; set=0x1B5FE2	EVIDENCED_4_4	IMPLEMENTED	analysis/motionplayer_emoteplayer_scale_trigger_variablekeys_animating_four_binary_2026-08-27.md	SURFACE_AND_BODY_CLOSED	
LOCAL-NCB-MOTIONPLAYER_DLL-EMOTEPLAYER-PROPERTY-SELECTORENABLED	motionplayer.dll	EmotePlayer	51	property	selectorEnabled	NCB_PROPERTY(selectorEnabled, getSelectorEnabled, setSelectorEnabled)	cpp/plugins/motionplayer/main.cpp:476	RW_PROPERTY	registrar=0x67CEA8; get=0x67F36C; set=0x67F374	registrar=0x5612E8; get=0x562112; set=0x562118	registrar=0x1001B5130; get=0x1001B6208; set=0x1001B6210	registrar=0x1B4DE0; get=0x1B5FEA; set=0x1B5FF0	EVIDENCED_4_4	IMPLEMENTED	analysis/motionplayer_emoteplayer_scale_trigger_variablekeys_animating_four_binary_2026-08-27.md	SURFACE_AND_BODY_CLOSED	
LOCAL-NCB-MOTIONPLAYER_DLL-EMOTEPLAYER-PROPERTY_RO-VARIABLEKEYS	motionplayer.dll	EmotePlayer	52	property_ro	variableKeys	NCB_PROPERTY_RO(variableKeys, getVariableKeys)	cpp/plugins/motionplayer/main.cpp:477	RO_PROPERTY	registrar=0x67CEA8; get=0x67F380	registrar=0x5612E8; get=0x562122	registrar=0x1001B5130; get=0x1001B621C	registrar=0x1B4DE0; get=0x1B5FFA	EVIDENCED_4_4	IMPLEMENTED	analysis/motionplayer_emoteplayer_scale_trigger_variablekeys_animating_four_binary_2026-08-27.md	SURFACE_AND_BODY_CLOSED	
LOCAL-NCB-MOTIONPLAYER_DLL-EMOTEPLAYER-PROPERTY-ANIMATING	motionplayer.dll	EmotePlayer	53	property	animating	"Property(TJS_W(""animating""), &EmoteEngine::getAnimating_guess, (int)0)"	cpp/plugins/motionplayer/main.cpp:478	RO_PROPERTY	registrar=0x67CEA8; get=0x671378	registrar=0x5612E8; get=0x55B18C	registrar=0x1001B5130; get=0x1001AE5D8	registrar=0x1B4DE0; get=0x1ADE54	EVIDENCED_4_4	IMPLEMENTED	analysis/motionplayer_emoteplayer_scale_trigger_variablekeys_animating_four_binary_2026-08-27.md	SURFACE_AND_BODY_CLOSED	direct EmoteEngine getter; setter and indexed slots null
LOCAL-NCB-MOTIONPLAYER_DLL-EMOTEPLAYER-METHOD-SETMIRROR	motionplayer.dll	EmotePlayer	54	method	setMirror	"Method(TJS_W(""setMirror""), &EmoteEngine::setMirror_guess)"	cpp/plugins/motionplayer/main.cpp:482	METHOD	registrar=0x67CEA8; callback=0x66F190	registrar=0x5612E8; callback=0x55A336	registrar=0x1001B5130; callback=0x1001AD644	registrar=0x1B4DE0; callback=0x1ACCEA	EVIDENCED_4_4	IMPLEMENTED	analysis/motionplayer_emoteplayer_timeline_selector_queries_four_binary_2026-08-27.md	SURFACE_AND_BODY_CLOSED	direct EmoteEngine binding
LOCAL-NCB-MOTIONPLAYER_DLL-EMOTEPLAYER-METHOD-SKIP	motionplayer.dll	EmotePlayer	55	method	skip	"Method(TJS_W(""skip""), &EmoteEngine::resetControllers_guess)"	cpp/plugins/motionplayer/main.cpp:484	METHOD	registrar=0x67CEA8; callback=0x66BF6C	registrar=0x5612E8; callback=0x558888	registrar=0x1001B5130; callback=0x1001AB03C	registrar=0x1B4DE0; callback=0x1AA714	EVIDENCED_4_4	IMPLEMENTED	analysis/motionplayer_emoteplayer_timeline_selector_queries_four_binary_2026-08-27.md	SURFACE_AND_BODY_CLOSED	direct EmoteEngine resetControllers binding
LOCAL-NCB-MOTIONPLAYER_DLL-EMOTEPLAYER-METHOD_RAW-PLAYTIMELINE	motionplayer.dll	EmotePlayer	56	method_raw	playTimeline	NCB_METHOD_RAW_CALLBACK( playTimeline, &EmotePlayer::playTimelineRawCallback_guess, 0)	cpp/plugins/motionplayer/main.cpp:486	RAW_METHOD_CALLBACK	registrar=0x67CEA8; callback=0x670224	registrar=0x5612E8; callback=0x55A9EC	registrar=0x1001B5130; callback=0x1001ADD74	registrar=0x1B4DE0; callback=0x1AD460	EVIDENCED_4_4	IMPLEMENTED	analysis/motionplayer_emoteplayer_timeline_selector_queries_four_binary_2026-08-27.md	SURFACE_AND_BODY_CLOSED	
LOCAL-NCB-MOTIONPLAYER_DLL-EMOTEPLAYER-METHOD_RAW-STOPTIMELINE	motionplayer.dll	EmotePlayer	57	method_raw	stopTimeline	NCB_METHOD_RAW_CALLBACK( stopTimeline, &EmotePlayer::stopTimelineRawCallback_guess, 0)	cpp/plugins/motionplayer/main.cpp:488	RAW_METHOD_CALLBACK	registrar=0x67CEA8; callback=0x67F38C	registrar=0x5612E8; callback=0x562130	registrar=0x1001B5130; callback=0x1001B6228	registrar=0x1B4DE0; callback=0x1B6008	EVIDENCED_4_4	IMPLEMENTED	analysis/motionplayer_emoteplayer_timeline_selector_queries_four_binary_2026-08-27.md	SURFACE_AND_BODY_CLOSED	
LOCAL-NCB-MOTIONPLAYER_DLL-EMOTEPLAYER-METHOD_RAW-GETTIMELINEPLAYING	motionplayer.dll	EmotePlayer	58	method_raw	getTimelinePlaying	NCB_METHOD_RAW_CALLBACK( getTimelinePlaying, &EmotePlayer::getTimelinePlayingRawCallback_guess, 0)	cpp/plugins/motionplayer/main.cpp:490	RAW_METHOD_CALLBACK	registrar=0x67CEA8; callback=0x67F47C	registrar=0x5612E8; callback=0x5621C8	registrar=0x1001B5130; callback=0x1001B62D8	registrar=0x1B4DE0; callback=0x1B6108	EVIDENCED_4_4	IMPLEMENTED	analysis/motionplayer_emoteplayer_timeline_selector_queries_four_binary_2026-08-27.md	SURFACE_AND_BODY_CLOSED	
LOCAL-NCB-MOTIONPLAYER_DLL-EMOTEPLAYER-METHOD_RAW-SETTIMELINEBLENDRATIO	motionplayer.dll	EmotePlayer	59	method_raw	setTimelineBlendRatio	NCB_METHOD_RAW_CALLBACK( setTimelineBlendRatio, &EmotePlayer::setTimelineBlendRatioRawCallback_guess, 0)	cpp/plugins/motionplayer/main.cpp:493	RAW_METHOD_CALLBACK	registrar=0x67CEA8; callback=entry=0x670674; containing_func=0x670350	registrar=0x5612E8; callback=0x55AB8C	registrar=0x1001B5130; callback=0x1001ADFB0	registrar=0x1B4DE0; callback=0x1AD72C	EVIDENCED_4_4	IMPLEMENTED	analysis/motionplayer_emoteplayer_timeline_selector_queries_four_binary_2026-08-27.md	SURFACE_AND_BODY_CLOSED	Android arm64 callback is an internal entry in a combined raw-callback function
LOCAL-NCB-MOTIONPLAYER_DLL-EMOTEPLAYER-METHOD_RAW-FADEINTIMELINE	motionplayer.dll	EmotePlayer	60	method_raw	fadeInTimeline	NCB_METHOD_RAW_CALLBACK( fadeInTimeline, &EmotePlayer::fadeInTimelineRawCallback_guess, 0)	cpp/plugins/motionplayer/main.cpp:496	RAW_METHOD_CALLBACK	registrar=0x67CEA8; callback=0x670ACC	registrar=0x5612E8; callback=0x55AD64	registrar=0x1001B5130; callback=0x1001AE200	registrar=0x1B4DE0; callback=0x1AD97C	EVIDENCED_4_4	IMPLEMENTED	analysis/motionplayer_emoteplayer_timeline_selector_queries_four_binary_2026-08-27.md	SURFACE_AND_BODY_CLOSED	
LOCAL-NCB-MOTIONPLAYER_DLL-EMOTEPLAYER-METHOD_RAW-FADEOUTTIMELINE	motionplayer.dll	EmotePlayer	61	method_raw	fadeOutTimeline	NCB_METHOD_RAW_CALLBACK( fadeOutTimeline, &EmotePlayer::fadeOutTimelineRawCallback_guess, 0)	cpp/plugins/motionplayer/main.cpp:498	RAW_METHOD_CALLBACK	registrar=0x67CEA8; callback=0x670DD4	registrar=0x5612E8; callback=0x55AEA8	registrar=0x1001B5130; callback=0x1001AE364	registrar=0x1B4DE0; callback=0x1ADB24	EVIDENCED_4_4	IMPLEMENTED	analysis/motionplayer_emoteplayer_timeline_selector_queries_four_binary_2026-08-27.md	SURFACE_AND_BODY_CLOSED	
LOCAL-NCB-MOTIONPLAYER_DLL-EMOTEPLAYER-METHOD-GETTIMELINEBLENDRATIO	motionplayer.dll	EmotePlayer	62	method	getTimelineBlendRatio	"Method(TJS_W(""getTimelineBlendRatio""), &EmoteEngine::getTimelineBlendRatio_guess)"	cpp/plugins/motionplayer/main.cpp:500	METHOD	registrar=0x67CEA8; callback=0x67F5A8	registrar=0x5612E8; callback=0x562270	registrar=0x1001B5130; callback=0x1001B6398	registrar=0x1B4DE0; callback=0x1B6218	EVIDENCED_4_4	IMPLEMENTED	analysis/motionplayer_emoteplayer_timeline_selector_queries_four_binary_2026-08-27.md	SURFACE_AND_BODY_CLOSED	direct EmoteEngine binding
LOCAL-NCB-MOTIONPLAYER_DLL-EMOTEPLAYER-METHOD-GETVARIABLERANGE	motionplayer.dll	EmotePlayer	63	method	getVariableRange	NCB_METHOD(getVariableRange)	cpp/plugins/motionplayer/main.cpp:502	METHOD	registrar=0x67CEA8; callback=0x670FCC	registrar=0x5612E8; callback=0x55AF8C	registrar=0x1001B5130; callback=0x1001AE454	registrar=0x1B4DE0; callback=0x1ADC6C	EVIDENCED_4_4	IMPLEMENTED	analysis/motionplayer_emoteplayer_timeline_selector_queries_four_binary_2026-08-27.md	SURFACE_AND_BODY_CLOSED	
LOCAL-NCB-MOTIONPLAYER_DLL-EMOTEPLAYER-METHOD-GETVARIABLEFRAMELIST	motionplayer.dll	EmotePlayer	64	method	getVariableFrameList	NCB_METHOD(getVariableFrameList)	cpp/plugins/motionplayer/main.cpp:503	METHOD	registrar=0x67CEA8; callback=0x67F67C	registrar=0x5612E8; callback=0x5622A0	registrar=0x1001B5130; callback=0x1001B63C8	registrar=0x1B4DE0; callback=0x1B623C	EVIDENCED_4_4	IMPLEMENTED	analysis/motionplayer_emoteplayer_timeline_selector_queries_four_binary_2026-08-27.md	SURFACE_AND_BODY_CLOSED	
LOCAL-NCB-MOTIONPLAYER_DLL-EMOTEPLAYER-METHOD-GETMAINTIMELINELABELLIST	motionplayer.dll	EmotePlayer	65	method	getMainTimelineLabelList	"Method(TJS_W(""getMainTimelineLabelList""), &EmoteEngine::getMainTimelineLabelList_guess)"	cpp/plugins/motionplayer/main.cpp:504	METHOD	registrar=0x67CEA8; callback=0x672334	registrar=0x5612E8; callback=0x55B5C8	registrar=0x1001B5130; callback=0x1001AEF14	registrar=0x1B4DE0; callback=0x1AE6F4	EVIDENCED_4_4	IMPLEMENTED	analysis/motionplayer_emoteplayer_timeline_selector_queries_four_binary_2026-08-27.md	SURFACE_AND_BODY_CLOSED	direct EmoteEngine binding
LOCAL-NCB-MOTIONPLAYER_DLL-EMOTEPLAYER-METHOD-GETDIFFTIMELINELABELLIST	motionplayer.dll	EmotePlayer	66	method	getDiffTimelineLabelList	"Method(TJS_W(""getDiffTimelineLabelList""), &EmoteEngine::getDiffTimelineLabelList_guess)"	cpp/plugins/motionplayer/main.cpp:506	METHOD	registrar=0x67CEA8; callback=0x6724A0	registrar=0x5612E8; callback=0x55B63C	registrar=0x1001B5130; callback=0x1001AEFA0	registrar=0x1B4DE0; callback=0x1AE7C8	EVIDENCED_4_4	IMPLEMENTED	analysis/motionplayer_emoteplayer_timeline_selector_queries_four_binary_2026-08-27.md	SURFACE_AND_BODY_CLOSED	direct EmoteEngine binding
LOCAL-NCB-MOTIONPLAYER_DLL-EMOTEPLAYER-METHOD-GETLOOPTIMELINE	motionplayer.dll	EmotePlayer	67	method	getLoopTimeline	"Method(TJS_W(""getLoopTimeline""), &EmoteEngine::getLoopTimeline_guess)"	cpp/plugins/motionplayer/main.cpp:508	METHOD	registrar=0x67CEA8; callback=0x67260C	registrar=0x5612E8; callback=0x55B6B0	registrar=0x1001B5130; callback=0x1001AF02C	registrar=0x1B4DE0; callback=0x1AE89C	EVIDENCED_4_4	IMPLEMENTED	analysis/motionplayer_emoteplayer_timeline_selector_queries_four_binary_2026-08-27.md	SURFACE_AND_BODY_CLOSED	direct EmoteEngine binding
LOCAL-NCB-MOTIONPLAYER_DLL-EMOTEPLAYER-METHOD-GETTIMELINETOTALFRAMECOUNT	motionplayer.dll	EmotePlayer	68	method	getTimelineTotalFrameCount	"Method(TJS_W(""getTimelineTotalFrameCount""), &EmoteEngine::getTimelineTotalFrameCount_guess)"	cpp/plugins/motionplayer/main.cpp:510	METHOD	registrar=0x67CEA8; callback=0x6727D0	registrar=0x5612E8; callback=0x55B750	registrar=0x1001B5130; callback=0x1001AF0D4	registrar=0x1B4DE0; callback=0x1AE9A4	EVIDENCED_4_4	IMPLEMENTED	analysis/motionplayer_emoteplayer_timeline_selector_queries_four_binary_2026-08-27.md	SURFACE_AND_BODY_CLOSED	direct EmoteEngine binding
LOCAL-NCB-MOTIONPLAYER_DLL-EMOTEPLAYER-METHOD-GETPLAYINGTIMELINEINFOLIST	motionplayer.dll	EmotePlayer	69	method	getPlayingTimelineInfoList	"Method(TJS_W(""getPlayingTimelineInfoList""), &EmoteEngine::getPlayingTimelineInfoList_guess)"	cpp/plugins/motionplayer/main.cpp:512	METHOD	registrar=0x67CEA8; callback=0x6728A4	registrar=0x5612E8; callback=0x55B788	registrar=0x1001B5130; callback=0x1001AF104	registrar=0x1B4DE0; callback=0x1AE9D0	EVIDENCED_4_4	IMPLEMENTED	analysis/motionplayer_emoteplayer_timeline_selector_queries_four_binary_2026-08-27.md	SURFACE_AND_BODY_CLOSED	direct EmoteEngine binding
LOCAL-NCB-MOTIONPLAYER_DLL-EMOTEPLAYER-METHOD-ISSELECTORTARGET	motionplayer.dll	EmotePlayer	70	method	isSelectorTarget	"Method(TJS_W(""isSelectorTarget""), &EmoteEngine::isSelectorTarget)"	cpp/plugins/motionplayer/main.cpp:515	METHOD	registrar=0x67CEA8; callback=0x67F7DC	registrar=0x5612E8; callback=0x562378	registrar=0x1001B5130; callback=0x1001B64D0	registrar=0x1B4DE0; callback=0x1B6394	EVIDENCED_4_4	IMPLEMENTED	analysis/motionplayer_emoteplayer_timeline_selector_queries_four_binary_2026-08-27.md	SURFACE_AND_BODY_CLOSED	direct EmoteEngine binding
LOCAL-NCB-MOTIONPLAYER_DLL-EMOTEPLAYER-METHOD-ACTIVATESELECTORTARGET	motionplayer.dll	EmotePlayer	71	method	activateSelectorTarget	"Method(TJS_W(""activateSelectorTarget""), &EmoteEngine::activateSelectorTarget)"	cpp/plugins/motionplayer/main.cpp:517	METHOD	registrar=0x67CEA8; callback=0x672BFC	registrar=0x5612E8; callback=0x55B908	registrar=0x1001B5130; callback=0x1001AF2F0	registrar=0x1B4DE0; callback=0x1AEBE4	EVIDENCED_4_4	IMPLEMENTED	analysis/motionplayer_emoteplayer_timeline_selector_queries_four_binary_2026-08-27.md	SURFACE_AND_BODY_CLOSED	direct EmoteEngine binding
LOCAL-NCB-MOTIONPLAYER_DLL-EMOTEPLAYER-METHOD-DEACTIVATESELECTORTARGET	motionplayer.dll	EmotePlayer	72	method	deactivateSelectorTarget	"Method(TJS_W(""deactivateSelectorTarget""), &EmoteEngine::deactivateSelectorTarget)"	cpp/plugins/motionplayer/main.cpp:519	METHOD	registrar=0x67CEA8; callback=0x672FD4	registrar=0x5612E8; callback=0x55BAD4	registrar=0x1001B5130; callback=0x1001AF628	registrar=0x1B4DE0; callback=0x1AEE48	EVIDENCED_4_4	IMPLEMENTED	analysis/motionplayer_emoteplayer_timeline_selector_queries_four_binary_2026-08-27.md	SURFACE_AND_BODY_CLOSED	direct EmoteEngine binding
LOCAL-NCB-MOTIONPLAYER_DLL-EMOTEPLAYER-METHOD-GETCOMMANDLIST	motionplayer.dll	EmotePlayer	73	method	getCommandList	NCB_METHOD(getCommandList)	cpp/plugins/motionplayer/main.cpp:521	METHOD	registrar=0x67CEA8; callback=0x67F900	registrar=0x5612E8; callback=0x5623DE	registrar=0x1001B5130; callback=0x1001B65D4	registrar=0x1B4DE0; callback=0x1B644C	EVIDENCED_4_4	IMPLEMENTED	analysis/motionplayer_emoteplayer_timeline_selector_queries_four_binary_2026-08-27.md	SURFACE_AND_BODY_CLOSED	
LOCAL-NCB-MOTIONPLAYER_DLL-RESOURCEMANAGER-CONSTRUCTOR-CONSTRUCTOR	motionplayer.dll	ResourceManager	1	constructor	<constructor>	NCB_CONSTRUCTOR((tTJSVariant, tjs_int))	cpp/plugins/motionplayer/main.cpp:536	TYPED_CONSTRUCTOR_VARIANT_INT	wrapper=0x6FBEA4; setup=0x6FC014; registrar=0x6A8C9C; ctor_publish=inline@0x6A8CBC; invoke=0x6E9A98; construct_attach=0x6E9B70; allocate_convert=0x6E9C88; native_ctor=0x6A5CAC	wrapper=0x5997C0; setup=0x5B6F80; registrar=0x57C3A8; ctor_publish=0x57C510; invoke=0x5A7DC0; construct_attach=0x5A7E50; allocate_convert=0x5A7F10; native_ctor=0x57B1EC	wrapper=0x100126154; setup=0x10014E6AC; registrar=0x100102E88; ctor_publish=0x100103030; invoke=0x10013A644; construct_attach=0x10013A6E8; allocate_convert=0x10013A7D8; native_ctor=0x100101158	wrapper=0x1251DC; setup=0x150480; registrar=0x1002FC; ctor_publish=0x10047C; invoke=0x13A730; construct_attach=0x13A79C; allocate_convert=0x13A8E4; native_ctor=0xFE254	EVIDENCED_4_4	CONSTRUCTOR_EVIDENCED_4_4	analysis/motionplayer_resourcemanager_ncb_surface_four_binary_2026-08-27.md	SURFACE_MAPPED_BODY_SEPARATE_OR_PENDING	argc>=2; argv[0] copied as Variant; argv[1] converted to tjs_int; surplus arguments ignored
LOCAL-NCB-MOTIONPLAYER_DLL-RESOURCEMANAGER-METHOD-LOADSOURCE	motionplayer.dll	ResourceManager	2	method	loadSource	NCB_METHOD(loadSource)	cpp/plugins/motionplayer/main.cpp:542	METHOD	registrar=0x6A8C9C; callback=entry=0x6A4F88; containing_func=0x6A4CD4	registrar=0x57C3A8; callback=0x57ACC8	registrar=0x100102E88; callback=0x1001009AC	registrar=0x1002FC; callback=0xFDB50	EVIDENCED_4_4	IMPLEMENTED	analysis/motionplayer_sourcecache_load_clear_buflayer_four_binary_2026-08-27.md	SURFACE_AND_BODY_CLOSED	exact SourceCache callback reuse
LOCAL-NCB-MOTIONPLAYER_DLL-RESOURCEMANAGER-METHOD-CLEARCACHE	motionplayer.dll	ResourceManager	3	method	clearCache	NCB_METHOD(clearCache)	cpp/plugins/motionplayer/main.cpp:543	METHOD	registrar=0x6A8C9C; callback=entry=0x6A5818; containing_func=0x6A4CD4	registrar=0x57C3A8; callback=0x57B018	registrar=0x100102E88; callback=0x100100F10	registrar=0x1002FC; callback=0xFE0D4	EVIDENCED_4_4	IMPLEMENTED	analysis/motionplayer_sourcecache_load_clear_buflayer_four_binary_2026-08-27.md	SURFACE_AND_BODY_CLOSED	exact SourceCache callback reuse
LOCAL-NCB-MOTIONPLAYER_DLL-RESOURCEMANAGER-PROPERTY_RO-BUFLAYER	motionplayer.dll	ResourceManager	4	property_ro	bufLayer	NCB_PROPERTY_RO(bufLayer, getBufLayer)	cpp/plugins/motionplayer/main.cpp:544	RO_PROPERTY	registrar=0x6A8C9C; callback=get=0x6A58DC	registrar=0x57C3A8; callback=get=0x57B060	registrar=0x100102E88; callback=get=0x100100F84	registrar=0x1002FC; callback=get=0xFE11A	EVIDENCED_4_4	IMPLEMENTED	analysis/motionplayer_sourcecache_load_clear_buflayer_four_binary_2026-08-27.md	SURFACE_AND_BODY_CLOSED	exact SourceCache getter reuse; all setter/index slots null
LOCAL-NCB-MOTIONPLAYER_DLL-RESOURCEMANAGER-METHOD-LOAD	motionplayer.dll	ResourceManager	5	method	load	NCB_METHOD(load)	cpp/plugins/motionplayer/main.cpp:545	METHOD	registrar=0x6A8C9C; callback=0x6A616C	registrar=0x57C3A8; callback=0x57B338	registrar=0x100102E88; callback=0x1001012D8	registrar=0x1002FC; callback=0xFE40C	EVIDENCED_4_4	IMPLEMENTED	analysis/motionplayer_resourcemanager_load_cache_validate_dispatch_four_binary_2026-08-27.md	SURFACE_AND_BODY_CLOSED	
LOCAL-NCB-MOTIONPLAYER_DLL-RESOURCEMANAGER-METHOD-UNLOAD	motionplayer.dll	ResourceManager	6	method	unload	NCB_METHOD(unload)	cpp/plugins/motionplayer/main.cpp:546	METHOD	registrar=0x6A8C9C; callback=0x6A697C	registrar=0x57C3A8; callback=0x57B6F8	registrar=0x100102E88; callback=0x100101A28	registrar=0x1002FC; callback=0xFEC04	EVIDENCED_4_4	IMPLEMENTED	analysis/motionplayer_resourcemanager_unload_single_node_four_binary_2026-08-27.md	SURFACE_AND_BODY_CLOSED	
LOCAL-NCB-MOTIONPLAYER_DLL-RESOURCEMANAGER-METHOD-UNLOADALL	motionplayer.dll	ResourceManager	7	method	unloadAll	NCB_METHOD(unloadAll)	cpp/plugins/motionplayer/main.cpp:547	METHOD	registrar=0x6A8C9C; callback=entry=0x6A60D8; containing_func=0x6A5F74	registrar=0x57C3A8; callback=0x57B32C	registrar=0x100102E88; callback=0x1001012CC	registrar=0x1002FC; callback=0xFE3FE	EVIDENCED_4_4	IMPLEMENTED	analysis/motionplayer_resourcemanager_unload_all_map_clear_four_binary_2026-08-27.md	SURFACE_AND_BODY_CLOSED	Android arm64 callback is an internal entry in the destructor-containing IDA function
LOCAL-NCB-MOTIONPLAYER_DLL-RESOURCEMANAGER-METHOD-ISEXISTMOTION	motionplayer.dll	ResourceManager	8	method	isExistMotion	NCB_METHOD(isExistMotion)	cpp/plugins/motionplayer/main.cpp:548	METHOD	registrar=0x6A8C9C; callback=0x6A6AD8	registrar=0x57C3A8; callback=0x57B780	registrar=0x100102E88; callback=0x100101AC8	registrar=0x1002FC; callback=0xFECF4	EVIDENCED_4_4	IMPLEMENTED	analysis/motionplayer_resourcemanager_is_exist_motion_direct_fallback_scan_four_binary_2026-08-27.md	SURFACE_AND_BODY_CLOSED	
LOCAL-NCB-MOTIONPLAYER_DLL-RESOURCEMANAGER-METHOD-FINDMOTION	motionplayer.dll	ResourceManager	9	method	findMotion	NCB_METHOD(findMotion)	cpp/plugins/motionplayer/main.cpp:549	METHOD	registrar=0x6A8C9C; callback=0x6A72B4	registrar=0x57C3A8; callback=0x57B9F8	registrar=0x100102E88; callback=0x100101E84	registrar=0x1002FC; callback=0xFF11C	EVIDENCED_4_4	IMPLEMENTED	analysis/motionplayer_resourcemanager_find_motion_dispatch_array_owner_four_binary_2026-08-27.md	SURFACE_AND_BODY_CLOSED	
LOCAL-NCB-MOTIONPLAYER_DLL-RESOURCEMANAGER-METHOD-FINDSOURCE	motionplayer.dll	ResourceManager	10	method	findSource	NCB_METHOD(findSource)	cpp/plugins/motionplayer/main.cpp:550	METHOD	registrar=0x6A8C9C; callback=0x6A7F1C	registrar=0x57C3A8; callback=0x57BDE0	registrar=0x100102E88; callback=0x100102594	registrar=0x1002FC; callback=0xFF890	EVIDENCED_4_4	IMPLEMENTED	analysis/motionplayer_resourcemanager_find_source_blank_objsource_owner_four_binary_2026-08-27.md	SURFACE_AND_BODY_CLOSED	
LOCAL-NCB-MOTIONPLAYER_DLL-RESOURCEMANAGER-METHOD-RANDOM	motionplayer.dll	ResourceManager	11	method	random	NCB_METHOD(random)	cpp/plugins/motionplayer/main.cpp:551	METHOD	registrar=0x6A8C9C; callback=0x6A894C	registrar=0x57C3A8; callback=0x57C1CC	registrar=0x100102E88; callback=0x100102C90	registrar=0x1002FC; callback=0x1000F0	EVIDENCED_4_4	IMPLEMENTED	analysis/motionplayer_resourcemanager_random_dispatch_four_binary_2026-08-27.md	SURFACE_AND_BODY_CLOSED	
LOCAL-NCB-MOTIONPLAYER_DLL-RESOURCEMANAGER-METHOD-REQUIRELAYERID	motionplayer.dll	ResourceManager	12	method	requireLayerId	NCB_METHOD(requireLayerId)	cpp/plugins/motionplayer/main.cpp:552	METHOD	registrar=0x6A8C9C; callback=0x6A8A74	registrar=0x57C3A8; callback=0x57C258	registrar=0x100102E88; callback=0x100102D40	registrar=0x1002FC; callback=0x100240	EVIDENCED_4_4	IMPLEMENTED	analysis/motionplayer_resourcemanager_layer_id_set_four_binary_2026-08-27.md	SURFACE_AND_BODY_CLOSED	
LOCAL-NCB-MOTIONPLAYER_DLL-RESOURCEMANAGER-METHOD-RELEASELAYERID	motionplayer.dll	ResourceManager	13	method	releaseLayerId	NCB_METHOD(releaseLayerId)	cpp/plugins/motionplayer/main.cpp:553	METHOD	registrar=0x6A8C9C; callback=0x6A8B30	registrar=0x57C3A8; callback=0x57C2C8	registrar=0x100102E88; callback=0x100102DB8	registrar=0x1002FC; callback=0x10028A	EVIDENCED_4_4	IMPLEMENTED	analysis/motionplayer_resourcemanager_layer_id_set_four_binary_2026-08-27.md	SURFACE_AND_BODY_CLOSED	
LOCAL-NCB-MOTIONPLAYER_DLL-MOTION-VARIANT-LAYERTYPEOBJ	motionplayer.dll	Motion	1	variant	LayerTypeObj	"Variant(TJS_W(""LayerTypeObj""), (tjs_int)LayerTypeObj)"	cpp/plugins/motionplayer/main.cpp:584	STATIC_VARIANT_CONSTANT	registrar=0x6D6EE8; constant_helper=0x6D766C; value=0	registrar=0x5991D0; constant_helper=0x5994DC; value=0	registrar=0x100125974; constant_helper=0x100125C9C; value=0	registrar=0x124B7C; constant_helper=0x124E68; value=0	EVIDENCED_4_4	NOT_APPLICABLE_CONSTANT	analysis/motionplayer_motion_class_registration_surface_four_binary_2026-08-26.md	SURFACE_MAPPED_BODY_SEPARATE_OR_PENDING	
LOCAL-NCB-MOTIONPLAYER_DLL-MOTION-VARIANT-LAYERTYPESHAPE	motionplayer.dll	Motion	2	variant	LayerTypeShape	"Variant(TJS_W(""LayerTypeShape""), (tjs_int)LayerTypeShape)"	cpp/plugins/motionplayer/main.cpp:585	STATIC_VARIANT_CONSTANT	registrar=0x6D6EE8; constant_helper=0x6D766C; value=1	registrar=0x5991D0; constant_helper=0x5994DC; value=1	registrar=0x100125974; constant_helper=0x100125C9C; value=1	registrar=0x124B7C; constant_helper=0x124E68; value=1	EVIDENCED_4_4	NOT_APPLICABLE_CONSTANT	analysis/motionplayer_motion_class_registration_surface_four_binary_2026-08-26.md	SURFACE_MAPPED_BODY_SEPARATE_OR_PENDING	
LOCAL-NCB-MOTIONPLAYER_DLL-MOTION-VARIANT-LAYERTYPELAYOUT	motionplayer.dll	Motion	3	variant	LayerTypeLayout	"Variant(TJS_W(""LayerTypeLayout""), (tjs_int)LayerTypeLayout)"	cpp/plugins/motionplayer/main.cpp:586	STATIC_VARIANT_CONSTANT	registrar=0x6D6EE8; constant_helper=0x6D766C; value=2	registrar=0x5991D0; constant_helper=0x5994DC; value=2	registrar=0x100125974; constant_helper=0x100125C9C; value=2	registrar=0x124B7C; constant_helper=0x124E68; value=2	EVIDENCED_4_4	NOT_APPLICABLE_CONSTANT	analysis/motionplayer_motion_class_registration_surface_four_binary_2026-08-26.md	SURFACE_MAPPED_BODY_SEPARATE_OR_PENDING	
LOCAL-NCB-MOTIONPLAYER_DLL-MOTION-VARIANT-LAYERTYPEMOTION	motionplayer.dll	Motion	4	variant	LayerTypeMotion	"Variant(TJS_W(""LayerTypeMotion""), (tjs_int)LayerTypeMotion)"	cpp/plugins/motionplayer/main.cpp:587	STATIC_VARIANT_CONSTANT	registrar=0x6D6EE8; constant_helper=0x6D766C; value=3	registrar=0x5991D0; constant_helper=0x5994DC; value=3	registrar=0x100125974; constant_helper=0x100125C9C; value=3	registrar=0x124B7C; constant_helper=0x124E68; value=3	EVIDENCED_4_4	NOT_APPLICABLE_CONSTANT	analysis/motionplayer_motion_class_registration_surface_four_binary_2026-08-26.md	SURFACE_MAPPED_BODY_SEPARATE_OR_PENDING	
LOCAL-NCB-MOTIONPLAYER_DLL-MOTION-VARIANT-LAYERTYPEPARTICLE	motionplayer.dll	Motion	5	variant	LayerTypeParticle	"Variant(TJS_W(""LayerTypeParticle""), (tjs_int)LayerTypeParticle)"	cpp/plugins/motionplayer/main.cpp:588	STATIC_VARIANT_CONSTANT	registrar=0x6D6EE8; constant_helper=0x6D766C; value=4	registrar=0x5991D0; constant_helper=0x5994DC; value=4	registrar=0x100125974; constant_helper=0x100125C9C; value=4	registrar=0x124B7C; constant_helper=0x124E68; value=4	EVIDENCED_4_4	NOT_APPLICABLE_CONSTANT	analysis/motionplayer_motion_class_registration_surface_four_binary_2026-08-26.md	SURFACE_MAPPED_BODY_SEPARATE_OR_PENDING	
LOCAL-NCB-MOTIONPLAYER_DLL-MOTION-VARIANT-LAYERTYPECAMERA	motionplayer.dll	Motion	6	variant	LayerTypeCamera	"Variant(TJS_W(""LayerTypeCamera""), (tjs_int)LayerTypeCamera)"	cpp/plugins/motionplayer/main.cpp:589	STATIC_VARIANT_CONSTANT	registrar=0x6D6EE8; constant_helper=0x6D766C; value=5	registrar=0x5991D0; constant_helper=0x5994DC; value=5	registrar=0x100125974; constant_helper=0x100125C9C; value=5	registrar=0x124B7C; constant_helper=0x124E68; value=5	EVIDENCED_4_4	NOT_APPLICABLE_CONSTANT	analysis/motionplayer_motion_class_registration_surface_four_binary_2026-08-26.md	SURFACE_MAPPED_BODY_SEPARATE_OR_PENDING	
LOCAL-NCB-MOTIONPLAYER_DLL-MOTION-VARIANT-SHAPETYPEPOINT	motionplayer.dll	Motion	7	variant	ShapeTypePoint	"Variant(TJS_W(""ShapeTypePoint""), (tjs_int)ShapeTypePoint)"	cpp/plugins/motionplayer/main.cpp:590	STATIC_VARIANT_CONSTANT	registrar=0x6D6EE8; constant_helper=0x6D766C; value=0	registrar=0x5991D0; constant_helper=0x5994DC; value=0	registrar=0x100125974; constant_helper=0x100125C9C; value=0	registrar=0x124B7C; constant_helper=0x124E68; value=0	EVIDENCED_4_4	NOT_APPLICABLE_CONSTANT	analysis/motionplayer_motion_class_registration_surface_four_binary_2026-08-26.md	SURFACE_MAPPED_BODY_SEPARATE_OR_PENDING	
LOCAL-NCB-MOTIONPLAYER_DLL-MOTION-VARIANT-SHAPETYPECIRCLE	motionplayer.dll	Motion	8	variant	ShapeTypeCircle	"Variant(TJS_W(""ShapeTypeCircle""), (tjs_int)ShapeTypeCircle)"	cpp/plugins/motionplayer/main.cpp:591	STATIC_VARIANT_CONSTANT	registrar=0x6D6EE8; constant_helper=0x6D766C; value=1	registrar=0x5991D0; constant_helper=0x5994DC; value=1	registrar=0x100125974; constant_helper=0x100125C9C; value=1	registrar=0x124B7C; constant_helper=0x124E68; value=1	EVIDENCED_4_4	NOT_APPLICABLE_CONSTANT	analysis/motionplayer_motion_class_registration_surface_four_binary_2026-08-26.md	SURFACE_MAPPED_BODY_SEPARATE_OR_PENDING	
LOCAL-NCB-MOTIONPLAYER_DLL-MOTION-VARIANT-SHAPETYPERECT	motionplayer.dll	Motion	9	variant	ShapeTypeRect	"Variant(TJS_W(""ShapeTypeRect""), (tjs_int)ShapeTypeRect)"	cpp/plugins/motionplayer/main.cpp:592	STATIC_VARIANT_CONSTANT	registrar=0x6D6EE8; constant_helper=0x6D766C; value=2	registrar=0x5991D0; constant_helper=0x5994DC; value=2	registrar=0x100125974; constant_helper=0x100125C9C; value=2	registrar=0x124B7C; constant_helper=0x124E68; value=2	EVIDENCED_4_4	NOT_APPLICABLE_CONSTANT	analysis/motionplayer_motion_class_registration_surface_four_binary_2026-08-26.md	SURFACE_MAPPED_BODY_SEPARATE_OR_PENDING	
LOCAL-NCB-MOTIONPLAYER_DLL-MOTION-VARIANT-SHAPETYPEQUAD	motionplayer.dll	Motion	10	variant	ShapeTypeQuad	"Variant(TJS_W(""ShapeTypeQuad""), (tjs_int)ShapeTypeQuad)"	cpp/plugins/motionplayer/main.cpp:593	STATIC_VARIANT_CONSTANT	registrar=0x6D6EE8; constant_helper=0x6D766C; value=3	registrar=0x5991D0; constant_helper=0x5994DC; value=3	registrar=0x100125974; constant_helper=0x100125C9C; value=3	registrar=0x124B7C; constant_helper=0x124E68; value=3	EVIDENCED_4_4	NOT_APPLICABLE_CONSTANT	analysis/motionplayer_motion_class_registration_surface_four_binary_2026-08-26.md	SURFACE_MAPPED_BODY_SEPARATE_OR_PENDING	
LOCAL-NCB-MOTIONPLAYER_DLL-MOTION-VARIANT-PLAYFLAGFORCE	motionplayer.dll	Motion	11	variant	PlayFlagForce	"Variant(TJS_W(""PlayFlagForce""), (tjs_int)PlayFlagForce)"	cpp/plugins/motionplayer/main.cpp:594	STATIC_VARIANT_CONSTANT	registrar=0x6D6EE8; constant_helper=0x6D766C; value=1	registrar=0x5991D0; constant_helper=0x5994DC; value=1	registrar=0x100125974; constant_helper=0x100125C9C; value=1	registrar=0x124B7C; constant_helper=0x124E68; value=1	EVIDENCED_4_4	NOT_APPLICABLE_CONSTANT	analysis/motionplayer_motion_class_registration_surface_four_binary_2026-08-26.md	SURFACE_MAPPED_BODY_SEPARATE_OR_PENDING	
LOCAL-NCB-MOTIONPLAYER_DLL-MOTION-VARIANT-PLAYFLAGCHAIN	motionplayer.dll	Motion	12	variant	PlayFlagChain	"Variant(TJS_W(""PlayFlagChain""), (tjs_int)PlayFlagChain)"	cpp/plugins/motionplayer/main.cpp:595	STATIC_VARIANT_CONSTANT	registrar=0x6D6EE8; constant_helper=0x6D766C; value=2	registrar=0x5991D0; constant_helper=0x5994DC; value=2	registrar=0x100125974; constant_helper=0x100125C9C; value=2	registrar=0x124B7C; constant_helper=0x124E68; value=2	EVIDENCED_4_4	NOT_APPLICABLE_CONSTANT	analysis/motionplayer_motion_class_registration_surface_four_binary_2026-08-26.md	SURFACE_MAPPED_BODY_SEPARATE_OR_PENDING	
LOCAL-NCB-MOTIONPLAYER_DLL-MOTION-VARIANT-PLAYFLAGASCAN	motionplayer.dll	Motion	13	variant	PlayFlagAsCan	"Variant(TJS_W(""PlayFlagAsCan""), (tjs_int)PlayFlagAsCan)"	cpp/plugins/motionplayer/main.cpp:596	STATIC_VARIANT_CONSTANT	registrar=0x6D6EE8; constant_helper=0x6D766C; value=4	registrar=0x5991D0; constant_helper=0x5994DC; value=4	registrar=0x100125974; constant_helper=0x100125C9C; value=4	registrar=0x124B7C; constant_helper=0x124E68; value=4	EVIDENCED_4_4	NOT_APPLICABLE_CONSTANT	analysis/motionplayer_motion_class_registration_surface_four_binary_2026-08-26.md	SURFACE_MAPPED_BODY_SEPARATE_OR_PENDING	
LOCAL-NCB-MOTIONPLAYER_DLL-MOTION-VARIANT-PLAYFLAGJOIN	motionplayer.dll	Motion	14	variant	PlayFlagJoin	"Variant(TJS_W(""PlayFlagJoin""), (tjs_int)PlayFlagJoin)"	cpp/plugins/motionplayer/main.cpp:597	STATIC_VARIANT_CONSTANT	registrar=0x6D6EE8; constant_helper=0x6D766C; value=8	registrar=0x5991D0; constant_helper=0x5994DC; value=8	registrar=0x100125974; constant_helper=0x100125C9C; value=8	registrar=0x124B7C; constant_helper=0x124E68; value=8	EVIDENCED_4_4	NOT_APPLICABLE_CONSTANT	analysis/motionplayer_motion_class_registration_surface_four_binary_2026-08-26.md	SURFACE_MAPPED_BODY_SEPARATE_OR_PENDING	
LOCAL-NCB-MOTIONPLAYER_DLL-MOTION-VARIANT-PLAYFLAGSTEALTH	motionplayer.dll	Motion	15	variant	PlayFlagStealth	"Variant(TJS_W(""PlayFlagStealth""), (tjs_int)PlayFlagStealth)"	cpp/plugins/motionplayer/main.cpp:598	STATIC_VARIANT_CONSTANT	registrar=0x6D6EE8; constant_helper=0x6D766C; value=16	registrar=0x5991D0; constant_helper=0x5994DC; value=16	registrar=0x100125974; constant_helper=0x100125C9C; value=16	registrar=0x124B7C; constant_helper=0x124E68; value=16	EVIDENCED_4_4	NOT_APPLICABLE_CONSTANT	analysis/motionplayer_motion_class_registration_surface_four_binary_2026-08-26.md	SURFACE_MAPPED_BODY_SEPARATE_OR_PENDING	
LOCAL-NCB-MOTIONPLAYER_DLL-MOTION-VARIANT-TRANSFORMORDERFLIP	motionplayer.dll	Motion	16	variant	TransformOrderFlip	"Variant(TJS_W(""TransformOrderFlip""), (tjs_int)TransformOrderFlip)"	cpp/plugins/motionplayer/main.cpp:599	STATIC_VARIANT_CONSTANT	registrar=0x6D6EE8; constant_helper=0x6D766C; value=0	registrar=0x5991D0; constant_helper=0x5994DC; value=0	registrar=0x100125974; constant_helper=0x100125C9C; value=0	registrar=0x124B7C; constant_helper=0x124E68; value=0	EVIDENCED_4_4	NOT_APPLICABLE_CONSTANT	analysis/motionplayer_motion_class_registration_surface_four_binary_2026-08-26.md	SURFACE_MAPPED_BODY_SEPARATE_OR_PENDING	
LOCAL-NCB-MOTIONPLAYER_DLL-MOTION-VARIANT-TRANSFORMORDERSLANT	motionplayer.dll	Motion	17	variant	TransformOrderSlant	"Variant(TJS_W(""TransformOrderSlant""), (tjs_int)TransformOrderSlant)"	cpp/plugins/motionplayer/main.cpp:600	STATIC_VARIANT_CONSTANT	registrar=0x6D6EE8; constant_helper=0x6D766C; value=3	registrar=0x5991D0; constant_helper=0x5994DC; value=3	registrar=0x100125974; constant_helper=0x100125C9C; value=3	registrar=0x124B7C; constant_helper=0x124E68; value=3	EVIDENCED_4_4	NOT_APPLICABLE_CONSTANT	analysis/motionplayer_motion_class_registration_surface_four_binary_2026-08-26.md	SURFACE_MAPPED_BODY_SEPARATE_OR_PENDING	
LOCAL-NCB-MOTIONPLAYER_DLL-MOTION-VARIANT-TRANSFORMORDERZOOM	motionplayer.dll	Motion	18	variant	TransformOrderZoom	"Variant(TJS_W(""TransformOrderZoom""), (tjs_int)TransformOrderZoom)"	cpp/plugins/motionplayer/main.cpp:601	STATIC_VARIANT_CONSTANT	registrar=0x6D6EE8; constant_helper=0x6D766C; value=2	registrar=0x5991D0; constant_helper=0x5994DC; value=2	registrar=0x100125974; constant_helper=0x100125C9C; value=2	registrar=0x124B7C; constant_helper=0x124E68; value=2	EVIDENCED_4_4	NOT_APPLICABLE_CONSTANT	analysis/motionplayer_motion_class_registration_surface_four_binary_2026-08-26.md	SURFACE_MAPPED_BODY_SEPARATE_OR_PENDING	
LOCAL-NCB-MOTIONPLAYER_DLL-MOTION-VARIANT-TRANSFORMORDERANGLE	motionplayer.dll	Motion	19	variant	TransformOrderAngle	"Variant(TJS_W(""TransformOrderAngle""), (tjs_int)TransformOrderAngle)"	cpp/plugins/motionplayer/main.cpp:602	STATIC_VARIANT_CONSTANT	registrar=0x6D6EE8; constant_helper=0x6D766C; value=1	registrar=0x5991D0; constant_helper=0x5994DC; value=1	registrar=0x100125974; constant_helper=0x100125C9C; value=1	registrar=0x124B7C; constant_helper=0x124E68; value=1	EVIDENCED_4_4	NOT_APPLICABLE_CONSTANT	analysis/motionplayer_motion_class_registration_surface_four_binary_2026-08-26.md	SURFACE_MAPPED_BODY_SEPARATE_OR_PENDING	
LOCAL-NCB-MOTIONPLAYER_DLL-MOTION-VARIANT-COORDINATERECUTANGULARXY	motionplayer.dll	Motion	20	variant	CoordinateRecutangularXY	"Variant(TJS_W(""CoordinateRecutangularXY""), (tjs_int)CoordinateRecutangularXY)"	cpp/plugins/motionplayer/main.cpp:603	STATIC_VARIANT_CONSTANT	registrar=0x6D6EE8; constant_helper=0x6D766C; value=0	registrar=0x5991D0; constant_helper=0x5994DC; value=0	registrar=0x100125974; constant_helper=0x100125C9C; value=0	registrar=0x124B7C; constant_helper=0x124E68; value=0	EVIDENCED_4_4	NOT_APPLICABLE_CONSTANT	analysis/motionplayer_motion_class_registration_surface_four_binary_2026-08-26.md	SURFACE_MAPPED_BODY_SEPARATE_OR_PENDING	
LOCAL-NCB-MOTIONPLAYER_DLL-MOTION-VARIANT-COORDINATERECUTANGULARXZ	motionplayer.dll	Motion	21	variant	CoordinateRecutangularXZ	"Variant(TJS_W(""CoordinateRecutangularXZ""), (tjs_int)CoordinateRecutangularXZ)"	cpp/plugins/motionplayer/main.cpp:605	STATIC_VARIANT_CONSTANT	registrar=0x6D6EE8; constant_helper=0x6D766C; value=1	registrar=0x5991D0; constant_helper=0x5994DC; value=1	registrar=0x100125974; constant_helper=0x100125C9C; value=1	registrar=0x124B7C; constant_helper=0x124E68; value=1	EVIDENCED_4_4	NOT_APPLICABLE_CONSTANT	analysis/motionplayer_motion_class_registration_surface_four_binary_2026-08-26.md	SURFACE_MAPPED_BODY_SEPARATE_OR_PENDING	
LOCAL-NCB-MOTIONPLAYER_DLL-MOTION-VARIANT-MASKMODESTENCIL	motionplayer.dll	Motion	22	variant	MaskModeStencil	"Variant(TJS_W(""MaskModeStencil""), (tjs_int)MaskModeStencil)"	cpp/plugins/motionplayer/main.cpp:607	STATIC_VARIANT_CONSTANT	registrar=0x6D6EE8; constant_helper=0x6D766C; value=0	registrar=0x5991D0; constant_helper=0x5994DC; value=0	registrar=0x100125974; constant_helper=0x100125C9C; value=0	registrar=0x124B7C; constant_helper=0x124E68; value=0	EVIDENCED_4_4	NOT_APPLICABLE_CONSTANT	analysis/motionplayer_motion_class_registration_surface_four_binary_2026-08-26.md	SURFACE_MAPPED_BODY_SEPARATE_OR_PENDING	
LOCAL-NCB-MOTIONPLAYER_DLL-MOTION-VARIANT-MASKMODEALPHA	motionplayer.dll	Motion	23	variant	MaskModeAlpha	"Variant(TJS_W(""MaskModeAlpha""), (tjs_int)MaskModeAlpha)"	cpp/plugins/motionplayer/main.cpp:608	STATIC_VARIANT_CONSTANT	registrar=0x6D6EE8; constant_helper=0x6D766C; value=1	registrar=0x5991D0; constant_helper=0x5994DC; value=1	registrar=0x100125974; constant_helper=0x100125C9C; value=1	registrar=0x124B7C; constant_helper=0x124E68; value=1	EVIDENCED_4_4	NOT_APPLICABLE_CONSTANT	analysis/motionplayer_motion_class_registration_surface_four_binary_2026-08-26.md	SURFACE_MAPPED_BODY_SEPARATE_OR_PENDING	
LOCAL-NCB-MOTIONPLAYER_DLL-MOTION-SUBCLASS-POINT	motionplayer.dll	Motion	24	subclass	Point	NCB_SUBCLASS(Point, Point)	cpp/plugins/motionplayer/main.cpp:612	STATIC_SUBCLASS	registrar=0x6D6EE8; callback=0x6F9AC8	registrar=0x5991D0; callback=0x5995A0	registrar=0x100125974; callback=0x100125D94	registrar=0x124B7C; callback=0x124F9C	EVIDENCED_4_4	SEE_SUBCLASS_LEDGER	analysis/motionplayer_motion_class_registration_surface_four_binary_2026-08-26.md	SURFACE_MAPPED_BODY_SEPARATE_OR_PENDING	
LOCAL-NCB-MOTIONPLAYER_DLL-MOTION-SUBCLASS-CIRCLE	motionplayer.dll	Motion	25	subclass	Circle	NCB_SUBCLASS(Circle, Circle)	cpp/plugins/motionplayer/main.cpp:613	STATIC_SUBCLASS	registrar=0x6D6EE8; callback=0x6FA118	registrar=0x5991D0; callback=0x5995E4	registrar=0x100125974; callback=0x100125E0C	registrar=0x124B7C; callback=0x124FE4	EVIDENCED_4_4	SEE_SUBCLASS_LEDGER	analysis/motionplayer_motion_class_registration_surface_four_binary_2026-08-26.md	SURFACE_MAPPED_BODY_SEPARATE_OR_PENDING	
LOCAL-NCB-MOTIONPLAYER_DLL-MOTION-SUBCLASS-RECT	motionplayer.dll	Motion	26	subclass	Rect	NCB_SUBCLASS(Rect, Rect)	cpp/plugins/motionplayer/main.cpp:614	STATIC_SUBCLASS	registrar=0x6D6EE8; callback=0x6FA508	registrar=0x5991D0; callback=0x599628	registrar=0x100125974; callback=0x100125E84	registrar=0x124B7C; callback=0x12502C	EVIDENCED_4_4	SEE_SUBCLASS_LEDGER	analysis/motionplayer_motion_class_registration_surface_four_binary_2026-08-26.md	SURFACE_MAPPED_BODY_SEPARATE_OR_PENDING	
LOCAL-NCB-MOTIONPLAYER_DLL-MOTION-SUBCLASS-QUAD	motionplayer.dll	Motion	27	subclass	Quad	NCB_SUBCLASS(Quad, Quad)	cpp/plugins/motionplayer/main.cpp:615	STATIC_SUBCLASS	registrar=0x6D6EE8; callback=0x6FA8F8	registrar=0x5991D0; callback=0x59966C	registrar=0x100125974; callback=0x100125EFC	registrar=0x124B7C; callback=0x125074	EVIDENCED_4_4	SEE_SUBCLASS_LEDGER	analysis/motionplayer_motion_class_registration_surface_four_binary_2026-08-26.md	SURFACE_MAPPED_BODY_SEPARATE_OR_PENDING	
LOCAL-NCB-MOTIONPLAYER_DLL-MOTION-SUBCLASS-LAYERGETTER	motionplayer.dll	Motion	28	subclass	LayerGetter	NCB_SUBCLASS(LayerGetter, LayerGetter)	cpp/plugins/motionplayer/main.cpp:616	STATIC_SUBCLASS	registrar=0x6D6EE8; callback=0x6FACE8	registrar=0x5991D0; callback=0x5996B0	registrar=0x100125974; callback=0x100125F74	registrar=0x124B7C; callback=0x1250BC	EVIDENCED_4_4	SEE_SUBCLASS_LEDGER	analysis/motionplayer_motion_class_registration_surface_four_binary_2026-08-26.md	SURFACE_MAPPED_BODY_SEPARATE_OR_PENDING	
LOCAL-NCB-MOTIONPLAYER_DLL-MOTION-SUBCLASS-PLAYER	motionplayer.dll	Motion	29	subclass	Player	NCB_SUBCLASS(Player, Player)	cpp/plugins/motionplayer/main.cpp:617	STATIC_SUBCLASS	registrar=0x6D6EE8; callback=0x6FB0E4	registrar=0x5991D0; callback=0x5996F4	registrar=0x100125974; callback=0x100125FEC	registrar=0x124B7C; callback=0x125104	EVIDENCED_4_4	SEE_SUBCLASS_LEDGER	analysis/motionplayer_motion_class_registration_surface_four_binary_2026-08-26.md	SURFACE_MAPPED_BODY_SEPARATE_OR_PENDING	
LOCAL-NCB-MOTIONPLAYER_DLL-MOTION-SUBCLASS-SOURCECACHE	motionplayer.dll	Motion	30	subclass	SourceCache	NCB_SUBCLASS(SourceCache, SourceCache)	cpp/plugins/motionplayer/main.cpp:618	STATIC_SUBCLASS	registrar=0x6D6EE8; callback=0x6FB504	registrar=0x5991D0; callback=0x599738	registrar=0x100125974; callback=0x100126064	registrar=0x124B7C; callback=0x12514C	EVIDENCED_4_4	SEE_SUBCLASS_LEDGER	analysis/motionplayer_motion_class_registration_surface_four_binary_2026-08-26.md	SURFACE_MAPPED_BODY_SEPARATE_OR_PENDING	
LOCAL-NCB-MOTIONPLAYER_DLL-MOTION-SUBCLASS-OBJSOURCE	motionplayer.dll	Motion	31	subclass	ObjSource	NCB_SUBCLASS(ObjSource, ObjSource)	cpp/plugins/motionplayer/main.cpp:619	STATIC_SUBCLASS	registrar=0x6D6EE8; callback=0x6FB9F0	registrar=0x5991D0; callback=0x59977C	registrar=0x100125974; callback=0x1001260DC	registrar=0x124B7C; callback=0x125194	EVIDENCED_4_4	SEE_SUBCLASS_LEDGER	analysis/motionplayer_motion_class_registration_surface_four_binary_2026-08-26.md	SURFACE_MAPPED_BODY_SEPARATE_OR_PENDING	
LOCAL-NCB-MOTIONPLAYER_DLL-MOTION-SUBCLASS-RESOURCEMANAGER	motionplayer.dll	Motion	32	subclass	ResourceManager	NCB_SUBCLASS(ResourceManager, ResourceManager)	cpp/plugins/motionplayer/main.cpp:620	STATIC_SUBCLASS	registrar=0x6D6EE8; callback=0x6FBEA4	registrar=0x5991D0; callback=0x5997C0	registrar=0x100125974; callback=0x100126154	registrar=0x124B7C; callback=0x1251DC	EVIDENCED_4_4	SEE_SUBCLASS_LEDGER	analysis/motionplayer_motion_class_registration_surface_four_binary_2026-08-26.md	SURFACE_MAPPED_BODY_SEPARATE_OR_PENDING	
LOCAL-NCB-MOTIONPLAYER_DLL-MOTION-SUBCLASS-SEPARATELAYERADAPTOR	motionplayer.dll	Motion	33	subclass	SeparateLayerAdaptor	NCB_SUBCLASS(SeparateLayerAdaptor, SeparateLayerAdaptor)	cpp/plugins/motionplayer/main.cpp:623	STATIC_SUBCLASS	registrar=0x6D6EE8; callback=0x6FC2C4	registrar=0x5991D0; callback=0x599804	registrar=0x100125974; callback=0x1001261CC	registrar=0x124B7C; callback=0x125224	EVIDENCED_4_4	SEE_SUBCLASS_LEDGER	analysis/motionplayer_motion_class_registration_surface_four_binary_2026-08-26.md	SURFACE_MAPPED_BODY_SEPARATE_OR_PENDING	
LOCAL-NCB-MOTIONPLAYER_DLL-MOTION-SUBCLASS-D3DADAPTOR	motionplayer.dll	Motion	34	subclass	D3DAdaptor	NCB_SUBCLASS(D3DAdaptor, D3DAdaptor)	cpp/plugins/motionplayer/main.cpp:627	STATIC_SUBCLASS	registrar=0x6D6EE8; callback=0x6FC6D8	registrar=0x5991D0; callback=0x599848	registrar=0x100125974; callback=0x100126244	registrar=0x124B7C; callback=0x12526C	EVIDENCED_4_4	SEE_SUBCLASS_LEDGER	analysis/motionplayer_motion_class_registration_surface_four_binary_2026-08-26.md	SURFACE_MAPPED_BODY_SEPARATE_OR_PENDING	
LOCAL-NCB-MOTIONPLAYER_DLL-MOTION-METHOD-DOALPHAMASKOPERATION	motionplayer.dll	Motion	35	method	doAlphaMaskOperation	"Method(TJS_W(""doAlphaMaskOperation""), &motion_doAlphaMaskOperation)"	cpp/plugins/motionplayer/main.cpp:630	STATIC_METHOD	registrar=0x6D6EE8; callback=0x6AC4E4	registrar=0x5991D0; callback=0x57E1E8	registrar=0x100125974; callback=0x100104E68	registrar=0x124B7C; callback=0x10243C	EVIDENCED_4_4	IMPLEMENTED	analysis/motionplayer_motion_alpha_mask_d3d_available_four_binary_2026-08-27.md	SURFACE_AND_BODY_CLOSED	
LOCAL-NCB-MOTIONPLAYER_DLL-MOTION-METHOD-GETD3DAVAILABLE	motionplayer.dll	Motion	36	method	getD3DAvailable	"Method(TJS_W(""getD3DAvailable""), &motion_getD3DAvailable)"	cpp/plugins/motionplayer/main.cpp:631	STATIC_METHOD	registrar=0x6D6EE8; callback=0x6ADD40	registrar=0x5991D0; callback=0x57F4A8	registrar=0x100125974; callback=0x10010654C	registrar=0x124B7C; callback=0x103908	EVIDENCED_4_4	IMPLEMENTED	analysis/motionplayer_motion_alpha_mask_d3d_available_four_binary_2026-08-27.md	SURFACE_AND_BODY_CLOSED	
