owner	sequence	script_name	native_kind	android_arm64	android_armv7	ios_arm64	ios_armv7	registration_status	body_status	evidence_report	notes
BezierPatch	1	affinePatch	ATTACHED_STATIC_METHOD	attach=0x6E627C; detach=0x6E630C; setup=0x6E6428; registrar=0x6A195C; callback=0x6A1D40	attach=0x5A51C0; detach=0x5A5244; setup=0x5A52C0; registrar=0x578C48; callback=0x578D90	attach=0x100136FA4; detach=0x10013700C; setup=0x100137068; registrar=0x1000FE1F0; callback=0x1000FE308	attach=0x136B9C; detach=0x136C50; setup=0x136D00; registrar=0xFB146; callback=0xFB244	EVIDENCED_4_4	IMPLEMENTED	analysis/motionplayer_bezierpatch_methods_geometry_inverse_four_binary_2026-08-27.md	stateless method attached directly to Layer; no script constructor or per-Layer native instance
BezierPatch	2	translatePatch	ATTACHED_STATIC_METHOD	registrar=0x6A195C; callback=0x6A2048	registrar=0x578C48; callback=0x578F28	registrar=0x1000FE1F0; callback=0x1000FE4B4	registrar=0xFB146; callback=0xFB450	EVIDENCED_4_4	IMPLEMENTED	analysis/motionplayer_bezierpatch_methods_geometry_inverse_four_binary_2026-08-27.md	stateless method attached directly to Layer; no script constructor or per-Layer native instance
BezierPatch	3	affineTranslatePatch	ATTACHED_STATIC_METHOD	registrar=0x6A195C; callback=0x6A2328	registrar=0x578C48; callback=0x5790B0	registrar=0x1000FE1F0; callback=0x1000FE640	registrar=0xFB146; callback=0xFB64C	EVIDENCED_4_4	IMPLEMENTED	analysis/motionplayer_bezierpatch_methods_geometry_inverse_four_binary_2026-08-27.md	stateless method attached directly to Layer; no script constructor or per-Layer native instance
BezierPatch	4	calcPatchBounds	ATTACHED_STATIC_METHOD	registrar=0x6A195C; callback=0x6A264C	registrar=0x578C48; callback=0x579258	registrar=0x1000FE1F0; callback=0x1000FE804	registrar=0xFB146; callback=0xFB868	EVIDENCED_4_4	IMPLEMENTED	analysis/motionplayer_bezierpatch_methods_geometry_inverse_four_binary_2026-08-27.md	stateless method attached directly to Layer; no script constructor or per-Layer native instance
BezierPatch	5	calcMeshBounds	ATTACHED_STATIC_METHOD	registrar=0x6A195C; callback=entry=0x6A2A04; containing_func=0x6A264C	registrar=0x578C48; callback=0x5794F8	registrar=0x1000FE1F0; callback=0x1000FEAB8	registrar=0xFB146; callback=0xFBBDC	EVIDENCED_4_4	IMPLEMENTED	analysis/motionplayer_bezierpatch_methods_geometry_inverse_four_binary_2026-08-27.md	Android arm64 callback is an internal entry in the calcPatchBounds/calcMeshBounds/calcBezierPatch combined function
BezierPatch	6	calcBezierPatch	ATTACHED_STATIC_METHOD	registrar=0x6A195C; callback=entry=0x6A2D6C; containing_func=0x6A264C	registrar=0x578C48; callback=0x5797A0	registrar=0x1000FE1F0; callback=0x1000FEE38	registrar=0xFB146; callback=0xFC014	EVIDENCED_4_4	IMPLEMENTED	analysis/motionplayer_bezierpatch_methods_geometry_inverse_four_binary_2026-08-27.md	Android arm64 callback is an internal entry in the calcPatchBounds/calcMeshBounds/calcBezierPatch combined function
BezierPatch	7	calcBezierPatchList	ATTACHED_STATIC_METHOD	registrar=0x6A195C; callback=0x6A3230	registrar=0x578C48; callback=0x579A18	registrar=0x1000FE1F0; callback=0x1000FF134	registrar=0xFB146; callback=0xFC360	EVIDENCED_4_4	IMPLEMENTED	analysis/motionplayer_bezierpatch_methods_geometry_inverse_four_binary_2026-08-27.md	stateless method attached directly to Layer; no script constructor or per-Layer native instance
BezierPatch	8	reverseCalcBezierPatch	ATTACHED_STATIC_METHOD	registrar=0x6A195C; callback=0x6A3874	registrar=0x578C48; callback=0x579D48	registrar=0x1000FE1F0; callback=0x1000FF508	registrar=0xFB146; callback=0xFC7A4	EVIDENCED_4_4	IMPLEMENTED	analysis/motionplayer_bezierpatch_methods_geometry_inverse_four_binary_2026-08-27.md	stateless method attached directly to Layer; no script constructor or per-Layer native instance
Circle	1	<constructor>	ZERO_ARG_CONSTRUCTOR	registrar=0x68E6E0; ctor_publish=inline	registrar=0x56E484; ctor_publish=0x56E52C	registrar=0x1000F08BC; ctor_publish=0x1000F099C	registrar=0xECADA; ctor_publish=0xECB94	EVIDENCED_4_4	IMPLEMENTED	analysis/motionplayer_geometry_default_constructors_four_binary_2026-08-26.md	
Circle	2	type	RO_PROPERTY	registrar=0x68E6E0; callback=0x68E628	registrar=0x56E484; callback=0x56E3FA	registrar=0x1000F08BC; callback=0x1000F08A4	registrar=0xECADA; callback=0xECABE	EVIDENCED_4_4	IMPLEMENTED	analysis/motionplayer_geometry_scalar_getters_four_binary_2026-08-26.md	
Circle	3	contains	METHOD	registrar=0x68E6E0; callback=0x68E1D0	registrar=0x56E484; callback=0x56E1B0	registrar=0x1000F08BC; callback=0x1000F0670	registrar=0xECADA; callback=0xEC8D0	EVIDENCED_4_4	IMPLEMENTED	analysis/motionplayer_geometry_contains_boundary_four_binary_2026-08-26.md	
Circle	4	x	RO_PROPERTY	registrar=0x68E6E0; callback=0x68E630	registrar=0x56E484; callback=0x56E3FE	registrar=0x1000F08BC; callback=0x1000F08AC	registrar=0xECADA; callback=0xECAC2	EVIDENCED_4_4	IMPLEMENTED	analysis/motionplayer_geometry_scalar_getters_four_binary_2026-08-26.md	
Circle	5	y	RO_PROPERTY	registrar=0x68E6E0; callback=0x68E638	registrar=0x56E484; callback=0x56E408	registrar=0x1000F08BC; callback=0x1000F08B4	registrar=0xECADA; callback=0xECACC	EVIDENCED_4_4	IMPLEMENTED	analysis/motionplayer_geometry_scalar_getters_four_binary_2026-08-26.md	
Circle	6	r	RO_PROPERTY	registrar=0x68E6E0; callback=0x68E9DC	registrar=0x56E484; callback=0x56E552	registrar=0x1000F08BC; callback=0x1000F09EC	registrar=0xECADA; callback=0xECBBA	EVIDENCED_4_4	IMPLEMENTED	analysis/motionplayer_geometry_scalar_getters_four_binary_2026-08-26.md	
D3DAdaptor	1	<factory>	FACTORY	wrapper=0x6FC6D8; setup=0x6FC848; registrar=0x6AA274; factory_publish=inline; callback=0x6AA8F8; native_ctor=0x6AAEF0	wrapper=0x599848; setup=0x5B74C8; registrar=0x57CC58; factory_publish=0x57CE94; callback=0x57CEBC; native_ctor=0x57D0AC	wrapper=0x100126244; setup=0x10014EDB4; registrar=0x1001039A4; factory_publish=0x100103BDC; callback=0x100103C30; native_ctor=0x100103FA8	wrapper=0x12526C; setup=0x150C70; registrar=0x100D94; factory_publish=0x100FAC; callback=0x100FD4; native_ctor=0x10128C	EVIDENCED_4_4	FACTORY_EVIDENCED_4_4	analysis/motionplayer_d3dadaptor_ncb_surface_four_binary_2026-08-27.md	argc>=5; argv[0] must be a Window instance; argv[1..4] convert to tjs_int; surplus arguments ignored
D3DAdaptor	2	setPos	METHOD	registrar=0x6AA274; callback=0x6AAB84	registrar=0x57CC58; callback=0x57CF64	registrar=0x1001039A4; callback=0x100103D3C	registrar=0x100D94; callback=0x101128	EVIDENCED_4_4	IMPLEMENTED	analysis/motionplayer_d3dadaptor_simple_state_map_clear_four_binary_2026-08-27.md	four-platform no-op callback
D3DAdaptor	3	setSize	METHOD	registrar=0x6AA274; callback=0x6AAB88	registrar=0x57CC58; callback=0x57CF66	registrar=0x1001039A4; callback=0x100103D40	registrar=0x100D94; callback=0x10112A	EVIDENCED_4_4	IMPLEMENTED	analysis/motionplayer_d3dadaptor_simple_state_map_clear_four_binary_2026-08-27.md	
D3DAdaptor	4	setClearColor	METHOD	registrar=0x6AA274; callback=0x6AAB90	registrar=0x57CC58; callback=0x57CF6C	registrar=0x1001039A4; callback=0x100103D48	registrar=0x100D94; callback=0x101130	EVIDENCED_4_4	IMPLEMENTED	analysis/motionplayer_d3dadaptor_simple_state_map_clear_four_binary_2026-08-27.md	
D3DAdaptor	5	setResizable	METHOD	registrar=0x6AA274; callback=0x6AAB98	registrar=0x57CC58; callback=0x57CF70	registrar=0x1001039A4; callback=0x100103D50	registrar=0x100D94; callback=0x101134	EVIDENCED_4_4	IMPLEMENTED	analysis/motionplayer_d3dadaptor_simple_state_map_clear_four_binary_2026-08-27.md	
D3DAdaptor	6	removeAllTextures	METHOD	registrar=0x6AA274; callback=0x6AAC98	registrar=0x57CC58; callback=0x57CF74	registrar=0x1001039A4; callback=0x100103D58	registrar=0x100D94; callback=0x101138	EVIDENCED_4_4	IMPLEMENTED	analysis/motionplayer_d3dadaptor_simple_state_map_clear_four_binary_2026-08-27.md	
D3DAdaptor	7	removeAllBg	METHOD	registrar=0x6AA274; callback=0x6AACD0	registrar=0x57CC58; callback=0x57CF7A	registrar=0x1001039A4; callback=0x100103D88	registrar=0x100D94; callback=0x101154	EVIDENCED_4_4	IMPLEMENTED	analysis/motionplayer_d3dadaptor_simple_state_map_clear_four_binary_2026-08-27.md	four-platform no-op callback
D3DAdaptor	8	removeAllCaption	METHOD	registrar=0x6AA274; callback=0x6AACD4	registrar=0x57CC58; callback=0x57CF7C	registrar=0x1001039A4; callback=0x100103D8C	registrar=0x100D94; callback=0x101156	EVIDENCED_4_4	IMPLEMENTED	analysis/motionplayer_d3dadaptor_simple_state_map_clear_four_binary_2026-08-27.md	four-platform no-op callback
D3DAdaptor	9	registerBg	METHOD	registrar=0x6AA274; callback=0x6AACD8	registrar=0x57CC58; callback=0x57CF7E	registrar=0x1001039A4; callback=0x100103D90	registrar=0x100D94; callback=0x101158	EVIDENCED_4_4	IMPLEMENTED	analysis/motionplayer_d3dadaptor_simple_state_map_clear_four_binary_2026-08-27.md	four-platform no-op callback
D3DAdaptor	10	registerCaption	METHOD	registrar=0x6AA274; callback=0x6AACDC	registrar=0x57CC58; callback=0x57CF80	registrar=0x1001039A4; callback=0x100103D94	registrar=0x100D94; callback=0x10115A	EVIDENCED_4_4	IMPLEMENTED	analysis/motionplayer_d3dadaptor_simple_state_map_clear_four_binary_2026-08-27.md	four-platform no-op callback
D3DAdaptor	11	unloadUnusedTextures	METHOD	registrar=0x6AA274; callback=0x6AACE0	registrar=0x57CC58; callback=0x57CF82	registrar=0x1001039A4; callback=0x100103D98	registrar=0x100D94; callback=0x10115C	EVIDENCED_4_4	IMPLEMENTED	analysis/motionplayer_d3dadaptor_simple_state_map_clear_four_binary_2026-08-27.md	four-platform no-op callback
D3DAdaptor	12	visible	RW_PROPERTY	registrar=0x6AA274; callback=get=0x6AACE4,set=0x6AACEC	registrar=0x57CC58; callback=get=0x57CF84,set=0x57CF88	registrar=0x1001039A4; callback=get=0x100103D9C,set=0x100103DA4	registrar=0x100D94; callback=get=0x10115E,set=0x101162	EVIDENCED_4_4	IMPLEMENTED	analysis/motionplayer_d3dadaptor_simple_state_map_clear_four_binary_2026-08-27.md	
D3DAdaptor	13	alphaOpAdd	RW_PROPERTY	registrar=0x6AA274; callback=get=0x6AACF8,set=0x6AAD00	registrar=0x57CC58; callback=get=0x57CF8C,set=0x57CF90	registrar=0x1001039A4; callback=get=0x100103DAC,set=0x100103DB4	registrar=0x100D94; callback=get=0x101166,set=0x10116A	EVIDENCED_4_4	IMPLEMENTED	analysis/motionplayer_d3dadaptor_simple_state_map_clear_four_binary_2026-08-27.md	
D3DAdaptor	14	captureCanvas	METHOD	registrar=0x6AA274; callback=0x6AAD0C	registrar=0x57CC58; callback=0x57CF94	registrar=0x1001039A4; callback=0x100103DBC	registrar=0x100D94; callback=0x10116E	EVIDENCED_4_4	IMPLEMENTED	analysis/motionplayer_d3dadaptor_capture_canvas_four_binary_2026-08-27.md	
D3DAdaptor	15	canvasCaptureEnabled	RW_PROPERTY	registrar=0x6AA274; callback=get=0x6AAEC8,set=0x6AAED0	registrar=0x57CC58; callback=get=0x57D09C,set=0x57D0A0	registrar=0x1001039A4; callback=get=0x100103F88,set=0x100103F90	registrar=0x100D94; callback=get=0x10127C,set=0x101280	EVIDENCED_4_4	IMPLEMENTED	analysis/motionplayer_d3dadaptor_simple_state_map_clear_four_binary_2026-08-27.md	
D3DAdaptor	16	clearEnabled	RW_PROPERTY	registrar=0x6AA274; callback=get=0x6AAEDC,set=0x6AAEE4	registrar=0x57CC58; callback=get=0x57D0A4,set=0x57D0A8	registrar=0x1001039A4; callback=get=0x100103F98,set=0x100103FA0	registrar=0x100D94; callback=get=0x101284,set=0x101288	EVIDENCED_4_4	IMPLEMENTED	analysis/motionplayer_d3dadaptor_simple_state_map_clear_four_binary_2026-08-27.md	
EmotePlayer	1	<factory>	TYPED_VARIANT_FACTORY	wrapper=0x682FA0; setup=0x683528; registrar=0x67CEA8; publisher=inline; invoke=0x689CA4; construct=0x689D7C; allocate_variant_ctor=0x689E94; native_ctor=0x67B76C	wrapper=0x564E2C; setup=0x56506C; registrar=0x5612E8; publisher=0x561C18; invoke=0x56A280; construct=0x56A310; variant_prepare=0x56A3F4; native_ctor=0x560948	wrapper=0x1001B8CD0; setup=0x1001B8FB8; registrar=0x1001B5130; publisher=0x1001B5B20; invoke=0x1001C5F18; construct=0x1001C5FBC; variant_prepare=0x1001C60E0; native_ctor=0x1001B7FB0	wrapper=0x1B82B8; setup=0x1B8660; registrar=0x1B4DE0; publisher=0x1B5712; invoke=0x1C3158; construct=0x1C31C8; allocate_variant_ctor=0x1C3310; native_ctor=0x1B7788	EVIDENCED_4_4	FACTORY_EVIDENCED_4_4	analysis/motionplayer_emoteplayer_ncb_surface_four_binary_2026-08-27.md	one Variant; zero ordinary args rejected; one Void is empty-adaptor sentinel; surplus args ignored; attach failure destroys and deletes native
EmotePlayer	2	TimelinePlayFlagParallel	STATIC_CONSTANT	registrar=0x67CEA8; value=1	registrar=0x5612E8; value=1	registrar=0x1001B5130; value=1	registrar=0x1B4DE0; value=1	EVIDENCED_4_4	NOT_APPLICABLE_CONSTANT	analysis/motionplayer_emoteplayer_ncb_surface_four_binary_2026-08-27.md	TJS_STATICMEMBER integer
EmotePlayer	3	TimelinePlayFlagDifference	STATIC_CONSTANT	registrar=0x67CEA8; value=2	registrar=0x5612E8; value=2	registrar=0x1001B5130; value=2	registrar=0x1B4DE0; value=2	EVIDENCED_4_4	NOT_APPLICABLE_CONSTANT	analysis/motionplayer_emoteplayer_ncb_surface_four_binary_2026-08-27.md	TJS_STATICMEMBER integer
EmotePlayer	4	progress	METHOD	registrar=0x67CEA8; callback=0x67EC94	registrar=0x5612E8; callback=0x561D08	registrar=0x1001B5130; callback=0x1001B5C68	registrar=0x1B4DE0; callback=0x1B586C	EVIDENCED_4_4	IMPLEMENTED	analysis/motionplayer_emoteplayer_primary_flow_raw_setters_four_binary_2026-08-27.md	Android armv7 callback was recovered as an independent 0x561D08..0x561D24 function
EmotePlayer	5	frameProgress	METHOD	registrar=0x67CEA8; callback=entry=0x67A3F8; containing_func=0x530E3C	registrar=0x5612E8; callback=0x55FEF0	registrar=0x1001B5130; callback=0x1001B4304	registrar=0x1B4DE0; callback=0x1B3E10	EVIDENCED_4_4	IMPLEMENTED	analysis/motionplayer_emoteplayer_primary_flow_raw_setters_four_binary_2026-08-27.md	direct EmoteEngine progress binding; Android arm64 entry is a distant function chunk
EmotePlayer	6	draw	METHOD	registrar=0x67CEA8; callback=0x67ECB0	registrar=0x5612E8; callback=0x561D38	registrar=0x1001B5130; callback=0x1001B5C84	registrar=0x1B4DE0; callback=0x1B5898	EVIDENCED_4_4	IMPLEMENTED	analysis/motionplayer_emoteplayer_primary_flow_raw_setters_four_binary_2026-08-27.md	
EmotePlayer	7	initPhysics	METHOD	registrar=0x67CEA8; callback=0x67A8B0	registrar=0x5612E8; callback=0x560020	registrar=0x1001B5130; callback=0x1001B4468	registrar=0x1B4DE0; callback=0x1B3F58	EVIDENCED_4_4	IMPLEMENTED	analysis/motionplayer_emoteplayer_primary_flow_raw_setters_four_binary_2026-08-27.md	direct EmoteEngine applyMetadata binding
EmotePlayer	8	startWind	METHOD	registrar=0x67CEA8; callback=0x66DD8C	registrar=0x5612E8; callback=0x559900	registrar=0x1001B5130; callback=0x1001AC718	registrar=0x1B4DE0; callback=0x1ABF24	EVIDENCED_4_4	IMPLEMENTED	analysis/motionplayer_emoteplayer_primary_flow_raw_setters_four_binary_2026-08-27.md	direct EmoteEngine setWind binding
EmotePlayer	9	stopWind	METHOD	registrar=0x67CEA8; callback=0x67EE18	registrar=0x5612E8; callback=0x561D90	registrar=0x1001B5130; callback=0x1001B5CD8	registrar=0x1B4DE0; callback=0x1B5944	EVIDENCED_4_4	IMPLEMENTED	analysis/motionplayer_emoteplayer_primary_flow_raw_setters_four_binary_2026-08-27.md	
EmotePlayer	10	play	METHOD	registrar=0x67CEA8; callback=0x67C7EC	registrar=0x5612E8; callback=0x5610B0	registrar=0x1001B5130; callback=0x1001B5040	registrar=0x1B4DE0; callback=0x1B4CBC	EVIDENCED_4_4	IMPLEMENTED	analysis/motionplayer_emoteplayer_primary_flow_raw_setters_four_binary_2026-08-27.md	
EmotePlayer	11	clear	METHOD	registrar=0x67CEA8; callback=0x67EE44	registrar=0x5612E8; callback=0x561DA8	registrar=0x1001B5130; callback=0x1001B5D04	registrar=0x1B4DE0; callback=0x1B595C	EVIDENCED_4_4	IMPLEMENTED	analysis/motionplayer_emoteplayer_primary_flow_raw_setters_four_binary_2026-08-27.md	
EmotePlayer	12	getVariable	METHOD	registrar=0x67CEA8; callback=0x5341FC	registrar=0x5612E8; callback=0x4979BC	registrar=0x1001B5130; callback=0x1001B5D84	registrar=0x1B4DE0; callback=0x1B5A2C	EVIDENCED_4_4	IMPLEMENTED	analysis/motionplayer_emoteplayer_primary_flow_raw_setters_four_binary_2026-08-27.md	direct EmoteEngine binding
EmotePlayer	13	contains	METHOD	registrar=0x67CEA8; callback=0x67EEEC	registrar=0x5612E8; callback=0x497BFE	registrar=0x1001B5130; callback=0x1001B5E84	registrar=0x1B4DE0; callback=0x1B5B74	EVIDENCED_4_4	IMPLEMENTED	analysis/motionplayer_emoteplayer_primary_flow_raw_setters_four_binary_2026-08-27.md	
EmotePlayer	14	serialize	METHOD	registrar=0x67CEA8; callback=0x673220	registrar=0x5612E8; callback=0x55BB70	registrar=0x1001B5130; callback=0x1001AF774	registrar=0x1B4DE0; callback=0x1AEF30	EVIDENCED_4_4	IMPLEMENTED	analysis/motionplayer_emoteplayer_primary_flow_raw_setters_four_binary_2026-08-27.md	direct EmoteEngine serializeState binding
EmotePlayer	15	unserialize	METHOD	registrar=0x67CEA8; callback=0x675424	registrar=0x5612E8; callback=0x55CF3C	registrar=0x1001B5130; callback=0x1001B1130	registrar=0x1B4DE0; callback=0x1B0B80	EVIDENCED_4_4	IMPLEMENTED	analysis/motionplayer_emoteplayer_primary_flow_raw_setters_four_binary_2026-08-27.md	direct EmoteEngine unserializeState binding
EmotePlayer	16	pass	METHOD	registrar=0x67CEA8; callback=0x67F028	registrar=0x5612E8; callback=0x561E18	registrar=0x1001B5130; callback=0x1001B5ECC	registrar=0x1B4DE0; callback=0x1B5BAA	EVIDENCED_4_4	IMPLEMENTED	analysis/motionplayer_emoteplayer_primary_flow_raw_setters_four_binary_2026-08-27.md	
EmotePlayer	17	setVariable	RAW_METHOD_CALLBACK	registrar=0x67CEA8; callback=0x66F1D0	registrar=0x5612E8; callback=0x55A368	registrar=0x1001B5130; callback=0x1001AD684	registrar=0x1B4DE0; callback=0x1ACD18	EVIDENCED_4_4	IMPLEMENTED	analysis/motionplayer_emoteplayer_primary_flow_raw_setters_four_binary_2026-08-27.md	
EmotePlayer	18	setCoord	RAW_METHOD_CALLBACK	registrar=0x67CEA8; callback=0x66F440	registrar=0x5612E8; callback=0x55A450	registrar=0x1001B5130; callback=0x1001AD778	registrar=0x1B4DE0; callback=0x1ACE5C	EVIDENCED_4_4	IMPLEMENTED	analysis/motionplayer_emoteplayer_primary_flow_raw_setters_four_binary_2026-08-27.md	
EmotePlayer	19	setScale	RAW_METHOD_CALLBACK	registrar=0x67CEA8; callback=0x66F6FC	registrar=0x5612E8; callback=0x55A548	registrar=0x1001B5130; callback=0x1001AD894	registrar=0x1B4DE0; callback=0x1ACF52	EVIDENCED_4_4	IMPLEMENTED	analysis/motionplayer_emoteplayer_primary_flow_raw_setters_four_binary_2026-08-27.md	
EmotePlayer	20	setRotate	RAW_METHOD_CALLBACK	registrar=0x67CEA8; callback=0x66F948	registrar=0x5612E8; callback=0x55A628	registrar=0x1001B5130; callback=0x1001AD970	registrar=0x1B4DE0; callback=0x1AD010	EVIDENCED_4_4	IMPLEMENTED	analysis/motionplayer_emoteplayer_primary_flow_raw_setters_four_binary_2026-08-27.md	
EmotePlayer	21	setColor	RAW_METHOD_CALLBACK	registrar=0x67CEA8; callback=0x66FB5C	registrar=0x5612E8; callback=0x55A6E8	registrar=0x1001B5130; callback=0x1001ADA3C	registrar=0x1B4DE0; callback=0x1AD0CC	EVIDENCED_4_4	IMPLEMENTED	analysis/motionplayer_emoteplayer_primary_flow_raw_setters_four_binary_2026-08-27.md	
EmotePlayer	22	setOuterForce	RAW_METHOD_CALLBACK	registrar=0x67CEA8; callback=0x66FE58	registrar=0x5612E8; callback=0x55A828	registrar=0x1001B5130; callback=0x1001ADB98	registrar=0x1B4DE0; callback=0x1AD218	EVIDENCED_4_4	IMPLEMENTED	analysis/motionplayer_emoteplayer_primary_flow_raw_setters_four_binary_2026-08-27.md	
EmotePlayer	23	completionType	RW_PROPERTY	registrar=0x67CEA8; get=0x67F02C; set=0x67F038	registrar=0x5612E8; get=0x561E50; set=0x561E5A	registrar=0x1001B5130; get=0x1001B5F24; set=0x1001B5F30	registrar=0x1B4DE0; get=0x1B5BD6; set=0x1B5BE0	EVIDENCED_4_4	IMPLEMENTED	analysis/motionplayer_emoteplayer_player_facade_properties_methods_four_binary_2026-08-27.md	
EmotePlayer	24	chara	RW_PROPERTY	registrar=0x67CEA8; get=0x67F044; set=0x67C750	registrar=0x5612E8; get=0x561E64; set=0x561044	registrar=0x1001B5130; get=0x1001B5F3C; set=0x1001B4FD8	registrar=0x1B4DE0; get=0x1B5BEA; set=0x1B4BFC	EVIDENCED_4_4	IMPLEMENTED	analysis/motionplayer_emoteplayer_player_facade_properties_methods_four_binary_2026-08-27.md	
EmotePlayer	25	motion	RW_PROPERTY	registrar=0x67CEA8; get=0x67F068; set=0x67F08C	registrar=0x5612E8; get=0x561E88; set=0x561EAC	registrar=0x1001B5130; get=0x1001B5F60; set=0x1001B5F84	registrar=0x1B4DE0; get=0x1B5C0E; set=0x1B5C34	EVIDENCED_4_4	IMPLEMENTED	analysis/motionplayer_emoteplayer_player_facade_properties_methods_four_binary_2026-08-27.md	
EmotePlayer	26	motionKey	RW_PROPERTY	registrar=0x67CEA8; get=0x67F128; set=entry=0x67C6C0; containing_func=0x67C4AC	registrar=0x5612E8; get=0x561F18; set=0x560FD4	registrar=0x1001B5130; get=0x1001B5FEC; set=0x1001B4F68	registrar=0x1B4DE0; get=0x1B5CF4; set=0x1B4B38	EVIDENCED_4_4	IMPLEMENTED	analysis/motionplayer_emoteplayer_player_facade_properties_methods_four_binary_2026-08-27.md	
EmotePlayer	27	project	RW_PROPERTY	registrar=0x67CEA8; get=0x67F128; set=entry=0x67C6C0; containing_func=0x67C4AC	registrar=0x5612E8; get=0x561F18; set=0x560FD4	registrar=0x1001B5130; get=0x1001B5FEC; set=0x1001B4F68	registrar=0x1B4DE0; get=0x1B5CF4; set=0x1B4B38	EVIDENCED_4_4	IMPLEMENTED	analysis/motionplayer_emoteplayer_player_facade_properties_methods_four_binary_2026-08-27.md	exact callback alias with motionKey
EmotePlayer	28	maskMode	RW_PROPERTY	registrar=0x67CEA8; get=0x67F1A4; set=0x67F1B0	registrar=0x5612E8; get=0x561F74; set=0x561F7E	registrar=0x1001B5130; get=0x1001B6048; set=0x1001B6054	registrar=0x1B4DE0; get=0x1B5DA4; set=0x1B5DAE	EVIDENCED_4_4	IMPLEMENTED	analysis/motionplayer_emoteplayer_player_facade_properties_methods_four_binary_2026-08-27.md	
EmotePlayer	29	meshDivisionRatio	RW_PROPERTY	registrar=0x67CEA8; get=0x67F1BC; set=0x67F1C8	registrar=0x5612E8; get=0x561F88; set=0x561F96	registrar=0x1001B5130; get=0x1001B6060; set=0x1001B606C	registrar=0x1B4DE0; get=0x1B5DB8; set=0x1B5DC6	EVIDENCED_4_4	IMPLEMENTED	analysis/motionplayer_emoteplayer_player_facade_properties_methods_four_binary_2026-08-27.md	
EmotePlayer	30	outline	RW_PROPERTY	registrar=0x67CEA8; get=0x67F1D4; set=0x67F1E4	registrar=0x5612E8; get=0x561FA4; set=0x561FB8	registrar=0x1001B5130; get=0x1001B6078; set=0x1001B6088	registrar=0x1B4DE0; get=0x1B5DD4; set=0x1B5DE8	EVIDENCED_4_4	IMPLEMENTED	analysis/motionplayer_emoteplayer_player_facade_properties_methods_four_binary_2026-08-27.md	
EmotePlayer	31	priorDraw	RW_PROPERTY	registrar=0x67CEA8; get=0x67F258; set=0x67F264	registrar=0x5612E8; get=0x562010; set=0x56201A	registrar=0x1001B5130; get=0x1001B60DC; set=0x1001B60E8	registrar=0x1B4DE0; get=0x1B5E94; set=0x1B5E9E	EVIDENCED_4_4	IMPLEMENTED	analysis/motionplayer_emoteplayer_player_facade_properties_methods_four_binary_2026-08-27.md	
EmotePlayer	32	frameLastTime	RO_PROPERTY	registrar=0x67CEA8; get=0x67F274	registrar=0x5612E8; get=0x562024	registrar=0x1001B5130; get=0x1001B60F4	registrar=0x1B4DE0; get=0x1B5EA8	EVIDENCED_4_4	IMPLEMENTED	analysis/motionplayer_emoteplayer_player_facade_properties_methods_four_binary_2026-08-27.md	
EmotePlayer	33	frameLoopTime	RO_PROPERTY	registrar=0x67CEA8; get=0x67F280	registrar=0x5612E8; get=0x562032	registrar=0x1001B5130; get=0x1001B6100	registrar=0x1B4DE0; get=0x1B5EB6	EVIDENCED_4_4	IMPLEMENTED	analysis/motionplayer_emoteplayer_player_facade_properties_methods_four_binary_2026-08-27.md	
EmotePlayer	34	lastTime	RO_PROPERTY	registrar=0x67CEA8; get=0x67F274	registrar=0x5612E8; get=0x562024	registrar=0x1001B5130; get=0x1001B60F4	registrar=0x1B4DE0; get=0x1B5EA8	EVIDENCED_4_4	IMPLEMENTED	analysis/motionplayer_emoteplayer_player_facade_properties_methods_four_binary_2026-08-27.md	exact alias with frameLastTime
EmotePlayer	35	loopTime	RO_PROPERTY	registrar=0x67CEA8; get=0x67F280	registrar=0x5612E8; get=0x562032	registrar=0x1001B5130; get=0x1001B6100	registrar=0x1B4DE0; get=0x1B5EB6	EVIDENCED_4_4	IMPLEMENTED	analysis/motionplayer_emoteplayer_player_facade_properties_methods_four_binary_2026-08-27.md	exact alias with frameLoopTime
EmotePlayer	36	bounds	RO_PROPERTY	registrar=0x67CEA8; get=0x67F28C	registrar=0x5612E8; get=0x562040	registrar=0x1001B5130; get=0x1001B610C	registrar=0x1B4DE0; get=0x1B5EC4	EVIDENCED_4_4	IMPLEMENTED	analysis/motionplayer_emoteplayer_player_facade_properties_methods_four_binary_2026-08-27.md	
EmotePlayer	37	processedMeshVerticesNum	RO_PROPERTY	registrar=0x67CEA8; get=0x67F294	registrar=0x5612E8; get=0x56204E	registrar=0x1001B5130; get=0x1001B6114	registrar=0x1B4DE0; get=0x1B5ED2	EVIDENCED_4_4	IMPLEMENTED	analysis/motionplayer_emoteplayer_player_facade_properties_methods_four_binary_2026-08-27.md	
EmotePlayer	38	setDrawAffineTranslateMatrix	METHOD	registrar=0x67CEA8; callback=0x67F2C8	registrar=0x5612E8; callback=0x562068	registrar=0x1001B5130; callback=0x1001B6148	registrar=0x1B4DE0; callback=0x1B5EEC	EVIDENCED_4_4	IMPLEMENTED	analysis/motionplayer_emoteplayer_player_facade_properties_methods_four_binary_2026-08-27.md	
EmotePlayer	39	getCameraOffset	METHOD	registrar=0x67CEA8; callback=0x67F2D0	registrar=0x5612E8; callback=0x562070	registrar=0x1001B5130; callback=0x1001B6150	registrar=0x1B4DE0; callback=0x1B5F26	EVIDENCED_4_4	IMPLEMENTED	analysis/motionplayer_emoteplayer_player_facade_properties_methods_four_binary_2026-08-27.md	
EmotePlayer	40	setCameraOffset	METHOD	registrar=0x67CEA8; callback=0x67F2D8	registrar=0x5612E8; callback=0x56207E	registrar=0x1001B5130; callback=0x1001B6158	registrar=0x1B4DE0; callback=0x1B5F34	EVIDENCED_4_4	IMPLEMENTED	analysis/motionplayer_emoteplayer_player_facade_properties_methods_four_binary_2026-08-27.md	
EmotePlayer	41	modifyRoot	METHOD	registrar=0x67CEA8; callback=0x67F2EC	registrar=0x5612E8; callback=0x56209C	registrar=0x1001B5130; callback=0x1001B616C	registrar=0x1B4DE0; callback=0x1B5F56	EVIDENCED_4_4	IMPLEMENTED	analysis/motionplayer_emoteplayer_player_facade_properties_methods_four_binary_2026-08-27.md	
EmotePlayer	42	setHairScale	METHOD	registrar=0x67CEA8; callback=0x67F300	registrar=0x5612E8; callback=0x5620AC	registrar=0x1001B5130; callback=0x1001B619C	registrar=0x1B4DE0; callback=0x1B5F84	EVIDENCED_4_4	IMPLEMENTED	analysis/motionplayer_emoteplayer_scale_trigger_variablekeys_animating_four_binary_2026-08-27.md	
EmotePlayer	43	setPartsScale	METHOD	registrar=0x67CEA8; callback=0x67F308	registrar=0x5612E8; callback=0x5620B6	registrar=0x1001B5130; callback=0x1001B61A4	registrar=0x1B4DE0; callback=0x1B5F8E	EVIDENCED_4_4	IMPLEMENTED	analysis/motionplayer_emoteplayer_scale_trigger_variablekeys_animating_four_binary_2026-08-27.md	
EmotePlayer	44	setBustScale	METHOD	registrar=0x67CEA8; callback=0x67F310	registrar=0x5612E8; callback=0x5620C0	registrar=0x1001B5130; callback=0x1001B61AC	registrar=0x1B4DE0; callback=0x1B5F98	EVIDENCED_4_4	IMPLEMENTED	analysis/motionplayer_emoteplayer_scale_trigger_variablekeys_animating_four_binary_2026-08-27.md	
EmotePlayer	45	hairScale	RW_PROPERTY	registrar=0x67CEA8; get=0x67F318; set=0x67F300	registrar=0x5612E8; get=0x5620CA; set=0x5620AC	registrar=0x1001B5130; get=0x1001B61B4; set=0x1001B619C	registrar=0x1B4DE0; get=0x1B5FA2; set=0x1B5F84	EVIDENCED_4_4	IMPLEMENTED	analysis/motionplayer_emoteplayer_scale_trigger_variablekeys_animating_four_binary_2026-08-27.md	setter exact alias with setHairScale
EmotePlayer	46	bustScale	RW_PROPERTY	registrar=0x67CEA8; get=0x67F320; set=0x67F310	registrar=0x5612E8; get=0x5620D4; set=0x5620C0	registrar=0x1001B5130; get=0x1001B61BC; set=0x1001B61AC	registrar=0x1B4DE0; get=0x1B5FAC; set=0x1B5F98	EVIDENCED_4_4	IMPLEMENTED	analysis/motionplayer_emoteplayer_scale_trigger_variablekeys_animating_four_binary_2026-08-27.md	setter exact alias with setBustScale
EmotePlayer	47	partsScale	RW_PROPERTY	registrar=0x67CEA8; get=0x67F328; set=0x67F308	registrar=0x5612E8; get=0x5620DE; set=0x5620B6	registrar=0x1001B5130; get=0x1001B61C4; set=0x1001B61A4	registrar=0x1B4DE0; get=0x1B5FB6; set=0x1B5F8E	EVIDENCED_4_4	IMPLEMENTED	analysis/motionplayer_emoteplayer_scale_trigger_variablekeys_animating_four_binary_2026-08-27.md	setter exact alias with setPartsScale
EmotePlayer	48	debugPrint	RW_PROPERTY	registrar=0x67CEA8; get=0x67F330; set=0x67F338	registrar=0x5612E8; get=0x5620E8; set=0x5620EE	registrar=0x1001B5130; get=0x1001B61CC; set=0x1001B61D4	registrar=0x1B4DE0; get=0x1B5FC0; set=0x1B5FC6	EVIDENCED_4_4	IMPLEMENTED	analysis/motionplayer_emoteplayer_scale_trigger_variablekeys_animating_four_binary_2026-08-27.md	
EmotePlayer	49	queuing	RW_PROPERTY	registrar=0x67CEA8; get=0x67F344; set=0x67F34C	registrar=0x5612E8; get=0x5620F6; set=0x5620FC	registrar=0x1001B5130; get=0x1001B61E0; set=0x1001B61E8	registrar=0x1B4DE0; get=0x1B5FCE; set=0x1B5FD4	EVIDENCED_4_4	IMPLEMENTED	analysis/motionplayer_emoteplayer_scale_trigger_variablekeys_animating_four_binary_2026-08-27.md	
EmotePlayer	50	directEdit	RW_PROPERTY	registrar=0x67CEA8; get=0x67F358; set=0x67F360	registrar=0x5612E8; get=0x562104; set=0x56210A	registrar=0x1001B5130; get=0x1001B61F4; set=0x1001B61FC	registrar=0x1B4DE0; get=0x1B5FDC; set=0x1B5FE2	EVIDENCED_4_4	IMPLEMENTED	analysis/motionplayer_emoteplayer_scale_trigger_variablekeys_animating_four_binary_2026-08-27.md	
EmotePlayer	51	selectorEnabled	RW_PROPERTY	registrar=0x67CEA8; get=0x67F36C; set=0x67F374	registrar=0x5612E8; get=0x562112; set=0x562118	registrar=0x1001B5130; get=0x1001B6208; set=0x1001B6210	registrar=0x1B4DE0; get=0x1B5FEA; set=0x1B5FF0	EVIDENCED_4_4	IMPLEMENTED	analysis/motionplayer_emoteplayer_scale_trigger_variablekeys_animating_four_binary_2026-08-27.md	
EmotePlayer	52	variableKeys	RO_PROPERTY	registrar=0x67CEA8; get=0x67F380	registrar=0x5612E8; get=0x562122	registrar=0x1001B5130; get=0x1001B621C	registrar=0x1B4DE0; get=0x1B5FFA	EVIDENCED_4_4	IMPLEMENTED	analysis/motionplayer_emoteplayer_scale_trigger_variablekeys_animating_four_binary_2026-08-27.md	
EmotePlayer	53	animating	RO_PROPERTY	registrar=0x67CEA8; get=0x671378	registrar=0x5612E8; get=0x55B18C	registrar=0x1001B5130; get=0x1001AE5D8	registrar=0x1B4DE0; get=0x1ADE54	EVIDENCED_4_4	IMPLEMENTED	analysis/motionplayer_emoteplayer_scale_trigger_variablekeys_animating_four_binary_2026-08-27.md	direct EmoteEngine getter; setter and indexed slots null
EmotePlayer	54	setMirror	METHOD	registrar=0x67CEA8; callback=0x66F190	registrar=0x5612E8; callback=0x55A336	registrar=0x1001B5130; callback=0x1001AD644	registrar=0x1B4DE0; callback=0x1ACCEA	EVIDENCED_4_4	IMPLEMENTED	analysis/motionplayer_emoteplayer_timeline_selector_queries_four_binary_2026-08-27.md	direct EmoteEngine binding
EmotePlayer	55	skip	METHOD	registrar=0x67CEA8; callback=0x66BF6C	registrar=0x5612E8; callback=0x558888	registrar=0x1001B5130; callback=0x1001AB03C	registrar=0x1B4DE0; callback=0x1AA714	EVIDENCED_4_4	IMPLEMENTED	analysis/motionplayer_emoteplayer_timeline_selector_queries_four_binary_2026-08-27.md	direct EmoteEngine resetControllers binding
EmotePlayer	56	playTimeline	RAW_METHOD_CALLBACK	registrar=0x67CEA8; callback=0x670224	registrar=0x5612E8; callback=0x55A9EC	registrar=0x1001B5130; callback=0x1001ADD74	registrar=0x1B4DE0; callback=0x1AD460	EVIDENCED_4_4	IMPLEMENTED	analysis/motionplayer_emoteplayer_timeline_selector_queries_four_binary_2026-08-27.md	
EmotePlayer	57	stopTimeline	RAW_METHOD_CALLBACK	registrar=0x67CEA8; callback=0x67F38C	registrar=0x5612E8; callback=0x562130	registrar=0x1001B5130; callback=0x1001B6228	registrar=0x1B4DE0; callback=0x1B6008	EVIDENCED_4_4	IMPLEMENTED	analysis/motionplayer_emoteplayer_timeline_selector_queries_four_binary_2026-08-27.md	
EmotePlayer	58	getTimelinePlaying	RAW_METHOD_CALLBACK	registrar=0x67CEA8; callback=0x67F47C	registrar=0x5612E8; callback=0x5621C8	registrar=0x1001B5130; callback=0x1001B62D8	registrar=0x1B4DE0; callback=0x1B6108	EVIDENCED_4_4	IMPLEMENTED	analysis/motionplayer_emoteplayer_timeline_selector_queries_four_binary_2026-08-27.md	
EmotePlayer	59	setTimelineBlendRatio	RAW_METHOD_CALLBACK	registrar=0x67CEA8; callback=entry=0x670674; containing_func=0x670350	registrar=0x5612E8; callback=0x55AB8C	registrar=0x1001B5130; callback=0x1001ADFB0	registrar=0x1B4DE0; callback=0x1AD72C	EVIDENCED_4_4	IMPLEMENTED	analysis/motionplayer_emoteplayer_timeline_selector_queries_four_binary_2026-08-27.md	Android arm64 callback is an internal entry in a combined raw-callback function
EmotePlayer	60	fadeInTimeline	RAW_METHOD_CALLBACK	registrar=0x67CEA8; callback=0x670ACC	registrar=0x5612E8; callback=0x55AD64	registrar=0x1001B5130; callback=0x1001AE200	registrar=0x1B4DE0; callback=0x1AD97C	EVIDENCED_4_4	IMPLEMENTED	analysis/motionplayer_emoteplayer_timeline_selector_queries_four_binary_2026-08-27.md	
EmotePlayer	61	fadeOutTimeline	RAW_METHOD_CALLBACK	registrar=0x67CEA8; callback=0x670DD4	registrar=0x5612E8; callback=0x55AEA8	registrar=0x1001B5130; callback=0x1001AE364	registrar=0x1B4DE0; callback=0x1ADB24	EVIDENCED_4_4	IMPLEMENTED	analysis/motionplayer_emoteplayer_timeline_selector_queries_four_binary_2026-08-27.md	
EmotePlayer	62	getTimelineBlendRatio	METHOD	registrar=0x67CEA8; callback=0x67F5A8	registrar=0x5612E8; callback=0x562270	registrar=0x1001B5130; callback=0x1001B6398	registrar=0x1B4DE0; callback=0x1B6218	EVIDENCED_4_4	IMPLEMENTED	analysis/motionplayer_emoteplayer_timeline_selector_queries_four_binary_2026-08-27.md	direct EmoteEngine binding
EmotePlayer	63	getVariableRange	METHOD	registrar=0x67CEA8; callback=0x670FCC	registrar=0x5612E8; callback=0x55AF8C	registrar=0x1001B5130; callback=0x1001AE454	registrar=0x1B4DE0; callback=0x1ADC6C	EVIDENCED_4_4	IMPLEMENTED	analysis/motionplayer_emoteplayer_timeline_selector_queries_four_binary_2026-08-27.md	
EmotePlayer	64	getVariableFrameList	METHOD	registrar=0x67CEA8; callback=0x67F67C	registrar=0x5612E8; callback=0x5622A0	registrar=0x1001B5130; callback=0x1001B63C8	registrar=0x1B4DE0; callback=0x1B623C	EVIDENCED_4_4	IMPLEMENTED	analysis/motionplayer_emoteplayer_timeline_selector_queries_four_binary_2026-08-27.md	
EmotePlayer	65	getMainTimelineLabelList	METHOD	registrar=0x67CEA8; callback=0x672334	registrar=0x5612E8; callback=0x55B5C8	registrar=0x1001B5130; callback=0x1001AEF14	registrar=0x1B4DE0; callback=0x1AE6F4	EVIDENCED_4_4	IMPLEMENTED	analysis/motionplayer_emoteplayer_timeline_selector_queries_four_binary_2026-08-27.md	direct EmoteEngine binding
EmotePlayer	66	getDiffTimelineLabelList	METHOD	registrar=0x67CEA8; callback=0x6724A0	registrar=0x5612E8; callback=0x55B63C	registrar=0x1001B5130; callback=0x1001AEFA0	registrar=0x1B4DE0; callback=0x1AE7C8	EVIDENCED_4_4	IMPLEMENTED	analysis/motionplayer_emoteplayer_timeline_selector_queries_four_binary_2026-08-27.md	direct EmoteEngine binding
EmotePlayer	67	getLoopTimeline	METHOD	registrar=0x67CEA8; callback=0x67260C	registrar=0x5612E8; callback=0x55B6B0	registrar=0x1001B5130; callback=0x1001AF02C	registrar=0x1B4DE0; callback=0x1AE89C	EVIDENCED_4_4	IMPLEMENTED	analysis/motionplayer_emoteplayer_timeline_selector_queries_four_binary_2026-08-27.md	direct EmoteEngine binding
EmotePlayer	68	getTimelineTotalFrameCount	METHOD	registrar=0x67CEA8; callback=0x6727D0	registrar=0x5612E8; callback=0x55B750	registrar=0x1001B5130; callback=0x1001AF0D4	registrar=0x1B4DE0; callback=0x1AE9A4	EVIDENCED_4_4	IMPLEMENTED	analysis/motionplayer_emoteplayer_timeline_selector_queries_four_binary_2026-08-27.md	direct EmoteEngine binding
EmotePlayer	69	getPlayingTimelineInfoList	METHOD	registrar=0x67CEA8; callback=0x6728A4	registrar=0x5612E8; callback=0x55B788	registrar=0x1001B5130; callback=0x1001AF104	registrar=0x1B4DE0; callback=0x1AE9D0	EVIDENCED_4_4	IMPLEMENTED	analysis/motionplayer_emoteplayer_timeline_selector_queries_four_binary_2026-08-27.md	direct EmoteEngine binding
EmotePlayer	70	isSelectorTarget	METHOD	registrar=0x67CEA8; callback=0x67F7DC	registrar=0x5612E8; callback=0x562378	registrar=0x1001B5130; callback=0x1001B64D0	registrar=0x1B4DE0; callback=0x1B6394	EVIDENCED_4_4	IMPLEMENTED	analysis/motionplayer_emoteplayer_timeline_selector_queries_four_binary_2026-08-27.md	direct EmoteEngine binding
EmotePlayer	71	activateSelectorTarget	METHOD	registrar=0x67CEA8; callback=0x672BFC	registrar=0x5612E8; callback=0x55B908	registrar=0x1001B5130; callback=0x1001AF2F0	registrar=0x1B4DE0; callback=0x1AEBE4	EVIDENCED_4_4	IMPLEMENTED	analysis/motionplayer_emoteplayer_timeline_selector_queries_four_binary_2026-08-27.md	direct EmoteEngine binding
EmotePlayer	72	deactivateSelectorTarget	METHOD	registrar=0x67CEA8; callback=0x672FD4	registrar=0x5612E8; callback=0x55BAD4	registrar=0x1001B5130; callback=0x1001AF628	registrar=0x1B4DE0; callback=0x1AEE48	EVIDENCED_4_4	IMPLEMENTED	analysis/motionplayer_emoteplayer_timeline_selector_queries_four_binary_2026-08-27.md	direct EmoteEngine binding
EmotePlayer	73	getCommandList	METHOD	registrar=0x67CEA8; callback=0x67F900	registrar=0x5612E8; callback=0x5623DE	registrar=0x1001B5130; callback=0x1001B65D4	registrar=0x1B4DE0; callback=0x1B644C	EVIDENCED_4_4	IMPLEMENTED	analysis/motionplayer_emoteplayer_timeline_selector_queries_four_binary_2026-08-27.md	
LayerGetter	1	<constructor>	ZERO_ARG_CONSTRUCTOR	registrar=0x698730; dispatch=0x6DFFAC; attach=0x6E0080	registrar=0x574628; dispatch=0x5A0BBC; attach=0x5A0C4C	registrar=0x1000F81AC; dispatch=0x100131274; attach=0x100131314	registrar=0xF4FF8; dispatch=0x13016C; attach=0x1301D8	EVIDENCED_4_4	CONSTRUCTOR_EVIDENCED_4_4	analysis/motionplayer_layergetter_ncb_surface_and_constructor_four_binary_2026-08-26.md	
LayerGetter	2	type	RO_PROPERTY	registrar=0x698730; callback=0x6993F4	registrar=0x574628; callback=0x5749DE	registrar=0x1000F81AC; callback=0x1000F86AC	registrar=0xF4FF8; callback=0xF5408	EVIDENCED_4_4	IMPLEMENTED	analysis/motionplayer_layergetter_scalar_string_getters_four_binary_2026-08-26.md	
LayerGetter	3	label	RO_PROPERTY	registrar=0x698730; callback=0x699400	registrar=0x574628; callback=0x5749E4	registrar=0x1000F81AC; callback=0x1000F86B8	registrar=0xF4FF8; callback=0xF540E	EVIDENCED_4_4	IMPLEMENTED	analysis/motionplayer_layergetter_scalar_string_getters_four_binary_2026-08-26.md	
LayerGetter	4	src	RO_PROPERTY	registrar=0x698730; callback=0x699424	registrar=0x574628; callback=0x574A04	registrar=0x1000F81AC; callback=0x1000F86DC	registrar=0xF4FF8; callback=0xF542E	EVIDENCED_4_4	IMPLEMENTED	analysis/motionplayer_layergetter_scalar_string_getters_four_binary_2026-08-26.md	
LayerGetter	5	visible	RO_PROPERTY	registrar=0x698730; callback=0x69945C	registrar=0x574628; callback=0x574A32	registrar=0x1000F81AC; callback=0x1000F8710	registrar=0xF4FF8; callback=0xF545C	EVIDENCED_4_4	IMPLEMENTED	analysis/motionplayer_layergetter_scalar_string_getters_four_binary_2026-08-26.md	
LayerGetter	6	branchVisible	RO_PROPERTY	registrar=0x698730; callback=0x699468	registrar=0x574628; callback=0x574A3A	registrar=0x1000F81AC; callback=0x1000F871C	registrar=0xF4FF8; callback=0xF5464	EVIDENCED_4_4	IMPLEMENTED	analysis/motionplayer_layergetter_scalar_string_getters_four_binary_2026-08-26.md	
LayerGetter	7	layerVisible	RO_PROPERTY	registrar=0x698730; callback=0x699474	registrar=0x574628; callback=0x574A42	registrar=0x1000F81AC; callback=0x1000F8728	registrar=0xF4FF8; callback=0xF546C	EVIDENCED_4_4	IMPLEMENTED	analysis/motionplayer_layergetter_scalar_string_getters_four_binary_2026-08-26.md	
LayerGetter	8	x	RO_PROPERTY	registrar=0x698730; callback=0x699498	registrar=0x574628; callback=0x574A5A	registrar=0x1000F81AC; callback=0x1000F874C	registrar=0xF4FF8; callback=0xF5484	EVIDENCED_4_4	IMPLEMENTED	analysis/motionplayer_layergetter_scalar_string_getters_four_binary_2026-08-26.md	
LayerGetter	9	y	RO_PROPERTY	registrar=0x698730; callback=0x6994A4	registrar=0x574628; callback=0x574A6A	registrar=0x1000F81AC; callback=0x1000F8758	registrar=0xF4FF8; callback=0xF5494	EVIDENCED_4_4	IMPLEMENTED	analysis/motionplayer_layergetter_scalar_string_getters_four_binary_2026-08-26.md	
LayerGetter	10	left	RO_PROPERTY	registrar=0x698730; callback=0x699498	registrar=0x574628; callback=0x574A5A	registrar=0x1000F81AC; callback=0x1000F874C	registrar=0xF4FF8; callback=0xF5484	EVIDENCED_4_4	IMPLEMENTED	analysis/motionplayer_layergetter_scalar_string_getters_four_binary_2026-08-26.md	
LayerGetter	11	top	RO_PROPERTY	registrar=0x698730; callback=0x6994A4	registrar=0x574628; callback=0x574A6A	registrar=0x1000F81AC; callback=0x1000F8758	registrar=0xF4FF8; callback=0xF5494	EVIDENCED_4_4	IMPLEMENTED	analysis/motionplayer_layergetter_scalar_string_getters_four_binary_2026-08-26.md	
LayerGetter	12	coord	RO_PROPERTY	registrar=0x698730; callback=0x6994B0	registrar=0x574628; callback=0x574A7C	registrar=0x1000F81AC; callback=0x1000F8764	registrar=0xF4FF8; callback=0xF54A4	EVIDENCED_4_4	IMPLEMENTED	analysis/motionplayer_layergetter_quad_exception_frontiers_four_binary_2026-08-27.md	
LayerGetter	13	flipX	RO_PROPERTY	registrar=0x698730; callback=0x69961C	registrar=0x574628; callback=0x574AF4	registrar=0x1000F81AC; callback=0x1000F87EC	registrar=0xF4FF8; callback=0xF5588	EVIDENCED_4_4	IMPLEMENTED	analysis/motionplayer_layergetter_scalar_string_getters_four_binary_2026-08-26.md	
LayerGetter	14	flipY	RO_PROPERTY	registrar=0x698730; callback=0x699628	registrar=0x574628; callback=0x574AFC	registrar=0x1000F81AC; callback=0x1000F87F8	registrar=0xF4FF8; callback=0xF5590	EVIDENCED_4_4	IMPLEMENTED	analysis/motionplayer_layergetter_scalar_string_getters_four_binary_2026-08-26.md	
LayerGetter	15	zoomX	RO_PROPERTY	registrar=0x698730; callback=0x699634	registrar=0x574628; callback=0x574B04	registrar=0x1000F81AC; callback=0x1000F8804	registrar=0xF4FF8; callback=0xF5598	EVIDENCED_4_4	IMPLEMENTED	analysis/motionplayer_layergetter_scalar_string_getters_four_binary_2026-08-26.md	
LayerGetter	16	zoomY	RO_PROPERTY	registrar=0x698730; callback=0x699640	registrar=0x574628; callback=0x574B14	registrar=0x1000F81AC; callback=0x1000F8810	registrar=0xF4FF8; callback=0xF55A8	EVIDENCED_4_4	IMPLEMENTED	analysis/motionplayer_layergetter_scalar_string_getters_four_binary_2026-08-26.md	
LayerGetter	17	angleDeg	RO_PROPERTY	registrar=0x698730; callback=0x69964C	registrar=0x574628; callback=0x574B24	registrar=0x1000F81AC; callback=0x1000F881C	registrar=0xF4FF8; callback=0xF55B8	EVIDENCED_4_4	IMPLEMENTED	analysis/motionplayer_layergetter_scalar_string_getters_four_binary_2026-08-26.md	
LayerGetter	18	angleRad	RO_PROPERTY	registrar=0x698730; callback=0x699658	registrar=0x574628; callback=0x574B38	registrar=0x1000F81AC; callback=0x1000F8828	registrar=0xF4FF8; callback=0xF55C8	EVIDENCED_4_4	IMPLEMENTED	analysis/motionplayer_layergetter_scalar_string_getters_four_binary_2026-08-26.md	
LayerGetter	19	slantX	RO_PROPERTY	registrar=0x698730; callback=0x699680	registrar=0x574628; callback=0x574B70	registrar=0x1000F81AC; callback=0x1000F8850	registrar=0xF4FF8; callback=0xF55FC	EVIDENCED_4_4	IMPLEMENTED	analysis/motionplayer_layergetter_scalar_string_getters_four_binary_2026-08-26.md	
LayerGetter	20	slantY	RO_PROPERTY	registrar=0x698730; callback=0x69968C	registrar=0x574628; callback=0x574B80	registrar=0x1000F81AC; callback=0x1000F885C	registrar=0xF4FF8; callback=0xF560C	EVIDENCED_4_4	IMPLEMENTED	analysis/motionplayer_layergetter_scalar_string_getters_four_binary_2026-08-26.md	
LayerGetter	21	originX	RO_PROPERTY	registrar=0x698730; callback=0x699698	registrar=0x574628; callback=0x574B90	registrar=0x1000F81AC; callback=0x1000F8868	registrar=0xF4FF8; callback=0xF561C	EVIDENCED_4_4	IMPLEMENTED	analysis/motionplayer_layergetter_scalar_string_getters_four_binary_2026-08-26.md	
LayerGetter	22	originY	RO_PROPERTY	registrar=0x698730; callback=0x6996B4	registrar=0x574628; callback=0x574BA8	registrar=0x1000F81AC; callback=0x1000F8880	registrar=0xF4FF8; callback=0xF5634	EVIDENCED_4_4	IMPLEMENTED	analysis/motionplayer_layergetter_scalar_string_getters_four_binary_2026-08-26.md	
LayerGetter	23	opacity	RO_PROPERTY	registrar=0x698730; callback=0x6996D0	registrar=0x574628; callback=0x574BC0	registrar=0x1000F81AC; callback=0x1000F8898	registrar=0xF4FF8; callback=0xF564C	EVIDENCED_4_4	IMPLEMENTED	analysis/motionplayer_layergetter_scalar_string_getters_four_binary_2026-08-26.md	
LayerGetter	24	mtx	RO_PROPERTY	registrar=0x698730; callback=0x6996DC	registrar=0x574628; callback=0x574BC8	registrar=0x1000F81AC; callback=0x1000F88A4	registrar=0xF4FF8; callback=0xF5654	EVIDENCED_4_4	IMPLEMENTED	analysis/motionplayer_layergetter_quad_exception_frontiers_four_binary_2026-08-27.md	
LayerGetter	25	vtx	RO_PROPERTY	registrar=0x698730; callback=0x699894	registrar=0x574628; callback=0x574C44	registrar=0x1000F81AC; callback=0x1000F893C	registrar=0xF4FF8; callback=0xF5744	EVIDENCED_4_4	IMPLEMENTED	analysis/motionplayer_layergetter_quad_exception_frontiers_four_binary_2026-08-27.md	
LayerGetter	26	color	RO_PROPERTY	registrar=0x698730; callback=0x699A88	registrar=0x574628; callback=0x574D64	registrar=0x1000F81AC; callback=0x1000F8AB8	registrar=0xF4FF8; callback=0xF58FC	EVIDENCED_4_4	IMPLEMENTED	analysis/motionplayer_layergetter_quad_exception_frontiers_four_binary_2026-08-27.md	
LayerGetter	27	bezierPatch	RO_PROPERTY	registrar=0x698730; callback=0x699D90	registrar=0x574628; callback=0x574E80	registrar=0x1000F81AC; callback=0x1000F8B80	registrar=0xF4FF8; callback=0xF5A14	EVIDENCED_4_4	IMPLEMENTED	analysis/motionplayer_layergetter_quad_exception_frontiers_four_binary_2026-08-27.md	
LayerGetter	28	shape	RO_PROPERTY	registrar=0x698730; callback=0x699F28	registrar=0x574628; callback=0x574F34	registrar=0x1000F81AC; callback=0x1000F8C60	registrar=0xF4FF8; callback=0xF5B38	EVIDENCED_4_4	IMPLEMENTED	analysis/motionplayer_layergetter_quad_exception_frontiers_four_binary_2026-08-27.md	
LayerGetter	29	motion	RO_PROPERTY	registrar=0x698730; callback=0x699FB0	registrar=0x574628; callback=0x574F7E	registrar=0x1000F81AC; callback=0x1000F8CE8	registrar=0xF4FF8; callback=0xF5C0C	EVIDENCED_4_4	IMPLEMENTED	analysis/motionplayer_layergetter_shape_motion_particle_lifetime_four_binary_2026-08-26.md	
LayerGetter	30	particle	RO_PROPERTY	registrar=0x698730; callback=0x699FD4	registrar=0x574628; callback=0x574F9A	registrar=0x1000F81AC; callback=0x1000F8D0C	registrar=0xF4FF8; callback=0xF5C28	EVIDENCED_4_4	IMPLEMENTED	analysis/motionplayer_layergetter_shape_motion_particle_lifetime_four_binary_2026-08-26.md	
Motion	1	LayerTypeObj	STATIC_VARIANT_CONSTANT	registrar=0x6D6EE8; constant_helper=0x6D766C; value=0	registrar=0x5991D0; constant_helper=0x5994DC; value=0	registrar=0x100125974; constant_helper=0x100125C9C; value=0	registrar=0x124B7C; constant_helper=0x124E68; value=0	EVIDENCED_4_4	NOT_APPLICABLE_CONSTANT	analysis/motionplayer_motion_class_registration_surface_four_binary_2026-08-26.md	
Motion	2	LayerTypeShape	STATIC_VARIANT_CONSTANT	registrar=0x6D6EE8; constant_helper=0x6D766C; value=1	registrar=0x5991D0; constant_helper=0x5994DC; value=1	registrar=0x100125974; constant_helper=0x100125C9C; value=1	registrar=0x124B7C; constant_helper=0x124E68; value=1	EVIDENCED_4_4	NOT_APPLICABLE_CONSTANT	analysis/motionplayer_motion_class_registration_surface_four_binary_2026-08-26.md	
Motion	3	LayerTypeLayout	STATIC_VARIANT_CONSTANT	registrar=0x6D6EE8; constant_helper=0x6D766C; value=2	registrar=0x5991D0; constant_helper=0x5994DC; value=2	registrar=0x100125974; constant_helper=0x100125C9C; value=2	registrar=0x124B7C; constant_helper=0x124E68; value=2	EVIDENCED_4_4	NOT_APPLICABLE_CONSTANT	analysis/motionplayer_motion_class_registration_surface_four_binary_2026-08-26.md	
Motion	4	LayerTypeMotion	STATIC_VARIANT_CONSTANT	registrar=0x6D6EE8; constant_helper=0x6D766C; value=3	registrar=0x5991D0; constant_helper=0x5994DC; value=3	registrar=0x100125974; constant_helper=0x100125C9C; value=3	registrar=0x124B7C; constant_helper=0x124E68; value=3	EVIDENCED_4_4	NOT_APPLICABLE_CONSTANT	analysis/motionplayer_motion_class_registration_surface_four_binary_2026-08-26.md	
Motion	5	LayerTypeParticle	STATIC_VARIANT_CONSTANT	registrar=0x6D6EE8; constant_helper=0x6D766C; value=4	registrar=0x5991D0; constant_helper=0x5994DC; value=4	registrar=0x100125974; constant_helper=0x100125C9C; value=4	registrar=0x124B7C; constant_helper=0x124E68; value=4	EVIDENCED_4_4	NOT_APPLICABLE_CONSTANT	analysis/motionplayer_motion_class_registration_surface_four_binary_2026-08-26.md	
Motion	6	LayerTypeCamera	STATIC_VARIANT_CONSTANT	registrar=0x6D6EE8; constant_helper=0x6D766C; value=5	registrar=0x5991D0; constant_helper=0x5994DC; value=5	registrar=0x100125974; constant_helper=0x100125C9C; value=5	registrar=0x124B7C; constant_helper=0x124E68; value=5	EVIDENCED_4_4	NOT_APPLICABLE_CONSTANT	analysis/motionplayer_motion_class_registration_surface_four_binary_2026-08-26.md	
Motion	7	ShapeTypePoint	STATIC_VARIANT_CONSTANT	registrar=0x6D6EE8; constant_helper=0x6D766C; value=0	registrar=0x5991D0; constant_helper=0x5994DC; value=0	registrar=0x100125974; constant_helper=0x100125C9C; value=0	registrar=0x124B7C; constant_helper=0x124E68; value=0	EVIDENCED_4_4	NOT_APPLICABLE_CONSTANT	analysis/motionplayer_motion_class_registration_surface_four_binary_2026-08-26.md	
Motion	8	ShapeTypeCircle	STATIC_VARIANT_CONSTANT	registrar=0x6D6EE8; constant_helper=0x6D766C; value=1	registrar=0x5991D0; constant_helper=0x5994DC; value=1	registrar=0x100125974; constant_helper=0x100125C9C; value=1	registrar=0x124B7C; constant_helper=0x124E68; value=1	EVIDENCED_4_4	NOT_APPLICABLE_CONSTANT	analysis/motionplayer_motion_class_registration_surface_four_binary_2026-08-26.md	
Motion	9	ShapeTypeRect	STATIC_VARIANT_CONSTANT	registrar=0x6D6EE8; constant_helper=0x6D766C; value=2	registrar=0x5991D0; constant_helper=0x5994DC; value=2	registrar=0x100125974; constant_helper=0x100125C9C; value=2	registrar=0x124B7C; constant_helper=0x124E68; value=2	EVIDENCED_4_4	NOT_APPLICABLE_CONSTANT	analysis/motionplayer_motion_class_registration_surface_four_binary_2026-08-26.md	
Motion	10	ShapeTypeQuad	STATIC_VARIANT_CONSTANT	registrar=0x6D6EE8; constant_helper=0x6D766C; value=3	registrar=0x5991D0; constant_helper=0x5994DC; value=3	registrar=0x100125974; constant_helper=0x100125C9C; value=3	registrar=0x124B7C; constant_helper=0x124E68; value=3	EVIDENCED_4_4	NOT_APPLICABLE_CONSTANT	analysis/motionplayer_motion_class_registration_surface_four_binary_2026-08-26.md	
Motion	11	PlayFlagForce	STATIC_VARIANT_CONSTANT	registrar=0x6D6EE8; constant_helper=0x6D766C; value=1	registrar=0x5991D0; constant_helper=0x5994DC; value=1	registrar=0x100125974; constant_helper=0x100125C9C; value=1	registrar=0x124B7C; constant_helper=0x124E68; value=1	EVIDENCED_4_4	NOT_APPLICABLE_CONSTANT	analysis/motionplayer_motion_class_registration_surface_four_binary_2026-08-26.md	
Motion	12	PlayFlagChain	STATIC_VARIANT_CONSTANT	registrar=0x6D6EE8; constant_helper=0x6D766C; value=2	registrar=0x5991D0; constant_helper=0x5994DC; value=2	registrar=0x100125974; constant_helper=0x100125C9C; value=2	registrar=0x124B7C; constant_helper=0x124E68; value=2	EVIDENCED_4_4	NOT_APPLICABLE_CONSTANT	analysis/motionplayer_motion_class_registration_surface_four_binary_2026-08-26.md	
Motion	13	PlayFlagAsCan	STATIC_VARIANT_CONSTANT	registrar=0x6D6EE8; constant_helper=0x6D766C; value=4	registrar=0x5991D0; constant_helper=0x5994DC; value=4	registrar=0x100125974; constant_helper=0x100125C9C; value=4	registrar=0x124B7C; constant_helper=0x124E68; value=4	EVIDENCED_4_4	NOT_APPLICABLE_CONSTANT	analysis/motionplayer_motion_class_registration_surface_four_binary_2026-08-26.md	
Motion	14	PlayFlagJoin	STATIC_VARIANT_CONSTANT	registrar=0x6D6EE8; constant_helper=0x6D766C; value=8	registrar=0x5991D0; constant_helper=0x5994DC; value=8	registrar=0x100125974; constant_helper=0x100125C9C; value=8	registrar=0x124B7C; constant_helper=0x124E68; value=8	EVIDENCED_4_4	NOT_APPLICABLE_CONSTANT	analysis/motionplayer_motion_class_registration_surface_four_binary_2026-08-26.md	
Motion	15	PlayFlagStealth	STATIC_VARIANT_CONSTANT	registrar=0x6D6EE8; constant_helper=0x6D766C; value=16	registrar=0x5991D0; constant_helper=0x5994DC; value=16	registrar=0x100125974; constant_helper=0x100125C9C; value=16	registrar=0x124B7C; constant_helper=0x124E68; value=16	EVIDENCED_4_4	NOT_APPLICABLE_CONSTANT	analysis/motionplayer_motion_class_registration_surface_four_binary_2026-08-26.md	
Motion	16	TransformOrderFlip	STATIC_VARIANT_CONSTANT	registrar=0x6D6EE8; constant_helper=0x6D766C; value=0	registrar=0x5991D0; constant_helper=0x5994DC; value=0	registrar=0x100125974; constant_helper=0x100125C9C; value=0	registrar=0x124B7C; constant_helper=0x124E68; value=0	EVIDENCED_4_4	NOT_APPLICABLE_CONSTANT	analysis/motionplayer_motion_class_registration_surface_four_binary_2026-08-26.md	
Motion	17	TransformOrderSlant	STATIC_VARIANT_CONSTANT	registrar=0x6D6EE8; constant_helper=0x6D766C; value=3	registrar=0x5991D0; constant_helper=0x5994DC; value=3	registrar=0x100125974; constant_helper=0x100125C9C; value=3	registrar=0x124B7C; constant_helper=0x124E68; value=3	EVIDENCED_4_4	NOT_APPLICABLE_CONSTANT	analysis/motionplayer_motion_class_registration_surface_four_binary_2026-08-26.md	
Motion	18	TransformOrderZoom	STATIC_VARIANT_CONSTANT	registrar=0x6D6EE8; constant_helper=0x6D766C; value=2	registrar=0x5991D0; constant_helper=0x5994DC; value=2	registrar=0x100125974; constant_helper=0x100125C9C; value=2	registrar=0x124B7C; constant_helper=0x124E68; value=2	EVIDENCED_4_4	NOT_APPLICABLE_CONSTANT	analysis/motionplayer_motion_class_registration_surface_four_binary_2026-08-26.md	
Motion	19	TransformOrderAngle	STATIC_VARIANT_CONSTANT	registrar=0x6D6EE8; constant_helper=0x6D766C; value=1	registrar=0x5991D0; constant_helper=0x5994DC; value=1	registrar=0x100125974; constant_helper=0x100125C9C; value=1	registrar=0x124B7C; constant_helper=0x124E68; value=1	EVIDENCED_4_4	NOT_APPLICABLE_CONSTANT	analysis/motionplayer_motion_class_registration_surface_four_binary_2026-08-26.md	
Motion	20	CoordinateRecutangularXY	STATIC_VARIANT_CONSTANT	registrar=0x6D6EE8; constant_helper=0x6D766C; value=0	registrar=0x5991D0; constant_helper=0x5994DC; value=0	registrar=0x100125974; constant_helper=0x100125C9C; value=0	registrar=0x124B7C; constant_helper=0x124E68; value=0	EVIDENCED_4_4	NOT_APPLICABLE_CONSTANT	analysis/motionplayer_motion_class_registration_surface_four_binary_2026-08-26.md	
Motion	21	CoordinateRecutangularXZ	STATIC_VARIANT_CONSTANT	registrar=0x6D6EE8; constant_helper=0x6D766C; value=1	registrar=0x5991D0; constant_helper=0x5994DC; value=1	registrar=0x100125974; constant_helper=0x100125C9C; value=1	registrar=0x124B7C; constant_helper=0x124E68; value=1	EVIDENCED_4_4	NOT_APPLICABLE_CONSTANT	analysis/motionplayer_motion_class_registration_surface_four_binary_2026-08-26.md	
Motion	22	MaskModeStencil	STATIC_VARIANT_CONSTANT	registrar=0x6D6EE8; constant_helper=0x6D766C; value=0	registrar=0x5991D0; constant_helper=0x5994DC; value=0	registrar=0x100125974; constant_helper=0x100125C9C; value=0	registrar=0x124B7C; constant_helper=0x124E68; value=0	EVIDENCED_4_4	NOT_APPLICABLE_CONSTANT	analysis/motionplayer_motion_class_registration_surface_four_binary_2026-08-26.md	
Motion	23	MaskModeAlpha	STATIC_VARIANT_CONSTANT	registrar=0x6D6EE8; constant_helper=0x6D766C; value=1	registrar=0x5991D0; constant_helper=0x5994DC; value=1	registrar=0x100125974; constant_helper=0x100125C9C; value=1	registrar=0x124B7C; constant_helper=0x124E68; value=1	EVIDENCED_4_4	NOT_APPLICABLE_CONSTANT	analysis/motionplayer_motion_class_registration_surface_four_binary_2026-08-26.md	
Motion	24	Point	STATIC_SUBCLASS	registrar=0x6D6EE8; callback=0x6F9AC8	registrar=0x5991D0; callback=0x5995A0	registrar=0x100125974; callback=0x100125D94	registrar=0x124B7C; callback=0x124F9C	EVIDENCED_4_4	SEE_SUBCLASS_LEDGER	analysis/motionplayer_motion_class_registration_surface_four_binary_2026-08-26.md	
Motion	25	Circle	STATIC_SUBCLASS	registrar=0x6D6EE8; callback=0x6FA118	registrar=0x5991D0; callback=0x5995E4	registrar=0x100125974; callback=0x100125E0C	registrar=0x124B7C; callback=0x124FE4	EVIDENCED_4_4	SEE_SUBCLASS_LEDGER	analysis/motionplayer_motion_class_registration_surface_four_binary_2026-08-26.md	
Motion	26	Rect	STATIC_SUBCLASS	registrar=0x6D6EE8; callback=0x6FA508	registrar=0x5991D0; callback=0x599628	registrar=0x100125974; callback=0x100125E84	registrar=0x124B7C; callback=0x12502C	EVIDENCED_4_4	SEE_SUBCLASS_LEDGER	analysis/motionplayer_motion_class_registration_surface_four_binary_2026-08-26.md	
Motion	27	Quad	STATIC_SUBCLASS	registrar=0x6D6EE8; callback=0x6FA8F8	registrar=0x5991D0; callback=0x59966C	registrar=0x100125974; callback=0x100125EFC	registrar=0x124B7C; callback=0x125074	EVIDENCED_4_4	SEE_SUBCLASS_LEDGER	analysis/motionplayer_motion_class_registration_surface_four_binary_2026-08-26.md	
Motion	28	LayerGetter	STATIC_SUBCLASS	registrar=0x6D6EE8; callback=0x6FACE8	registrar=0x5991D0; callback=0x5996B0	registrar=0x100125974; callback=0x100125F74	registrar=0x124B7C; callback=0x1250BC	EVIDENCED_4_4	SEE_SUBCLASS_LEDGER	analysis/motionplayer_motion_class_registration_surface_four_binary_2026-08-26.md	
Motion	29	Player	STATIC_SUBCLASS	registrar=0x6D6EE8; callback=0x6FB0E4	registrar=0x5991D0; callback=0x5996F4	registrar=0x100125974; callback=0x100125FEC	registrar=0x124B7C; callback=0x125104	EVIDENCED_4_4	SEE_SUBCLASS_LEDGER	analysis/motionplayer_motion_class_registration_surface_four_binary_2026-08-26.md	
Motion	30	SourceCache	STATIC_SUBCLASS	registrar=0x6D6EE8; callback=0x6FB504	registrar=0x5991D0; callback=0x599738	registrar=0x100125974; callback=0x100126064	registrar=0x124B7C; callback=0x12514C	EVIDENCED_4_4	SEE_SUBCLASS_LEDGER	analysis/motionplayer_motion_class_registration_surface_four_binary_2026-08-26.md	
Motion	31	ObjSource	STATIC_SUBCLASS	registrar=0x6D6EE8; callback=0x6FB9F0	registrar=0x5991D0; callback=0x59977C	registrar=0x100125974; callback=0x1001260DC	registrar=0x124B7C; callback=0x125194	EVIDENCED_4_4	SEE_SUBCLASS_LEDGER	analysis/motionplayer_motion_class_registration_surface_four_binary_2026-08-26.md	
Motion	32	ResourceManager	STATIC_SUBCLASS	registrar=0x6D6EE8; callback=0x6FBEA4	registrar=0x5991D0; callback=0x5997C0	registrar=0x100125974; callback=0x100126154	registrar=0x124B7C; callback=0x1251DC	EVIDENCED_4_4	SEE_SUBCLASS_LEDGER	analysis/motionplayer_motion_class_registration_surface_four_binary_2026-08-26.md	
Motion	33	SeparateLayerAdaptor	STATIC_SUBCLASS	registrar=0x6D6EE8; callback=0x6FC2C4	registrar=0x5991D0; callback=0x599804	registrar=0x100125974; callback=0x1001261CC	registrar=0x124B7C; callback=0x125224	EVIDENCED_4_4	SEE_SUBCLASS_LEDGER	analysis/motionplayer_motion_class_registration_surface_four_binary_2026-08-26.md	
Motion	34	D3DAdaptor	STATIC_SUBCLASS	registrar=0x6D6EE8; callback=0x6FC6D8	registrar=0x5991D0; callback=0x599848	registrar=0x100125974; callback=0x100126244	registrar=0x124B7C; callback=0x12526C	EVIDENCED_4_4	SEE_SUBCLASS_LEDGER	analysis/motionplayer_motion_class_registration_surface_four_binary_2026-08-26.md	
Motion	35	doAlphaMaskOperation	STATIC_METHOD	registrar=0x6D6EE8; callback=0x6AC4E4	registrar=0x5991D0; callback=0x57E1E8	registrar=0x100125974; callback=0x100104E68	registrar=0x124B7C; callback=0x10243C	EVIDENCED_4_4	IMPLEMENTED	analysis/motionplayer_motion_alpha_mask_d3d_available_four_binary_2026-08-27.md	
Motion	36	getD3DAvailable	STATIC_METHOD	registrar=0x6D6EE8; callback=0x6ADD40	registrar=0x5991D0; callback=0x57F4A8	registrar=0x100125974; callback=0x10010654C	registrar=0x124B7C; callback=0x103908	EVIDENCED_4_4	IMPLEMENTED	analysis/motionplayer_motion_alpha_mask_d3d_available_four_binary_2026-08-27.md	
MotionLayerExtensions_guess	1	debugMeshApp	ATTACHED_RW_PROPERTY	attach=0x6E217C; detach=0x6E227C; setup=0x6E2408; registrar=0x6A1204; callback=get=0x6A1768,set=0x6A1774	attach=0x5A2D00; detach=0x5A2D60; setup=0x5A2DF8; registrar=0x578A6C; callback=get=0x578BB4,set=0x578BC0	attach=0x100133D68; detach=0x100133DCC; setup=0x100133E2C; registrar=0x1000FE030; callback=get=0x1000FE1C8,set=0x1000FE1D4	attach=0x132FD0; detach=0x133088; setup=0x133144; registrar=0xFAFB0; callback=get=0xFB11E,set=0xFB12A	EVIDENCED_4_4	IMPLEMENTED	analysis/motionplayer_layer_extensions_callbacks_lifetime_render_four_binary_2026-08-27.md	member attached directly to Layer through the per-Layer lazy native-instance hook
MotionLayerExtensions_guess	2	debugBezierApp	ATTACHED_RW_PROPERTY	registrar=0x6A1204; callback=get=0x6A177C,set=0x6A1788	registrar=0x578A6C; callback=get=0x578BC6,set=0x578BD2	registrar=0x1000FE030; callback=get=0x1000FE1DC,set=0x1000FE1E8	registrar=0xFAFB0; callback=get=0xFB130,set=0xFB13C	EVIDENCED_4_4	IMPLEMENTED	analysis/motionplayer_layer_extensions_callbacks_lifetime_render_four_binary_2026-08-27.md	member attached directly to Layer through the per-Layer lazy native-instance hook
MotionLayerExtensions_guess	3	meshCopy	ATTACHED_METHOD	registrar=0x6A1204; callback=0x69F150	registrar=0x578A6C; callback=0x577924	registrar=0x1000FE030; callback=0x1000FC6E8	registrar=0xFAFB0; callback=0xF9654	EVIDENCED_4_4	IMPLEMENTED	analysis/motionplayer_layer_extensions_callbacks_lifetime_render_four_binary_2026-08-27.md	member attached directly to Layer through the per-Layer lazy native-instance hook
MotionLayerExtensions_guess	4	operateMesh	ATTACHED_METHOD	registrar=0x6A1204; callback=0x69F304	registrar=0x578A6C; callback=0x577A44	registrar=0x1000FE030; callback=0x1000FC864	registrar=0xFAFB0; callback=0xF97F4	EVIDENCED_4_4	IMPLEMENTED	analysis/motionplayer_layer_extensions_callbacks_lifetime_render_four_binary_2026-08-27.md	member attached directly to Layer through the per-Layer lazy native-instance hook
MotionLayerExtensions_guess	5	drawMeshFrame	ATTACHED_METHOD	registrar=0x6A1204; callback=0x69F5E4	registrar=0x578A6C; callback=0x577B50	registrar=0x1000FE030; callback=0x1000FC9C0	registrar=0xFAFB0; callback=0xF996C	EVIDENCED_4_4	IMPLEMENTED	analysis/motionplayer_layer_extensions_callbacks_lifetime_render_four_binary_2026-08-27.md	member attached directly to Layer through the per-Layer lazy native-instance hook
MotionLayerExtensions_guess	6	bezierPatchCopy	ATTACHED_METHOD	registrar=0x6A1204; callback=0x69FD7C	registrar=0x578A6C; callback=0x577F3C	registrar=0x1000FE030; callback=0x1000FCF78	registrar=0xFAFB0; callback=0xF9F08	EVIDENCED_4_4	IMPLEMENTED	analysis/motionplayer_layer_extensions_callbacks_lifetime_render_four_binary_2026-08-27.md	member attached directly to Layer through the per-Layer lazy native-instance hook
MotionLayerExtensions_guess	7	operateBezierPatch	ATTACHED_METHOD	registrar=0x6A1204; callback=0x69FF30	registrar=0x578A6C; callback=0x57805C	registrar=0x1000FE030; callback=0x1000FD0F4	registrar=0xFAFB0; callback=0xFA0A8	EVIDENCED_4_4	IMPLEMENTED	analysis/motionplayer_layer_extensions_callbacks_lifetime_render_four_binary_2026-08-27.md	member attached directly to Layer through the per-Layer lazy native-instance hook
MotionLayerExtensions_guess	8	drawBezierPatchFrame	ATTACHED_METHOD	registrar=0x6A1204; callback=0x6A0210	registrar=0x578A6C; callback=0x578168	registrar=0x1000FE030; callback=0x1000FD250	registrar=0xFAFB0; callback=0xFA220	EVIDENCED_4_4	IMPLEMENTED	analysis/motionplayer_layer_extensions_callbacks_lifetime_render_four_binary_2026-08-27.md	member attached directly to Layer through the per-Layer lazy native-instance hook
MotionLayerExtensions_guess	9	drawBezierPatchMeshFrame	ATTACHED_METHOD	registrar=0x6A1204; callback=0x6A0B3C	registrar=0x578A6C; callback=0x5786AC	registrar=0x1000FE030; callback=0x1000FDAF8	registrar=0xFAFB0; callback=0xFAAA4	EVIDENCED_4_4	IMPLEMENTED	analysis/motionplayer_layer_extensions_callbacks_lifetime_render_four_binary_2026-08-27.md	member attached directly to Layer through the per-Layer lazy native-instance hook
ObjSource	1	<constructor>	ZERO_ARG_CONSTRUCTOR	wrapper=0x6FB9F0; setup=0x6FBB54; registrar=0x69A098; ctor_publish=inline@0x69A0B8	wrapper=0x59977C; setup=0x5B6CDC; registrar=0x575028; ctor_publish=0x5750F4	wrapper=0x1001260DC; setup=0x10014E328; registrar=0x1000F8D30; ctor_publish=0x1000F8E38	wrapper=0x125194; setup=0x150088; registrar=0xF5C48; ctor_publish=0xF5D24	EVIDENCED_4_4	CONSTRUCTOR_EVIDENCED_4_4	analysis/motionplayer_sourcecache_objsource_ncb_surface_four_binary_2026-08-27.md	
ObjSource	2	originX	RO_PROPERTY	registrar=0x69A098; callback=get=0x69A3F4	registrar=0x575028; callback=get=0x57511C	registrar=0x1000F8D30; callback=get=0x1000F8E88	registrar=0xF5C48; callback=get=0xF5D4C	EVIDENCED_4_4	IMPLEMENTED	analysis/motionplayer_objsource_getters_clip_draw_decode_texture_lifetime_four_binary_2026-08-27.md	
ObjSource	3	originY	RO_PROPERTY	registrar=0x69A098; callback=get=0x69A4B8	registrar=0x575028; callback=get=0x575180	registrar=0x1000F8D30; callback=get=0x1000F8EEC	registrar=0xF5C48; callback=get=0xF5E04	EVIDENCED_4_4	IMPLEMENTED	analysis/motionplayer_objsource_getters_clip_draw_decode_texture_lifetime_four_binary_2026-08-27.md	
ObjSource	4	width	RO_PROPERTY	registrar=0x69A098; callback=get=0x69A57C	registrar=0x575028; callback=get=0x5751E4	registrar=0x1000F8D30; callback=get=0x1000F8F50	registrar=0xF5C48; callback=get=0xF5EBC	EVIDENCED_4_4	IMPLEMENTED	analysis/motionplayer_objsource_getters_clip_draw_decode_texture_lifetime_four_binary_2026-08-27.md	
ObjSource	5	height	RO_PROPERTY	registrar=0x69A098; callback=get=0x69A65C	registrar=0x575028; callback=get=0x575258	registrar=0x1000F8D30; callback=get=0x1000F8FD0	registrar=0xF5C48; callback=get=0xF5F8C	EVIDENCED_4_4	IMPLEMENTED	analysis/motionplayer_objsource_getters_clip_draw_decode_texture_lifetime_four_binary_2026-08-27.md	
ObjSource	6	clip	RO_PROPERTY	registrar=0x69A098; callback=get=0x69A73C	registrar=0x575028; callback=get=0x5752CC	registrar=0x1000F8D30; callback=get=0x1000F9050	registrar=0xF5C48; callback=get=0xF605C	EVIDENCED_4_4	IMPLEMENTED	analysis/motionplayer_objsource_getters_clip_draw_decode_texture_lifetime_four_binary_2026-08-27.md	
ObjSource	7	drawLayer	METHOD	registrar=0x69A098; callback=0x69AAB8	registrar=0x575028; callback=0x5754E4	registrar=0x1000F8D30; callback=0x1000F930C	registrar=0xF5C48; callback=0xF63C0	EVIDENCED_4_4	IMPLEMENTED	analysis/motionplayer_objsource_getters_clip_draw_decode_texture_lifetime_four_binary_2026-08-27.md	
Player	1	<constructor>	TYPED_CONSTRUCTOR	publish=0x6D3E3C; dispatch=0x6F3FB0; attach=0x6F4088; ctor=0x6CC110	publish=0x598CFC; dispatch=0x5B0798; attach=0x5B0828; ctor=0x5935C4	publish=0x1001253E0; dispatch=0x100146384; attach=0x100146428; ctor=0x10011EC04	publish=0x124600; dispatch=0x1468E4; attach=0x146950; ctor=0x11D488	EVIDENCED_4_4	CONSTRUCTOR_EVIDENCED_4_4	analysis/motionplayer_player_ncb_surface_and_constructor_four_binary_2026-08-26.md	one-tTJSVariant constructor plus Void-shell sentinel
Player	2	defaultSyncActive	STATIC_RW_PROPERTY	name=0x14D6316; publish=0x6D3EB4; callbacks=0x6D67D8|0x6D67E4	name=0xD85C24; publish=0x597F04; callbacks=0x598D24|0x598D30	name=0x10195C98C; publish=0x100124540; callbacks=0x100125430|0x10012543C	name=0x174ECF0; publish=0x123888; callbacks=0x124626|0x124634	EVIDENCED_4_4	OUT_OF_SCOPE_FOR_SURFACE_SLICE	analysis/motionplayer_player_ncb_surface_and_constructor_four_binary_2026-08-26.md	
Player	3	defaultTransformOrder	STATIC_RW_PROPERTY	name=0x14D633A; publish=0x6D3F2C; callbacks=0x6ADD5C|0x6ADE94	name=0xD85C48; publish=0x597F1E; callbacks=0x57F4B8|0x57F54C	name=0x10195C9B0; publish=0x100124564; callbacks=0x100106564|0x1001066A8	name=0x174ED14; publish=0x1238AE; callbacks=0x103918|0x103A84	EVIDENCED_4_4	OUT_OF_SCOPE_FOR_SURFACE_SLICE	analysis/motionplayer_player_ncb_surface_and_constructor_four_binary_2026-08-26.md	
Player	4	resourceManager	RO_PROPERTY	name=0x14D6366; publish=0x6D3F98; callbacks=0x6D67F4	name=0xD85C74; publish=0x597F3A; callbacks=0x598D3C	name=0x10195C9DC; publish=0x10012458C; callbacks=0x100125448	name=0x174ED40; publish=0x1238D2; callbacks=0x124642	EVIDENCED_4_4	OUT_OF_SCOPE_FOR_SURFACE_SLICE	analysis/motionplayer_player_ncb_surface_and_constructor_four_binary_2026-08-26.md	
Player	5	lastTime	RO_PROPERTY	name=0x14D3A60; publish=0x6D4004; callbacks=0x6D6800	name=0xD844A2; publish=0x597F54; callbacks=0x598D50	name=0x10195C822; publish=0x1001245B4; callbacks=0x100125454	name=0x174EB86; publish=0x1238F4; callbacks=0x124650	EVIDENCED_4_4	OUT_OF_SCOPE_FOR_SURFACE_SLICE	analysis/motionplayer_player_ncb_surface_and_constructor_four_binary_2026-08-26.md	
Player	6	loopTime	RO_PROPERTY	name=0x14D3ED6; publish=0x6D4068; callbacks=0x6D6828	name=0xD8488C; publish=0x597F6E; callbacks=0x598D88	name=0x10195C810; publish=0x1001245DC; callbacks=0x10012547C	name=0x174EB74; publish=0x123916; callbacks=0x124684	EVIDENCED_4_4	OUT_OF_SCOPE_FOR_SURFACE_SLICE	analysis/motionplayer_player_ncb_surface_and_constructor_four_binary_2026-08-26.md	
Player	7	variableKeys	RO_PROPERTY	name=0x14D4056; publish=0x6D40CC; callbacks=0x6CE77C	name=0xD849FC; publish=0x597F88; callbacks=0x5948D0	name=0x10195C9FC; publish=0x100124604; callbacks=0x1001200B4	name=0x174ED60; publish=0x123938; callbacks=0x11EDC0	EVIDENCED_4_4	IMPLEMENTED	analysis/motionplayer_tjs_array_dictionary_exception_frontiers_four_binary_2026-08-27.md	
Player	8	chara	RW_PROPERTY	name=0x14D3DB4; publish=0x6D414C; callbacks=0x6BE27C|0x6D6850	name=0xD8474E; publish=0x597FA6; callbacks=0x598DC0|0x58A484	name=0x10195C1C0; publish=0x100124630; callbacks=0x1001254A4|0x1001138D8	name=0x174E524; publish=0x123962; callbacks=0x1246B8|0x1112E4	EVIDENCED_4_4	OUT_OF_SCOPE_FOR_SURFACE_SLICE	analysis/motionplayer_player_ncb_surface_and_constructor_four_binary_2026-08-26.md	
Player	9	stealthChara	RW_PROPERTY	name=0x14D6386; publish=0x6D41C4; callbacks=0x6D6890|0x6D6870	name=0xD85C94; publish=0x597FC4; callbacks=0x598DE0|0x598E00	name=0x10195CA16; publish=0x10012465C; callbacks=0x1001254C4|0x1001254E4	name=0x174ED7A; publish=0x12398C; callbacks=0x1246D8|0x1246F8	EVIDENCED_4_4	OUT_OF_SCOPE_FOR_SURFACE_SLICE	analysis/motionplayer_player_ncb_surface_and_constructor_four_binary_2026-08-26.md	
Player	10	motion	RW_PROPERTY	name=0x14D3DC0; publish=0x6D423C; callbacks=0x6BEF00|0x6D6924	name=0xD8475A; publish=0x597FE2; callbacks=0x598E08|0x58AD8C	name=0x10195B406; publish=0x100124688; callbacks=0x1001254F4|0x1001143D0	name=0x174D76A; publish=0x1239B6; callbacks=0x124700|0x111E00	EVIDENCED_4_4	OUT_OF_SCOPE_FOR_SURFACE_SLICE	analysis/motionplayer_player_ncb_surface_and_constructor_four_binary_2026-08-26.md	
Player	11	stealthMotion	RW_PROPERTY	name=0x14D63A0; publish=0x6D42B4; callbacks=0x6D6944|0x6D6964	name=0xD85CAE; publish=0x598000; callbacks=0x598E28|0x598E48	name=0x10195CA30; publish=0x1001246B4; callbacks=0x100125514|0x100125534	name=0x174ED94; publish=0x1239E0; callbacks=0x124720|0x124740	EVIDENCED_4_4	OUT_OF_SCOPE_FOR_SURFACE_SLICE	analysis/motionplayer_player_ncb_surface_and_constructor_four_binary_2026-08-26.md	
Player	12	tags	RO_PROPERTY	name=0x14D63BC; publish=0x6D4318; callbacks=0x6D69F8	name=0xD85CCA; publish=0x59801A; callbacks=0x598E50	name=0x10195CA4C; publish=0x1001246DC; callbacks=0x100125544	name=0x174EDB0; publish=0x123A02; callbacks=0x124748	EVIDENCED_4_4	OUT_OF_SCOPE_FOR_SURFACE_SLICE	analysis/motionplayer_player_ncb_surface_and_constructor_four_binary_2026-08-26.md	
Player	13	motionKey	RW_PROPERTY	name=0x14D3E56; publish=0x6D4398; callbacks=0x692FC0|0x6B1D58	name=0xD8480C; publish=0x59803C; callbacks=0x570E6C|0x5817A4	name=0x10195CA56; publish=0x100124710; callbacks=0x1000F3D84|0x100109168	name=0x174EDBA; publish=0x123A30; callbacks=0xF06F8|0x106994	EVIDENCED_4_4	OUT_OF_SCOPE_FOR_SURFACE_SLICE	analysis/motionplayer_player_ncb_surface_and_constructor_four_binary_2026-08-26.md	
Player	14	project	RW_PROPERTY	name=0x14D3E6A; publish=0x6D4400; callbacks=0x692FC0|0x6B1D58	name=0xD84820; publish=0x598052; callbacks=0x570E6C|0x5817A4	name=0x10195CA6A; publish=0x100124734; callbacks=0x1000F3D84|0x100109168	name=0x174EDCE; publish=0x123A4A; callbacks=0xF06F8|0x106994	EVIDENCED_4_4	OUT_OF_SCOPE_FOR_SURFACE_SLICE	analysis/motionplayer_player_ncb_surface_and_constructor_four_binary_2026-08-26.md	
Player	15	completionType	RW_PROPERTY	name=0x14D3E38; publish=0x6D4480; callbacks=0x6D6A0C|0x6D6A04	name=0xD847EE; publish=0x598070; callbacks=0x598E5E|0x598E64	name=0x10195CA7A; publish=0x100124760; callbacks=0x100125550|0x100125558	name=0x174EDDE; publish=0x123A74; callbacks=0x124756|0x12475C	EVIDENCED_4_4	OUT_OF_SCOPE_FOR_SURFACE_SLICE	analysis/motionplayer_player_ncb_surface_and_constructor_four_binary_2026-08-26.md	
Player	16	preview	RW_PROPERTY	name=0x14D63C6; publish=0x6D4500; callbacks=0x6D6A1C|0x6D6A14	name=0xD85CD4; publish=0x59808E; callbacks=0x598E6A|0x598E70	name=0x10195CA98; publish=0x10012478C; callbacks=0x100125560|0x100125568	name=0x174EDFC; publish=0x123A9E; callbacks=0x124762|0x124768	EVIDENCED_4_4	OUT_OF_SCOPE_FOR_SURFACE_SLICE	analysis/motionplayer_player_ncb_surface_and_constructor_four_binary_2026-08-26.md	
Player	17	priorDraw	RW_PROPERTY	name=0x14D3E8A; publish=0x6D4578; callbacks=0x6D6A30|0x6D6A28	name=0xD84840; publish=0x5980AC; callbacks=0x598E76|0x598E7C	name=0x10195C670; publish=0x1001247B8; callbacks=0x100125570|0x100125578	name=0x174E9D4; publish=0x123AC8; callbacks=0x12476E|0x124774	EVIDENCED_4_4	OUT_OF_SCOPE_FOR_SURFACE_SLICE	analysis/motionplayer_player_ncb_surface_and_constructor_four_binary_2026-08-26.md	
Player	18	outsideFactor	RW_PROPERTY	name=0x14D63D6; publish=0x6D45F8; callbacks=0x6D6A44|0x6D6A3C	name=0xD85CE4; publish=0x5980CA; callbacks=0x598E82|0x598E8C	name=0x10195CAA8; publish=0x1001247E4; callbacks=0x100125580|0x100125588	name=0x174EE0C; publish=0x123AF2; callbacks=0x12477A|0x124784	EVIDENCED_4_4	OUT_OF_SCOPE_FOR_SURFACE_SLICE	analysis/motionplayer_player_ncb_surface_and_constructor_four_binary_2026-08-26.md	
Player	19	meshDivisionRatio	RW_PROPERTY	name=0x14BE9DA; publish=0x6D4670; callbacks=0x6D6A54|0x6D6A4C	name=0xD7680E; publish=0x5980E8; callbacks=0x598E96|0x598EA0	name=0x10195CAC4; publish=0x100124810; callbacks=0x100125590|0x100125598	name=0x174EE28; publish=0x123B1C; callbacks=0x12478E|0x124798	EVIDENCED_4_4	OUT_OF_SCOPE_FOR_SURFACE_SLICE	analysis/motionplayer_player_ncb_surface_and_constructor_four_binary_2026-08-26.md	
Player	20	speed	RW_PROPERTY	name=0x14D385C; publish=0x6D46E8; callbacks=0x6D6A64|0x6D6A5C	name=0xD8433C; publish=0x598106; callbacks=0x598EAA|0x598EB4	name=0x10195CAE8; publish=0x10012483C; callbacks=0x1001255A0|0x1001255A8	name=0x174EE4C; publish=0x123B46; callbacks=0x1247A2|0x1247AC	EVIDENCED_4_4	OUT_OF_SCOPE_FOR_SURFACE_SLICE	analysis/motionplayer_player_ncb_surface_and_constructor_four_binary_2026-08-26.md	
Player	21	syncActive	RW_PROPERTY	name=0x14D63F2; publish=0x6D4760; callbacks=0x6D6A74|0x6D6A6C	name=0xD85D00; publish=0x598124; callbacks=0x598EBE|0x598EC4	name=0x10195CAF4; publish=0x100124868; callbacks=0x1001255B0|0x1001255B8	name=0x174EE58; publish=0x123B70; callbacks=0x1247B6|0x1247BC	EVIDENCED_4_4	OUT_OF_SCOPE_FOR_SURFACE_SLICE	analysis/motionplayer_player_ncb_surface_and_constructor_four_binary_2026-08-26.md	
Player	22	tickCount	RW_PROPERTY	name=0x14D6408; publish=0x6D47D8; callbacks=0x6D6AA0|0x6D6A80	name=0xD85D16; publish=0x598142; callbacks=0x598ED0|0x598F00	name=0x10195CB0A; publish=0x100124894; callbacks=0x1001255C0|0x1001255E0	name=0x174EE6E; publish=0x123B9A; callbacks=0x1247C4|0x1247F0	EVIDENCED_4_4	OUT_OF_SCOPE_FOR_SURFACE_SLICE	analysis/motionplayer_player_ncb_surface_and_constructor_four_binary_2026-08-26.md	
Player	23	frameTickCount	RW_PROPERTY	name=0x14D641C; publish=0x6D4850; callbacks=0x6BE2D4|0x6D6AE0	name=0xD85D2A; publish=0x598160; callbacks=0x598F68|0x58A490	name=0x10195CB1E; publish=0x1001248C0; callbacks=0x100125620|0x1001138E8	name=0x174EE82; publish=0x123BC4; callbacks=0x12484C|0x1112EC	EVIDENCED_4_4	OUT_OF_SCOPE_FOR_SURFACE_SLICE	analysis/motionplayer_player_ncb_surface_and_constructor_four_binary_2026-08-26.md	
Player	24	cameraActive	RW_PROPERTY	name=0x14D643A; publish=0x6D48C8; callbacks=0x6D6AF0|0x6D6AE8	name=0xD85D48; publish=0x59817E; callbacks=0x598F72|0x598F78	name=0x10195CB3C; publish=0x1001248EC; callbacks=0x100125628|0x100125630	name=0x174EEA0; publish=0x123BEE; callbacks=0x124856|0x12485C	EVIDENCED_4_4	OUT_OF_SCOPE_FOR_SURFACE_SLICE	analysis/motionplayer_player_ncb_surface_and_constructor_four_binary_2026-08-26.md	
Player	25	stereovisionActive	RW_PROPERTY	name=0x14D6454; publish=0x6D4940; callbacks=0x6D6B04|0x6D6AFC	name=0xD85D62; publish=0x59819C; callbacks=0x598F7E|0x598F84	name=0x10195CB56; publish=0x100124918; callbacks=0x100125638|0x100125640	name=0x174EEBA; publish=0x123C18; callbacks=0x124862|0x124868	EVIDENCED_4_4	OUT_OF_SCOPE_FOR_SURFACE_SLICE	analysis/motionplayer_player_ncb_surface_and_constructor_four_binary_2026-08-26.md	
Player	26	outline	RW_PROPERTY	name=0x14D3E7A; publish=0x6D49B8; callbacks=0x6D6B1C|0x6D6B10	name=0xD84830; publish=0x5981BA; callbacks=0x598F8A|0x598F98	name=0x10195CB7C; publish=0x100124944; callbacks=0x100125648|0x100125654	name=0x174EEE0; publish=0x123C42; callbacks=0x12486E|0x12487C	EVIDENCED_4_4	OUT_OF_SCOPE_FOR_SURFACE_SLICE	analysis/motionplayer_player_ncb_surface_and_constructor_four_binary_2026-08-26.md	
Player	27	meshline	RW_PROPERTY	name=0x14D647A; publish=0x6D4A30; callbacks=0x6D6B30|0x6D6B24	name=0xD85D88; publish=0x5981D8; callbacks=0x598FA0|0x598FAE	name=0x10195CB8C; publish=0x100124970; callbacks=0x10012565C|0x100125668	name=0x174EEF0; publish=0x123C6C; callbacks=0x124884|0x124892	EVIDENCED_4_4	OUT_OF_SCOPE_FOR_SURFACE_SLICE	analysis/motionplayer_player_ncb_surface_and_constructor_four_binary_2026-08-26.md	
Player	28	maskMode	RW_PROPERTY	name=0x14BE7EE; publish=0x6D4AA8; callbacks=0x6D6B38|0x6D6B40	name=0xD76666; publish=0x5981F6; callbacks=0x598FB6|0x598FBC	name=0x10195CB9E; publish=0x10012499C; callbacks=0x100125670|0x100125678	name=0x174EF02; publish=0x123C96; callbacks=0x12489A|0x1248A0	EVIDENCED_4_4	OUT_OF_SCOPE_FOR_SURFACE_SLICE	analysis/motionplayer_player_ncb_surface_and_constructor_four_binary_2026-08-26.md	
Player	29	colorWeight	RW_PROPERTY	name=0x14D648C; publish=0x6D4B28; callbacks=0x6CAB04|0x6CAAF0	name=0xD85D9A; publish=0x598214; callbacks=0x5928F4|0x59290C	name=0x10195CBB0; publish=0x1001249C8; callbacks=0x10011D4E4|0x10011D4F8	name=0x174EF14; publish=0x123CC0; callbacks=0x11BE94|0x11BEAC	EVIDENCED_4_4	IMPLEMENTED	analysis/motionplayer_player_child_visitor_exception_frontiers_four_binary_2026-08-27.md	
Player	30	independentLayerInherit	RW_PROPERTY	name=0x14D64A4; publish=0x6D4BA0; callbacks=0x6D6B48|0x6C9DB4	name=0xD85DB2; publish=0x598232; callbacks=0x598FC2|0x5921E8	name=0x10195CBC8; publish=0x1001249F4; callbacks=0x100125680|0x10011CB18	name=0x174EF2C; publish=0x123CEA; callbacks=0x1248A6|0x11B498	EVIDENCED_4_4	IMPLEMENTED	analysis/motionplayer_player_child_visitor_exception_frontiers_four_binary_2026-08-27.md	
Player	31	transformOrder	RW_PROPERTY	name=0x14D5E14; publish=0x6D4C18; callbacks=0x6C9568|0x6C96A4	name=0xD85850; publish=0x598250; callbacks=0x591F98|0x59202C	name=0x10195C336; publish=0x100124A20; callbacks=0x10011C83C|0x10011C8E8	name=0x174E69A; publish=0x123D14; callbacks=0x11B0A0|0x11B194	EVIDENCED_4_4	OUT_OF_SCOPE_FOR_SURFACE_SLICE	analysis/motionplayer_player_ncb_surface_and_constructor_four_binary_2026-08-26.md	
Player	32	coordinate	RW_PROPERTY	name=0x14D5DAE; publish=0x6D4C90; callbacks=0x6D6B50|0x6B1D60	name=0xD85802; publish=0x59826E; callbacks=0x598FC8|0x5817AC	name=0x10195C2BC; publish=0x100124A4C; callbacks=0x100125688|0x100109170	name=0x174E620; publish=0x123D3E; callbacks=0x1248AC|0x10699C	EVIDENCED_4_4	OUT_OF_SCOPE_FOR_SURFACE_SLICE	analysis/motionplayer_player_ncb_surface_and_constructor_four_binary_2026-08-26.md	
Player	33	zFactor	RW_PROPERTY	name=0x14D64D4; publish=0x6D4D08; callbacks=0x6B1D6C|0x6D6B5C	name=0xD85DE2; publish=0x59828C; callbacks=0x598FD0|0x5817B4	name=0x10195CBF8; publish=0x100124A78; callbacks=0x1001256B0|0x100109198	name=0x174EF5C; publish=0x123D68; callbacks=0x1248D2|0x1069C4	EVIDENCED_4_4	IMPLEMENTED	analysis/motionplayer_player_child_visitor_exception_frontiers_four_binary_2026-08-27.md	
Player	34	cameraTarget	RO_PROPERTY	name=0x14D64E4; publish=0x6D4D6C; callbacks=0x6C9AF4	name=0xD85DF2; publish=0x5982A6; callbacks=0x592100	name=0x10195CC08; publish=0x100124AA0; callbacks=0x10011CA20	name=0x174EF6C; publish=0x123D8A; callbacks=0x11B2E8	EVIDENCED_4_4	IMPLEMENTED	analysis/motionplayer_tjs_array_dictionary_exception_frontiers_four_binary_2026-08-27.md	
Player	35	cameraPosition	RO_PROPERTY	name=0x14D64FE; publish=0x6D4DD0; callbacks=0x6C9C54	name=0xD85E0C; publish=0x5982C0; callbacks=0x592174	name=0x10195CC22; publish=0x100124AC8; callbacks=0x10011CA9C	name=0x174EF86; publish=0x123DAC; callbacks=0x11B3C0	EVIDENCED_4_4	IMPLEMENTED	analysis/motionplayer_tjs_array_dictionary_exception_frontiers_four_binary_2026-08-27.md	
Player	36	cameraFOV	RO_PROPERTY	name=0x14D651C; publish=0x6D4E34; callbacks=0x6D6B64	name=0xD85E2A; publish=0x5982DA; callbacks=0x598FDA	name=0x10195CC40; publish=0x100124AF0; callbacks=0x1001256B8	name=0x174EFA4; publish=0x123DCE; callbacks=0x1248DC	EVIDENCED_4_4	OUT_OF_SCOPE_FOR_SURFACE_SLICE	analysis/motionplayer_player_ncb_surface_and_constructor_four_binary_2026-08-26.md	
Player	37	cameraAlive	RO_PROPERTY	name=0x14D6530; publish=0x6D4EA0; callbacks=0x6D6B6C	name=0xD85E3E; publish=0x5982F4; callbacks=0x598FE4	name=0x10195CC54; publish=0x100124B18; callbacks=0x1001256C0	name=0x174EFB8; publish=0x123DF0; callbacks=0x1248E6	EVIDENCED_4_4	OUT_OF_SCOPE_FOR_SURFACE_SLICE	analysis/motionplayer_player_ncb_surface_and_constructor_four_binary_2026-08-26.md	
Player	38	bounds	RO_PROPERTY	name=0x14C178A; publish=0x6D4F04; callbacks=0x6C9E64	name=0xD7810C; publish=0x59830E; callbacks=0x59226C	name=0x10195CC6C; publish=0x100124B40; callbacks=0x10011CBD4	name=0x174EFD0; publish=0x123E12; callbacks=0x11B53C	EVIDENCED_4_4	IMPLEMENTED	analysis/motionplayer_tjs_array_dictionary_exception_frontiers_four_binary_2026-08-27.md	
Player	39	playing	RO_PROPERTY	name=0x14D654E; publish=0x6D4F68; callbacks=0x6D6B74	name=0xD85E5C; publish=0x598328; callbacks=0x598FEA	name=0x10195CC7A; publish=0x100124B68; callbacks=0x1001256C8	name=0x174EFDE; publish=0x123E34; callbacks=0x1248EC	EVIDENCED_4_4	OUT_OF_SCOPE_FOR_SURFACE_SLICE	analysis/motionplayer_player_ncb_surface_and_constructor_four_binary_2026-08-26.md	
Player	40	allplaying	RO_PROPERTY	name=0x14D6548; publish=0x6D4FCC; callbacks=0x6CA214	name=0xD85E56; publish=0x598342; callbacks=0x5924EC	name=0x10195CC8A; publish=0x100124B90; callbacks=0x10011CEA4	name=0x174EFEE; publish=0x123E56; callbacks=0x11B8C4	EVIDENCED_4_4	OUT_OF_SCOPE_FOR_SURFACE_SLICE	analysis/motionplayer_player_ncb_surface_and_constructor_four_binary_2026-08-26.md	
Player	41	syncWaiting	RO_PROPERTY	name=0x14D655E; publish=0x6D5030; callbacks=0x6D6B7C	name=0xD85E6C; publish=0x59835C; callbacks=0x598FF0	name=0x10195CCA0; publish=0x100124BB8; callbacks=0x1001256D0	name=0x174F004; publish=0x123E78; callbacks=0x1248F2	EVIDENCED_4_4	OUT_OF_SCOPE_FOR_SURFACE_SLICE	analysis/motionplayer_player_ncb_surface_and_constructor_four_binary_2026-08-26.md	
Player	42	frameLastTime	RO_PROPERTY	name=0x14D3E9E; publish=0x6D5094; callbacks=0x6D6B84	name=0xD84854; publish=0x598376; callbacks=0x598FF6	name=0x10195CCB8; publish=0x100124BE0; callbacks=0x1001256D8	name=0x174F01C; publish=0x123E9A; callbacks=0x1248F8	EVIDENCED_4_4	OUT_OF_SCOPE_FOR_SURFACE_SLICE	analysis/motionplayer_player_ncb_surface_and_constructor_four_binary_2026-08-26.md	
Player	43	frameLoopTime	RO_PROPERTY	name=0x14D3EBA; publish=0x6D50F8; callbacks=0x6D6B8C	name=0xD84870; publish=0x598390; callbacks=0x599000	name=0x10195CCD4; publish=0x100124C08; callbacks=0x1001256E0	name=0x174F038; publish=0x123EBC; callbacks=0x124902	EVIDENCED_4_4	OUT_OF_SCOPE_FOR_SURFACE_SLICE	analysis/motionplayer_player_ncb_surface_and_constructor_four_binary_2026-08-26.md	
Player	44	hasCamera	RO_PROPERTY	name=0x14D6576; publish=0x6D515C; callbacks=0x6CA378	name=0xD85E84; publish=0x5983AA; callbacks=0x5925E0	name=0x10195CCF0; publish=0x100124C30; callbacks=0x10011CFA8	name=0x174F054; publish=0x123EDE; callbacks=0x11B972	EVIDENCED_4_4	OUT_OF_SCOPE_FOR_SURFACE_SLICE	analysis/motionplayer_player_ncb_surface_and_constructor_four_binary_2026-08-26.md	
Player	45	angleDeg	RW_PROPERTY	name=0x14D53A8; publish=0x6D51D4; callbacks=0x6BE364|0x6BEB60	name=0xD84F40; publish=0x5983C8; callbacks=0x58AB30|0x58A540	name=0x10195B6CE; publish=0x100124C5C; callbacks=0x10011408C|0x1001139C8	name=0x174DA32; publish=0x123F08; callbacks=0x111ABC|0x1113DC	EVIDENCED_4_4	OUT_OF_SCOPE_FOR_SURFACE_SLICE	analysis/motionplayer_player_ncb_surface_and_constructor_four_binary_2026-08-26.md	
Player	46	angleRad	RW_PROPERTY	name=0x14D53BA; publish=0x6D524C; callbacks=0x6CA4A0|0x6CA4CC	name=0xD84F52; publish=0x5983E6; callbacks=0x5926F0|0x592720	name=0x10195B6E0; publish=0x100124C88; callbacks=0x10011D208|0x10011D250	name=0x174DA44; publish=0x123F32; callbacks=0x11BB9C|0x11BBE8	EVIDENCED_4_4	OUT_OF_SCOPE_FOR_SURFACE_SLICE	analysis/motionplayer_player_ncb_surface_and_constructor_four_binary_2026-08-26.md	
Player	47	setCoord	METHOD	name=0x14BE79A; publish=0x6D5268; callbacks=0x6CA3D8	name=0xD76612; publish=0x5983FC; callbacks=0x592620	name=0x10195CD04; publish=0x100124CA8; callbacks=0x10011D060	name=0x174F068; publish=0x123F50; callbacks=0x11BA0C	EVIDENCED_4_4	OUT_OF_SCOPE_FOR_SURFACE_SLICE	analysis/motionplayer_player_ncb_surface_and_constructor_four_binary_2026-08-26.md	
Player	48	x	RW_PROPERTY	name=0x1507F7E; publish=0x6D52F8; callbacks=0x6D6C88|0x6CA408	name=0x598AE0; publish=0x59841C; callbacks=0x59900A|0x592662	name=0x10195B28E; publish=0x100124CDC; callbacks=0x1001256E8|0x10011D0BC	name=0x174D5F2; publish=0x123F7C; callbacks=0x12490C|0x11BA76	EVIDENCED_4_4	OUT_OF_SCOPE_FOR_SURFACE_SLICE	analysis/motionplayer_player_ncb_surface_and_constructor_four_binary_2026-08-26.md	
Player	49	y	RW_PROPERTY	name=0x1507F98; publish=0x6D5370; callbacks=0x6D6C94|0x6CA428	name=0x598AEC; publish=0x59843C; callbacks=0x59901C|0x592688	name=0x10195B292; publish=0x100124D10; callbacks=0x100125710|0x10011D104	name=0x174D5F6; publish=0x123FAA; callbacks=0x12493C|0x11BABC	EVIDENCED_4_4	OUT_OF_SCOPE_FOR_SURFACE_SLICE	analysis/motionplayer_player_ncb_surface_and_constructor_four_binary_2026-08-26.md	
Player	50	left	RW_PROPERTY	name=0x14D6F9A; publish=0x6D53D8; callbacks=0x6D6C88|0x6CA408	name=0xD75FD2; publish=0x598452; callbacks=0x59900A|0x592662	name=0x10195B61C; publish=0x100124D34; callbacks=0x1001256E8|0x10011D0BC	name=0x174D980; publish=0x123FCC; callbacks=0x12490C|0x11BA76	EVIDENCED_4_4	OUT_OF_SCOPE_FOR_SURFACE_SLICE	analysis/motionplayer_player_ncb_surface_and_constructor_four_binary_2026-08-26.md	
Player	51	top	RW_PROPERTY	name=0x14CD548; publish=0x6D5440; callbacks=0x6D6C94|0x6CA428	name=0xD7F6C6; publish=0x598468; callbacks=0x59901C|0x592688	name=0x10195B626; publish=0x100124D58; callbacks=0x100125710|0x10011D104	name=0x174D98A; publish=0x123FE6; callbacks=0x12493C|0x11BABC	EVIDENCED_4_4	OUT_OF_SCOPE_FOR_SURFACE_SLICE	analysis/motionplayer_player_ncb_surface_and_constructor_four_binary_2026-08-26.md	
Player	52	setFlip	METHOD	name=0x14D658A; publish=0x6D54B8; callbacks=0x6BE2FC	name=0xD85E98; publish=0x59847E; callbacks=0x58A4D8	name=0x10195CD16; publish=0x100124D78; callbacks=0x100113910	name=0x174F07A; publish=0x124004; callbacks=0x111326	EVIDENCED_4_4	OUT_OF_SCOPE_FOR_SURFACE_SLICE	analysis/motionplayer_player_ncb_surface_and_constructor_four_binary_2026-08-26.md	
Player	53	flipX	RW_PROPERTY	name=0x14D5378; publish=0x6D5538; callbacks=0x6CA448|0x6D6CA0	name=0xD84F10; publish=0x59849C; callbacks=0x59902E|0x5926AE	name=0x10195B69E; publish=0x100124DA4; callbacks=0x100125738|0x10011D14C	name=0x174DA02; publish=0x12402E; callbacks=0x12496C|0x11BB02	EVIDENCED_4_4	OUT_OF_SCOPE_FOR_SURFACE_SLICE	analysis/motionplayer_player_ncb_surface_and_constructor_four_binary_2026-08-26.md	
Player	54	flipY	RW_PROPERTY	name=0x14D5384; publish=0x6D55B0; callbacks=0x6CA46C|0x6D6CAC	name=0xD84F1C; publish=0x5984BA; callbacks=0x599038|0x5926C6	name=0x10195B6AA; publish=0x100124DD0; callbacks=0x100125760|0x10011D194	name=0x174DA0E; publish=0x124058; callbacks=0x124994|0x11BB3A	EVIDENCED_4_4	OUT_OF_SCOPE_FOR_SURFACE_SLICE	analysis/motionplayer_player_ncb_surface_and_constructor_four_binary_2026-08-26.md	
Player	55	setOpacity	METHOD	name=0x14D659A; publish=0x6D5620; callbacks=0x6BE408	name=0xD85EA8; publish=0x5984D2; callbacks=0x58A60A	name=0x10195CD26; publish=0x100124DF4; callbacks=0x100113AC0	name=0x174F08A; publish=0x124078; callbacks=0x1114E6	EVIDENCED_4_4	OUT_OF_SCOPE_FOR_SURFACE_SLICE	analysis/motionplayer_player_ncb_surface_and_constructor_four_binary_2026-08-26.md	
Player	56	opacity	RW_PROPERTY	name=0x14BE734; publish=0x6D5698; callbacks=0x6D6CB8	name=0xD84F80; publish=0x5984EC; callbacks=0x599042|0x58A60A	name=0x10195B70E; publish=0x100124E1C; callbacks=0x100125788|0x100113AC0	name=0x174DA72; publish=0x12409A; callbacks=0x1249BC|0x1114E6	EVIDENCED_4_4	OUT_OF_SCOPE_FOR_SURFACE_SLICE	analysis/motionplayer_player_ncb_surface_and_constructor_four_binary_2026-08-26.md	
Player	57	setVisible	METHOD	name=0x14D65B0; publish=0x6D5708; callbacks=0x6BE428	name=0xD85EBE; publish=0x598504; callbacks=0x58A622	name=0x10195CD3C; publish=0x100124E40; callbacks=0x100113B08	name=0x174F0A0; publish=0x1240BA; callbacks=0x11151E	EVIDENCED_4_4	OUT_OF_SCOPE_FOR_SURFACE_SLICE	analysis/motionplayer_player_ncb_surface_and_constructor_four_binary_2026-08-26.md	
Player	58	visible	RW_PROPERTY	name=0x15187D2; publish=0x6D5778; callbacks=0x6D6CC4	name=0xDBDBC0; publish=0x59851E; callbacks=0x59904C|0x58A622	name=0x10195B658; publish=0x100124E68; callbacks=0x1001257B0|0x100113B08	name=0x174D9BC; publish=0x1240DC; callbacks=0x1249E4|0x11151E	EVIDENCED_4_4	OUT_OF_SCOPE_FOR_SURFACE_SLICE	analysis/motionplayer_player_ncb_surface_and_constructor_four_binary_2026-08-26.md	
Player	59	setSlant	METHOD	name=0x14D65C6; publish=0x6D5794; callbacks=0x6BE3D8	name=0xD85ED4; publish=0x598534; callbacks=0x58A5C8	name=0x10195CD52; publish=0x100124E88; callbacks=0x100113A64	name=0x174F0B6; publish=0x1240FA; callbacks=0x11147C	EVIDENCED_4_4	OUT_OF_SCOPE_FOR_SURFACE_SLICE	analysis/motionplayer_player_ncb_surface_and_constructor_four_binary_2026-08-26.md	
Player	60	slantX	RW_PROPERTY	name=0x14D53CC; publish=0x6D5824; callbacks=0x6CE73C|0x6D6CD0	name=0xD84F64; publish=0x598552; callbacks=0x599056|0x594884	name=0x10195B6F2; publish=0x100124EB4; callbacks=0x1001257D8|0x100120024	name=0x174DA56; publish=0x124124; callbacks=0x124A0C|0x11ED34	EVIDENCED_4_4	OUT_OF_SCOPE_FOR_SURFACE_SLICE	analysis/motionplayer_player_ncb_surface_and_constructor_four_binary_2026-08-26.md	
Player	61	slantY	RW_PROPERTY	name=0x14D53DA; publish=0x6D589C; callbacks=0x6D6CDC|0x6CE75C	name=0xD84F72; publish=0x598570; callbacks=0x599068|0x5948AA	name=0x10195B700; publish=0x100124EE0; callbacks=0x100125800|0x10012006C	name=0x174DA64; publish=0x12414E; callbacks=0x124A3C|0x11ED7A	EVIDENCED_4_4	OUT_OF_SCOPE_FOR_SURFACE_SLICE	analysis/motionplayer_player_ncb_surface_and_constructor_four_binary_2026-08-26.md	
Player	62	setZoom	METHOD	name=0x14D65D8; publish=0x6D58B8; callbacks=0x6BE334	name=0x598B5C; publish=0x598584; callbacks=0x58A4FE	name=0x10195CD64; publish=0x100124F00; callbacks=0x10011396C	name=0x174F0C8; publish=0x12416C; callbacks=0x111372	EVIDENCED_4_4	OUT_OF_SCOPE_FOR_SURFACE_SLICE	analysis/motionplayer_player_ncb_surface_and_constructor_four_binary_2026-08-26.md	
Player	63	zoomX	RW_PROPERTY	name=0x14D5390; publish=0x6D5948; callbacks=0x6CE6FC|0x6D6CE8	name=0xD84F28; publish=0x5985A2; callbacks=0x59907A|0x594838	name=0x10195B6B6; publish=0x100124F2C; callbacks=0x100125828|0x10011FF94	name=0x174DA1A; publish=0x124196; callbacks=0x124A6C|0x11ECA8	EVIDENCED_4_4	OUT_OF_SCOPE_FOR_SURFACE_SLICE	analysis/motionplayer_player_ncb_surface_and_constructor_four_binary_2026-08-26.md	
Player	64	zoomY	RW_PROPERTY	name=0x14D539C; publish=0x6D59C0; callbacks=0x6D6CF4|0x6CE71C	name=0xD84F34; publish=0x5985C0; callbacks=0x59908C|0x59485E	name=0x10195B6C2; publish=0x100124F58; callbacks=0x100125850|0x10011FFDC	name=0x174DA26; publish=0x1241C0; callbacks=0x124A9C|0x11ECEE	EVIDENCED_4_4	OUT_OF_SCOPE_FOR_SURFACE_SLICE	analysis/motionplayer_player_ncb_surface_and_constructor_four_binary_2026-08-26.md	
Player	65	useD3D	RW_PROPERTY	name=0x14D65E8; publish=0x6D5A40; callbacks=0x6D6D00|0x6931C0	name=0xD85EE6; publish=0x5985DE; callbacks=0x570F4C|0x59909E	name=0x10195CD74; publish=0x100124F84; callbacks=0x1000F4090|0x100125878	name=0x174F0D8; publish=0x1241EA; callbacks=0xF0BDC|0x124ACC	EVIDENCED_4_4	OUT_OF_SCOPE_FOR_SURFACE_SLICE	analysis/motionplayer_player_ncb_surface_and_constructor_four_binary_2026-08-26.md	
Player	66	pixelateDivision	RW_PROPERTY	name=0x14BE890; publish=0x6D5AC0; callbacks=0x6D6D14|0x6D6D0C	name=0xD766DC; publish=0x5985FC; callbacks=0x5990A4|0x5990AA	name=0x10195CD82; publish=0x100124FB0; callbacks=0x100125880|0x100125888	name=0x174F0E6; publish=0x124214; callbacks=0x124AD2|0x124AD8	EVIDENCED_4_4	OUT_OF_SCOPE_FOR_SURFACE_SLICE	analysis/motionplayer_player_ncb_surface_and_constructor_four_binary_2026-08-26.md	
Player	67	setVariable	RAW_METHOD	name=0x14BEB70; publish=0x6D5B30; callbacks=0x6CE250	name=0xD769A4; publish=0x598610; callbacks=0x594680	name=0x10195CDA4; publish=0x100124FCC; callbacks=0x10011FD04	name=0x174F108; publish=0x124230; callbacks=0x11E978	EVIDENCED_4_4	OUT_OF_SCOPE_FOR_SURFACE_SLICE	analysis/motionplayer_player_ncb_surface_and_constructor_four_binary_2026-08-26.md	
Player	68	getVariable	METHOD	name=0x14BEB88; publish=0x6D5BA0; callbacks=0x6CA77C	name=0xD769BC; publish=0x598626; callbacks=0x592810	name=0x10195CDBC; publish=0x100124FEC; callbacks=0x10011D3D8	name=0x174F120; publish=0x12424E; callbacks=0x11BD50	EVIDENCED_4_4	OUT_OF_SCOPE_FOR_SURFACE_SLICE	analysis/motionplayer_player_ncb_surface_and_constructor_four_binary_2026-08-26.md	
Player	69	modifyRoot	METHOD	name=0x14D3F94; publish=0x6D5BBC; callbacks=0x6CA490	name=0xD8494A; publish=0x59863C; callbacks=0x5926DE	name=0x10195CDD4; publish=0x10012500C; callbacks=0x10011D1DC	name=0x174F138; publish=0x12426C; callbacks=0x11BB72	EVIDENCED_4_4	IMPLEMENTED	analysis/motionplayer_tjs_array_dictionary_exception_frontiers_four_binary_2026-08-27.md	
Player	70	processedMeshVerticesNum	RO_PROPERTY	name=0x14D3EE8; publish=0x6D5C38; callbacks=0x6CE3F8	name=0xD8489E; publish=0x598656; callbacks=0x594710	name=0x10195CDEA; publish=0x100125034; callbacks=0x10011FDA8	name=0x174F14E; publish=0x12428E; callbacks=0x11EA6C	EVIDENCED_4_4	IMPLEMENTED	analysis/motionplayer_player_child_visitor_exception_frontiers_four_binary_2026-08-27.md	
Player	71	getLayerNames	METHOD	name=0x14D65F6; publish=0x6D5CB0; callbacks=0x6CE4C0	name=0xD85EF4; publish=0x59866C; callbacks=0x594798	name=0x10195CE1C; publish=0x100125054; callbacks=0x10011FE88	name=0x174F180; publish=0x1242AC; callbacks=0x11EB7C	EVIDENCED_4_4	IMPLEMENTED	analysis/motionplayer_tjs_array_dictionary_exception_frontiers_four_binary_2026-08-27.md	
Player	72	play	RAW_METHOD	name=0x14BD70A; publish=0x6D5D04; callbacks=0x6CFFE8	name=0xD75F56; publish=0x598680; callbacks=0x59565C	name=0x10195CE38; publish=0x100125070; callbacks=0x1001212C0	name=0x174F19C; publish=0x1242C8; callbacks=0x120050	EVIDENCED_4_4	OUT_OF_SCOPE_FOR_SURFACE_SLICE	analysis/motionplayer_player_ncb_surface_and_constructor_four_binary_2026-08-26.md	
Player	73	progress	RAW_METHOD	name=0x14BEE6C; publish=0x6D5D50; callbacks=0x6CFE78	name=0xD76C48; publish=0x598694; callbacks=0x595598	name=0x10195CE42; publish=0x10012508C; callbacks=0x100121204	name=0x174F1A6; publish=0x1242E4; callbacks=0x11FFB4	EVIDENCED_4_4	OUT_OF_SCOPE_FOR_SURFACE_SLICE	analysis/motionplayer_player_ncb_surface_and_constructor_four_binary_2026-08-26.md	
Player	74	clear	TYPED_DETAIL_METHOD	name=0x14BD6CE; publish=0x6D5DC0; callbacks=0x6D0160	name=0xD767CE; publish=0x5986AA; callbacks=0x595720	name=0x10195BF68; publish=0x1001250AC; callbacks=0x10012139C	name=0x174E2CC; publish=0x124302; callbacks=0x120168	EVIDENCED_4_4	OUT_OF_SCOPE_FOR_SURFACE_SLICE	analysis/motionplayer_player_ncb_surface_and_constructor_four_binary_2026-08-26.md	
Player	75	stop	METHOD	name=0x14BD714; publish=0x6D5DDC; callbacks=0x6D6E10	name=0xD75F60; publish=0x5986C0; callbacks=0x599118	name=0x10195CE54; publish=0x1001250CC; callbacks=0x100125938	name=0x174F1B8; publish=0x124320; callbacks=0x124B2E	EVIDENCED_4_4	OUT_OF_SCOPE_FOR_SURFACE_SLICE	analysis/motionplayer_player_ncb_surface_and_constructor_four_binary_2026-08-26.md	
Player	76	setCameraOffset	METHOD	name=0x14D3F74; publish=0x6D5DF8; callbacks=0x6D6E18	name=0xD8492A; publish=0x5986D6; callbacks=0x599120	name=0x10195CE5E; publish=0x1001250EC; callbacks=0x100125940	name=0x174F1C2; publish=0x12433E; callbacks=0x124B36	EVIDENCED_4_4	IMPLEMENTED	analysis/motionplayer_tjs_array_dictionary_exception_frontiers_four_binary_2026-08-27.md	
Player	77	getCameraOffset	METHOD	name=0x14D3F54; publish=0x6D5E78; callbacks=0x6CDE90	name=0xD8490A; publish=0x5986EC; callbacks=0x59441C	name=0x10195CE7E; publish=0x10012510C; callbacks=0x10011F6EC	name=0x174F1E2; publish=0x12435C; callbacks=0x11E220	EVIDENCED_4_4	IMPLEMENTED	analysis/motionplayer_tjs_array_dictionary_exception_frontiers_four_binary_2026-08-27.md	
Player	78	releaseSyncWait	METHOD	name=0x14D6612; publish=0x6D5E94; callbacks=0x6D6E28	name=0x598BF8; publish=0x598700; callbacks=0x59913A	name=0x10195CE9E; publish=0x10012512C; callbacks=0x100125954	name=0x174F202; publish=0x12437A; callbacks=0x124B54	EVIDENCED_4_4	OUT_OF_SCOPE_FOR_SURFACE_SLICE	analysis/motionplayer_player_ncb_surface_and_constructor_four_binary_2026-08-26.md	
Player	79	draw	TYPED_DETAIL_METHOD	name=0x14D3DEA; publish=0x6D5F14; callbacks=0x6D3398	name=0xD84784; publish=0x598716; callbacks=0x597864	name=0x10195CEBE; publish=0x10012514C; callbacks=0x100123C84	name=0x174F222; publish=0x124398; callbacks=0x122F28	EVIDENCED_4_4	OUT_OF_SCOPE_FOR_SURFACE_SLICE	analysis/motionplayer_player_ncb_surface_and_constructor_four_binary_2026-08-26.md	
Player	80	setDrawAffineTranslateMatrix	METHOD	name=0x14D3F1A; publish=0x6D5F84; callbacks=0x6D22F4	name=0xD848D0; publish=0x59872C; callbacks=0x596C40	name=0x10195CEC8; publish=0x10012516C; callbacks=0x100122D54	name=0x174F22C; publish=0x1243B6; callbacks=0x121D90	EVIDENCED_4_4	OUT_OF_SCOPE_FOR_SURFACE_SLICE	analysis/motionplayer_player_ncb_surface_and_constructor_four_binary_2026-08-26.md	
Player	81	contains	METHOD	name=0x14BEEC8; publish=0x6D5FF4; callbacks=0x6D071C	name=0xD76C6C; publish=0x598742; callbacks=0x595AF8	name=0x10195B27C; publish=0x10012518C; callbacks=0x1001218E8	name=0x174D5E0; publish=0x1243D4; callbacks=0x12065C	EVIDENCED_4_4	IMPLEMENTED	analysis/motionplayer_player_child_visitor_exception_frontiers_four_binary_2026-08-27.md	
Player	82	calcViewParam	METHOD	name=0x14D6632; publish=0x6D6064; callbacks=0x6CE908	name=0x598C34; publish=0x598756; callbacks=0x594958	name=0x10195CF02; publish=0x1001251AC; callbacks=0x1001201CC	name=0x174F266; publish=0x1243F2; callbacks=0x11EED4	EVIDENCED_4_4	OUT_OF_SCOPE_FOR_SURFACE_SLICE	analysis/motionplayer_player_ncb_surface_and_constructor_four_binary_2026-08-26.md	
Player	83	getCommandList	METHOD	name=0x14D4204; publish=0x6D60D4; callbacks=0x6D0E2C	name=0xD84B8A; publish=0x59876C; callbacks=0x595FF0	name=0x10195CF1E; publish=0x1001251CC; callbacks=0x100121EB0	name=0x174F282; publish=0x124410; callbacks=0x120CF8	EVIDENCED_4_4	OUT_OF_SCOPE_FOR_SURFACE_SLICE	analysis/motionplayer_player_ncb_surface_and_constructor_four_binary_2026-08-26.md	
Player	84	getLayerMotion	METHOD	name=0x14D664E; publish=0x6D6144; callbacks=0x6D0D78	name=0xD85F10; publish=0x598782; callbacks=0x595F74	name=0x10195CF3C; publish=0x1001251EC; callbacks=0x100121E38	name=0x174F2A0; publish=0x12442E; callbacks=0x120C2C	EVIDENCED_4_4	IMPLEMENTED	analysis/motionplayer_raw_label_resolver_caller_closure_four_binary_2026-08-27.md	
Player	85	getLayerGetter	METHOD	name=0x14D666C; publish=0x6D61B4; callbacks=0x6D0CD4	name=0xD85F2E; publish=0x598798; callbacks=0x595EF4	name=0x10195CF5A; publish=0x10012520C; callbacks=0x100121D64	name=0x174F2BE; publish=0x12444C; callbacks=0x120B2C	EVIDENCED_4_4	OUT_OF_SCOPE_FOR_SURFACE_SLICE	analysis/motionplayer_player_ncb_surface_and_constructor_four_binary_2026-08-26.md	
Player	86	getLayerGetterList	METHOD	name=0x14D668A; publish=0x6D621C; callbacks=0x6D2368	name=0xD85F4C; publish=0x5987AE; callbacks=0x596CD4	name=0x10195CF78; publish=0x10012522C; callbacks=0x100122DC0	name=0x174F2DC; publish=0x12446A; callbacks=0x121E18	EVIDENCED_4_4	OUT_OF_SCOPE_FOR_SURFACE_SLICE	analysis/motionplayer_player_ncb_surface_and_constructor_four_binary_2026-08-26.md	
Player	87	skipToSync	METHOD	name=0x14D66B0; publish=0x6D6238; callbacks=0x6D08E4	name=0xD85F72; publish=0x5987C4; callbacks=0x595C48	name=0x10195CF9E; publish=0x10012524C; callbacks=0x100121A78	name=0x174F302; publish=0x124488; callbacks=0x1207F8	EVIDENCED_4_4	OUT_OF_SCOPE_FOR_SURFACE_SLICE	analysis/motionplayer_player_ncb_surface_and_constructor_four_binary_2026-08-26.md	
Player	88	onAction	METHOD	name=0x14D6152; publish=0x6D62B8; callbacks=0x6D6E30	name=0xD85B14; publish=0x5987DA; callbacks=0x599142	name=0x10195C6F0; publish=0x10012526C; callbacks=0x10012595C	name=0x174EA54; publish=0x1244A6; callbacks=0x124B5C	EVIDENCED_4_4	OUT_OF_SCOPE_FOR_SURFACE_SLICE	analysis/motionplayer_player_ncb_surface_and_constructor_four_binary_2026-08-26.md	
Player	89	onSync	METHOD	name=0x14D6144; publish=0x6D62D4; callbacks=0x6D6E34	name=0xD85B06; publish=0x5987F0; callbacks=0x599144	name=0x10195C6E2; publish=0x10012528C; callbacks=0x100125960	name=0x174EA46; publish=0x1244C4; callbacks=0x124B5E	EVIDENCED_4_4	OUT_OF_SCOPE_FOR_SURFACE_SLICE	analysis/motionplayer_player_ncb_surface_and_constructor_four_binary_2026-08-26.md	
Player	90	onGroundCorrection	METHOD	name=0x14D60E2; publish=0x6D6354; callbacks=0x6D6E38	name=0xD85AD4; publish=0x598806; callbacks=0x599146	name=0x10195C64A; publish=0x1001252AC; callbacks=0x100125964	name=0x174E9AE; publish=0x1244E2; callbacks=0x124B60	EVIDENCED_4_4	OUT_OF_SCOPE_FOR_SURFACE_SLICE	analysis/motionplayer_player_ncb_surface_and_constructor_four_binary_2026-08-26.md	
Player	91	onFindMotion	METHOD	name=0x14D5CC4; publish=0x6D63C4; callbacks=0x6D6E40	name=0xD8572C; publish=0x59881C; callbacks=0x599152	name=0x10195C1CC; publish=0x1001252CC; callbacks=0x10012596C	name=0x174E530; publish=0x124500; callbacks=0x124B6C	EVIDENCED_4_4	OUT_OF_SCOPE_FOR_SURFACE_SLICE	analysis/motionplayer_player_ncb_surface_and_constructor_four_binary_2026-08-26.md	
Player	92	isExistMotion	METHOD	name=0x14D5A22; publish=0x6D6434; callbacks=0x6CDBD4	name=0xD85542; publish=0x598832; callbacks=0x5942F4	name=0x10195BED0; publish=0x1001252EC; callbacks=0x10011F558	name=0x174E234; publish=0x12451E; callbacks=0x11E054	EVIDENCED_4_4	OUT_OF_SCOPE_FOR_SURFACE_SLICE	analysis/motionplayer_player_ncb_surface_and_constructor_four_binary_2026-08-26.md	
Player	93	setStereovisionCameraPosition	METHOD	name=0x14D66C6; publish=0x6D64A4; callbacks=0x6CD420	name=0x598CA4; publish=0x598846; callbacks=0x593F44	name=0x10195CFB4; publish=0x10012530C; callbacks=0x10011F54C	name=0x174F318; publish=0x12453C; callbacks=0x11E038	EVIDENCED_4_4	OUT_OF_SCOPE_FOR_SURFACE_SLICE	analysis/motionplayer_player_ncb_surface_and_constructor_four_binary_2026-08-26.md	
Point	1	<constructor>	ZERO_ARG_CONSTRUCTOR	registrar=0x68E39C; ctor_publish=inline	registrar=0x56E348; ctor_publish=0x56E3D4	registrar=0x1000F079C; ctor_publish=0x1000F0854	registrar=0xECA00; ctor_publish=0xECA98	EVIDENCED_4_4	IMPLEMENTED	analysis/motionplayer_geometry_default_constructors_four_binary_2026-08-26.md	
Point	2	type	RO_PROPERTY	registrar=0x68E39C; callback=0x68E628	registrar=0x56E348; callback=0x56E3FA	registrar=0x1000F079C; callback=0x1000F08A4	registrar=0xECA00; callback=0xECABE	EVIDENCED_4_4	IMPLEMENTED	analysis/motionplayer_geometry_scalar_getters_four_binary_2026-08-26.md	
Point	3	contains	METHOD	registrar=0x68E39C; callback=0x68E1D0	registrar=0x56E348; callback=0x56E1B0	registrar=0x1000F079C; callback=0x1000F0670	registrar=0xECA00; callback=0xEC8D0	EVIDENCED_4_4	IMPLEMENTED	analysis/motionplayer_geometry_contains_boundary_four_binary_2026-08-26.md	
Point	4	x	RO_PROPERTY	registrar=0x68E39C; callback=0x68E630	registrar=0x56E348; callback=0x56E3FE	registrar=0x1000F079C; callback=0x1000F08AC	registrar=0xECA00; callback=0xECAC2	EVIDENCED_4_4	IMPLEMENTED	analysis/motionplayer_geometry_scalar_getters_four_binary_2026-08-26.md	
Point	5	y	RO_PROPERTY	registrar=0x68E39C; callback=0x68E638	registrar=0x56E348; callback=0x56E408	registrar=0x1000F079C; callback=0x1000F08B4	registrar=0xECA00; callback=0xECACC	EVIDENCED_4_4	IMPLEMENTED	analysis/motionplayer_geometry_scalar_getters_four_binary_2026-08-26.md	
Quad	1	<constructor>	ZERO_ARG_CONSTRUCTOR	registrar=0x68EEB0; ctor_publish=inline	registrar=0x56E760; ctor_publish=0x56E7D0	registrar=0x1000F0B7C; ctor_publish=0x1000F0C0C	registrar=0xECD06; ctor_publish=0xECD7C	EVIDENCED_4_4	IMPLEMENTED	analysis/motionplayer_geometry_default_constructors_four_binary_2026-08-26.md	
Quad	2	type	RO_PROPERTY	registrar=0x68EEB0; callback=0x68E628	registrar=0x56E760; callback=0x56E3FA	registrar=0x1000F0B7C; callback=0x1000F08A4	registrar=0xECD06; callback=0xECABE	EVIDENCED_4_4	IMPLEMENTED	analysis/motionplayer_geometry_scalar_getters_four_binary_2026-08-26.md	
Quad	3	contains	METHOD	registrar=0x68EEB0; callback=0x68E1D0	registrar=0x56E760; callback=0x56E1B0	registrar=0x1000F0B7C; callback=0x1000F0670	registrar=0xECD06; callback=0xEC8D0	EVIDENCED_4_4	IMPLEMENTED	analysis/motionplayer_geometry_contains_boundary_four_binary_2026-08-26.md	
Quad	4	p	RO_PROPERTY	registrar=0x68EEB0; callback=0x68F0D4	registrar=0x56E760; callback=0x56E7F8	registrar=0x1000F0B7C; callback=0x1000F0C5C	registrar=0xECD06; callback=0xECDA4	EVIDENCED_4_4	IMPLEMENTED	analysis/motionplayer_layergetter_quad_exception_frontiers_four_binary_2026-08-27.md	
Rect	1	<constructor>	ZERO_ARG_CONSTRUCTOR	registrar=0x68EA84; ctor_publish=inline	registrar=0x56E5CC; ctor_publish=0x56E690	registrar=0x1000F09F4; ctor_publish=0x1000F0AFC	registrar=0xECBC8; ctor_publish=0xECCA4	EVIDENCED_4_4	IMPLEMENTED	analysis/motionplayer_geometry_default_constructors_four_binary_2026-08-26.md	
Rect	2	type	RO_PROPERTY	registrar=0x68EA84; callback=0x68E628	registrar=0x56E5CC; callback=0x56E3FA	registrar=0x1000F09F4; callback=0x1000F08A4	registrar=0xECBC8; callback=0xECABE	EVIDENCED_4_4	IMPLEMENTED	analysis/motionplayer_geometry_scalar_getters_four_binary_2026-08-26.md	
Rect	3	contains	METHOD	registrar=0x68EA84; callback=0x68E1D0	registrar=0x56E5CC; callback=0x56E1B0	registrar=0x1000F09F4; callback=0x1000F0670	registrar=0xECBC8; callback=0xEC8D0	EVIDENCED_4_4	IMPLEMENTED	analysis/motionplayer_geometry_contains_boundary_four_binary_2026-08-26.md	
Rect	4	l	RO_PROPERTY	registrar=0x68EA84; callback=0x68EDE0	registrar=0x56E5CC; callback=0x56E6B6	registrar=0x1000F09F4; callback=0x1000F0B4C	registrar=0xECBC8; callback=0xECCCA	EVIDENCED_4_4	IMPLEMENTED	analysis/motionplayer_geometry_scalar_getters_four_binary_2026-08-26.md	
Rect	5	t	RO_PROPERTY	registrar=0x68EA84; callback=0x68EDE8	registrar=0x56E5CC; callback=0x56E6C0	registrar=0x1000F09F4; callback=0x1000F0B54	registrar=0xECBC8; callback=0xECCD4	EVIDENCED_4_4	IMPLEMENTED	analysis/motionplayer_geometry_scalar_getters_four_binary_2026-08-26.md	
Rect	6	w	RO_PROPERTY	registrar=0x68EA84; callback=0x68EDF0	registrar=0x56E5CC; callback=0x56E6CA	registrar=0x1000F09F4; callback=0x1000F0B5C	registrar=0xECBC8; callback=0xECCDE	EVIDENCED_4_4	IMPLEMENTED	analysis/motionplayer_geometry_scalar_getters_four_binary_2026-08-26.md	
Rect	7	h	RO_PROPERTY	registrar=0x68EA84; callback=0x68EE00	registrar=0x56E5CC; callback=0x56E6DC	registrar=0x1000F09F4; callback=0x1000F0B6C	registrar=0xECBC8; callback=0xECCF0	EVIDENCED_4_4	IMPLEMENTED	analysis/motionplayer_geometry_scalar_getters_four_binary_2026-08-26.md	
ResourceManager	1	<constructor>	TYPED_CONSTRUCTOR_VARIANT_INT	wrapper=0x6FBEA4; setup=0x6FC014; registrar=0x6A8C9C; ctor_publish=inline@0x6A8CBC; invoke=0x6E9A98; construct_attach=0x6E9B70; allocate_convert=0x6E9C88; native_ctor=0x6A5CAC	wrapper=0x5997C0; setup=0x5B6F80; registrar=0x57C3A8; ctor_publish=0x57C510; invoke=0x5A7DC0; construct_attach=0x5A7E50; allocate_convert=0x5A7F10; native_ctor=0x57B1EC	wrapper=0x100126154; setup=0x10014E6AC; registrar=0x100102E88; ctor_publish=0x100103030; invoke=0x10013A644; construct_attach=0x10013A6E8; allocate_convert=0x10013A7D8; native_ctor=0x100101158	wrapper=0x1251DC; setup=0x150480; registrar=0x1002FC; ctor_publish=0x10047C; invoke=0x13A730; construct_attach=0x13A79C; allocate_convert=0x13A8E4; native_ctor=0xFE254	EVIDENCED_4_4	CONSTRUCTOR_EVIDENCED_4_4	analysis/motionplayer_resourcemanager_ncb_surface_four_binary_2026-08-27.md	argc>=2; argv[0] copied as Variant; argv[1] converted to tjs_int; surplus arguments ignored
ResourceManager	2	loadSource	METHOD	registrar=0x6A8C9C; callback=entry=0x6A4F88; containing_func=0x6A4CD4	registrar=0x57C3A8; callback=0x57ACC8	registrar=0x100102E88; callback=0x1001009AC	registrar=0x1002FC; callback=0xFDB50	EVIDENCED_4_4	IMPLEMENTED	analysis/motionplayer_sourcecache_load_clear_buflayer_four_binary_2026-08-27.md	exact SourceCache callback reuse
ResourceManager	3	clearCache	METHOD	registrar=0x6A8C9C; callback=entry=0x6A5818; containing_func=0x6A4CD4	registrar=0x57C3A8; callback=0x57B018	registrar=0x100102E88; callback=0x100100F10	registrar=0x1002FC; callback=0xFE0D4	EVIDENCED_4_4	IMPLEMENTED	analysis/motionplayer_sourcecache_load_clear_buflayer_four_binary_2026-08-27.md	exact SourceCache callback reuse
ResourceManager	4	bufLayer	RO_PROPERTY	registrar=0x6A8C9C; callback=get=0x6A58DC	registrar=0x57C3A8; callback=get=0x57B060	registrar=0x100102E88; callback=get=0x100100F84	registrar=0x1002FC; callback=get=0xFE11A	EVIDENCED_4_4	IMPLEMENTED	analysis/motionplayer_sourcecache_load_clear_buflayer_four_binary_2026-08-27.md	exact SourceCache getter reuse; all setter/index slots null
ResourceManager	5	load	METHOD	registrar=0x6A8C9C; callback=0x6A616C	registrar=0x57C3A8; callback=0x57B338	registrar=0x100102E88; callback=0x1001012D8	registrar=0x1002FC; callback=0xFE40C	EVIDENCED_4_4	IMPLEMENTED	analysis/motionplayer_resourcemanager_load_cache_validate_dispatch_four_binary_2026-08-27.md	
ResourceManager	6	unload	METHOD	registrar=0x6A8C9C; callback=0x6A697C	registrar=0x57C3A8; callback=0x57B6F8	registrar=0x100102E88; callback=0x100101A28	registrar=0x1002FC; callback=0xFEC04	EVIDENCED_4_4	IMPLEMENTED	analysis/motionplayer_resourcemanager_unload_single_node_four_binary_2026-08-27.md	
ResourceManager	7	unloadAll	METHOD	registrar=0x6A8C9C; callback=entry=0x6A60D8; containing_func=0x6A5F74	registrar=0x57C3A8; callback=0x57B32C	registrar=0x100102E88; callback=0x1001012CC	registrar=0x1002FC; callback=0xFE3FE	EVIDENCED_4_4	IMPLEMENTED	analysis/motionplayer_resourcemanager_unload_all_map_clear_four_binary_2026-08-27.md	Android arm64 callback is an internal entry in the destructor-containing IDA function
ResourceManager	8	isExistMotion	METHOD	registrar=0x6A8C9C; callback=0x6A6AD8	registrar=0x57C3A8; callback=0x57B780	registrar=0x100102E88; callback=0x100101AC8	registrar=0x1002FC; callback=0xFECF4	EVIDENCED_4_4	IMPLEMENTED	analysis/motionplayer_resourcemanager_is_exist_motion_direct_fallback_scan_four_binary_2026-08-27.md	
ResourceManager	9	findMotion	METHOD	registrar=0x6A8C9C; callback=0x6A72B4	registrar=0x57C3A8; callback=0x57B9F8	registrar=0x100102E88; callback=0x100101E84	registrar=0x1002FC; callback=0xFF11C	EVIDENCED_4_4	IMPLEMENTED	analysis/motionplayer_resourcemanager_find_motion_dispatch_array_owner_four_binary_2026-08-27.md	
ResourceManager	10	findSource	METHOD	registrar=0x6A8C9C; callback=0x6A7F1C	registrar=0x57C3A8; callback=0x57BDE0	registrar=0x100102E88; callback=0x100102594	registrar=0x1002FC; callback=0xFF890	EVIDENCED_4_4	IMPLEMENTED	analysis/motionplayer_resourcemanager_find_source_blank_objsource_owner_four_binary_2026-08-27.md	
ResourceManager	11	random	METHOD	registrar=0x6A8C9C; callback=0x6A894C	registrar=0x57C3A8; callback=0x57C1CC	registrar=0x100102E88; callback=0x100102C90	registrar=0x1002FC; callback=0x1000F0	EVIDENCED_4_4	IMPLEMENTED	analysis/motionplayer_resourcemanager_random_dispatch_four_binary_2026-08-27.md	
ResourceManager	12	requireLayerId	METHOD	registrar=0x6A8C9C; callback=0x6A8A74	registrar=0x57C3A8; callback=0x57C258	registrar=0x100102E88; callback=0x100102D40	registrar=0x1002FC; callback=0x100240	EVIDENCED_4_4	IMPLEMENTED	analysis/motionplayer_resourcemanager_layer_id_set_four_binary_2026-08-27.md	
ResourceManager	13	releaseLayerId	METHOD	registrar=0x6A8C9C; callback=0x6A8B30	registrar=0x57C3A8; callback=0x57C2C8	registrar=0x100102E88; callback=0x100102DB8	registrar=0x1002FC; callback=0x10028A	EVIDENCED_4_4	IMPLEMENTED	analysis/motionplayer_resourcemanager_layer_id_set_four_binary_2026-08-27.md	
SeparateLayerAdaptor	1	<constructor>	TYPED_CONSTRUCTOR	registrar=0x6A9378; invoke=0x6EBECC; attach=0x6EBFA4; allocate=0x6EC0BC	registrar=0x57C5A8; invoke=0x5AA1C8; allocate_attach=0x5AA258	registrar=0x100103080; invoke=0x10013D3E8; allocate_attach=0x10013D48C	registrar=0x1004A6; invoke=0x13DE14; attach=0x13DE80; allocate=0x13DFC8	EVIDENCED_4_4	IMPLEMENTED	analysis/motionplayer_separate_layer_ncb_surface_four_binary_2026-08-27.md	
SeparateLayerAdaptor	2	absolute	RW_PROPERTY	registrar=0x6A9378; callback=get=0x6A9638,set=0x6A9640	registrar=0x57C5A8; callback=get=0x57C67E,set=0x57C682	registrar=0x100103080; callback=get=0x100103188,set=0x100103190	registrar=0x1004A6; callback=get=0x100574,set=0x100578	EVIDENCED_4_4	IMPLEMENTED	analysis/motionplayer_separate_layer_ncb_surface_four_binary_2026-08-27.md	
SeparateLayerAdaptor	3	targetLayer	RW_PROPERTY	registrar=0x6A9378; callback=get=0x6A9648,set=0x6A9654	registrar=0x57C5A8; callback=get=0x57C686,set=0x57C692	registrar=0x100103080; callback=get=0x100103198,set=0x1001031A4	registrar=0x1004A6; callback=get=0x10057C,set=0x100588	EVIDENCED_4_4	IMPLEMENTED	analysis/motionplayer_separate_layer_target_layer_property_four_binary_2026-08-27.md	
SeparateLayerAdaptor	4	clear	METHOD	registrar=0x6A9378; callback=0x6A965C	registrar=0x57C5A8; callback=0x57C698	registrar=0x100103080; callback=0x1001031AC	registrar=0x1004A6; callback=0x100590	EVIDENCED_4_4	IMPLEMENTED	analysis/motionplayer_separate_layer_clear_destructor_four_binary_2026-08-27.md	
SeparateLayerAdaptor	5	assign	METHOD	registrar=0x6A9378; wrapper=0x6EC920; body=0x6A97F0	registrar=0x57C5A8; wrapper=0x5AAD1C; body=0x57C814	registrar=0x100103080; wrapper=0x10013E198; body=0x10010347C	registrar=0x1004A6; wrapper=0x13EED4; body=0x100874	EVIDENCED_4_4	IMPLEMENTED	analysis/motionplayer_separate_layer_assign_four_binary_2026-08-27.md	
SourceCache	1	<constructor>	ZERO_ARG_CONSTRUCTOR	wrapper=0x6FB504; setup=0x6FB668; registrar=0x6A5988; ctor_publish=inline@0x6A59A8	wrapper=0x599738; setup=0x5B6A20; registrar=0x57B0DC; ctor_publish=0x57B14C	wrapper=0x100126064; setup=0x10014DF88; registrar=0x100100F90; ctor_publish=0x100101018	wrapper=0x12514C; setup=0x14FC78; registrar=0xFE12A; ctor_publish=0xFE19C	EVIDENCED_4_4	CONSTRUCTOR_EVIDENCED_4_4	analysis/motionplayer_sourcecache_objsource_ncb_surface_four_binary_2026-08-27.md	
SourceCache	2	loadSource	METHOD	registrar=0x6A5988; callback=entry=0x6A4F88; containing_func=0x6A4CD4	registrar=0x57B0DC; callback=0x57ACC8	registrar=0x100100F90; callback=0x1001009AC	registrar=0xFE12A; callback=0xFDB50	EVIDENCED_4_4	IMPLEMENTED	analysis/motionplayer_sourcecache_load_clear_buflayer_four_binary_2026-08-27.md	Android arm64 callback is an internal entry in one combined IDA function range
SourceCache	3	clearCache	METHOD	registrar=0x6A5988; callback=entry=0x6A5818; containing_func=0x6A4CD4	registrar=0x57B0DC; callback=0x57B018	registrar=0x100100F90; callback=0x100100F10	registrar=0xFE12A; callback=0xFE0D4	EVIDENCED_4_4	IMPLEMENTED	analysis/motionplayer_sourcecache_load_clear_buflayer_four_binary_2026-08-27.md	Android arm64 callback is an internal entry in one combined IDA function range
SourceCache	4	bufLayer	RO_PROPERTY	registrar=0x6A5988; callback=get=0x6A58DC	registrar=0x57B0DC; callback=get=0x57B060	registrar=0x100100F90; callback=get=0x100100F84	registrar=0xFE12A; callback=get=0xFE11A	EVIDENCED_4_4	IMPLEMENTED	analysis/motionplayer_sourcecache_load_clear_buflayer_four_binary_2026-08-27.md	
