task_id	description	status	coverage_slices	analysis_reports	verification	remaining_gap
MP-F01	固定 motionplayer 根入口和范围边界 | 列出两个 NCB 模块的注册入口、静态初始化入口、类注册入口；明确依赖闭包规则和排除规则	CLOSED_STATIC	MP-F01-ROOT-01; MP-F01-ROOT-02; MP-F01-ROOT-03	analysis/motionplayer_reconstruction_scope_and_roots_four_binary_2026-08-26.md; analysis/motionplayer_emoteplayer_module_decrypt_root_four_binary_2026-08-27.md; analysis/motionplayer_drawdevice_d3d_dependency_root_four_binary_2026-08-27.md	Four roots and exclusion rules have four-target evidence; IDBs saved	No static scope/root gap; formal build remains separate MP-V work
MP-F02	核对四端目标与 IDB 身份 | 四个二进制、四个 `.i64`、架构、imagebase、Hex-Rays 状态一一对应；任何缺失都阻塞后续取证	CLOSED_STATIC	MP-F01-ROOT-01; MP-F01-ROOT-02; MP-F01-ROOT-03	analysis/motionplayer_reconstruction_scope_and_roots_four_binary_2026-08-26.md	Four binaries and four matching IDBs were identity-checked	No target/IDB identity gap
MP-F03	建立四端函数等价类总账 | 每一行是一个语义实体，包含四端函数名/地址/状态：已定位、内联、dead-strip、缺失或待定位	CLOSED_STATIC	MP-F03-NCB-SURFACE-LEDGER; MP-F03-ROOT-REACHABLE-FUNCTION-LEDGER	analysis/motionplayer_ncb_equivalence_ledger_2026-08-27.md; analysis/motionplayer_v09_v15_crosscutting_final_audit_2026-08-28.md; analysis/motionplayer_v09_v15_audit_summary.tsv	The 316-row NCB denominator is reproducible and all 139 original MP-A/L/C/D/R/G/B tasks map through 306 associations to 159 unique terminal four-target slices	No static function-denominator gap in the tasks.md scope; MP-V04 is verified and the two terminal external-evidence blockers are tracked by MP-V03 and MP-V05
MP-F04	建立对象与类型总账 | 类、基类、vtable、构造/析构、字段族、容器、全局静态对象、owner/borrowed 边全部入账	CLOSED_STATIC	MP-F04-OBJECT-VTABLE-CONTAINER-OWNER-LEDGER	analysis/motionplayer_v09_v15_crosscutting_final_audit_2026-08-28.md; analysis/motionplayer_v09_v15_audit_summary.tsv; analysis/motionplayer_tasks_status.tsv	All 16 MP-L and 16 MP-C original tasks have one-to-one task mappings covering 50 unique terminal four-target object/owner/container slices	No static object-ledger gap; unavailable destruction/reentry fault-injection material remains explicitly recorded by MP-V02
MP-F05	索引现有 649 份分析报告 | 把现有报告映射到函数/对象总账；区分已闭合、部分闭合、被后续证据纠正、重复和仅导航性报告	CLOSED_STATIC	MP-F05-REPORT-STATUS-RECONCILIATION	analysis/motionplayer_coverage_status_reconciliation_2026-08-27.md; analysis/motionplayer_v09_v15_crosscutting_final_audit_2026-08-28.md; analysis/motionplayer_tasks_status.tsv	All 163 original tickets are indexed; every static business task has direct coverage/report mappings and nonterminal verification tasks retain explicit gaps	No report-index gap; the old overbroad final-closure claim remains superseded by the current per-ticket ledger
MP-F06	建立本地实现映射 | 每个语义实体映射到本地文件、函数、测试和分析报告；没有对应实现时只能标为“待核实”，不能根据一次空搜索断言缺失	CLOSED_STATIC	MP-F06-LOCAL-IMPLEMENTATION-TEST-MAP	analysis/motionplayer_tasks_status.tsv; analysis/motionplayer_vertical_test_matrix.tsv; analysis/motionplayer_fixture_decisions.tsv; analysis/motionplayer_v09_v15_crosscutting_final_audit_2026-08-28.md	Every original static ticket maps to coverage implementation/report fields; MP-V01 and MP-V02 provide the test/no-material decision denominator	No mapping gap; MP-V04 is verified and the two terminal external-evidence blockers are tracked independently by MP-V03 and MP-V05
MP-F07	建立差距生成规则 | 从总账生成待办：四端未定位、只取证未实现、实现无四端证据、生命周期不完整、容器选型不确定、边界未覆盖等	CLOSED_STATIC	MP-F07-FINAL-GAP-DENOMINATOR	analysis/motionplayer_v15_final_differences.tsv; analysis/motionplayer_v09_v15_crosscutting_final_audit_2026-08-28.md; analysis/motionplayer_tasks_status.tsv	The final difference set is reproducibly separated into three accepted platform boundaries, one ABI/compiler class, and two external differential-verification gaps; no shared-source semantic or IDA-transport blocker remains	Gap audit is complete; two external verification rows remain explicitly terminal EVIDENCE_BLOCKED under MP-V03 and MP-V05
MP-F08	清理完成状态定义 | 统一状态：`UNMAPPED`、`MAPPED_4_4`、`EVIDENCED_4_4`、`IMPLEMENTED`、`VERIFIED`、`PLATFORM_BOUNDARY`、`EVIDENCE_BLOCKED`	VERIFIED	MP-F08-FINAL-ACCEPTANCE	plan.md; analysis/motionplayer_coverage.tsv; analysis/motionplayer_tasks_status.tsv; analysis/motionplayer_v15_final_differences.tsv; analysis/motionplayer_final_reconstruction_report_2026-08-28.md	Status vocabulary and the complete 163-ticket denominator are defined; all rows now have terminal dispositions: 146 CLOSED_STATIC, 15 VERIFIED, and two explicit EVIDENCE_BLOCKED external-verification rows	No acceptance-ledger gap; MP-V03 and MP-V05 remain terminal evidence blockers and are not represented as successful Android executions
MP-A01	恢复 `motionplayer.dll` 静态 registrar、模块注册、重复注册和卸载边界	CLOSED_STATIC	MP-F01-ROOT-01; MP-F03-NCB-SURFACE-LEDGER	analysis/motionplayer_reconstruction_scope_and_roots_four_binary_2026-08-26.md; analysis/motionplayer_ncb_equivalence_ledger_2026-08-27.md; analysis/motionplayer_coverage_status_reconciliation_2026-08-27.md	Mapped to direct four-target IMPLEMENTED slices; runtime verification is tracked independently under MP-V	No task-local static gap; cross-category final audit reached its terminal disposition under MP-V15/MP-V16
MP-A02	恢复 `emoteplayer.dll` 预注册回调、模块依赖、注册顺序和失败边界	CLOSED_STATIC	MP-F01-ROOT-02; MP-A16-EMOTEPLAYER-NCB-SURFACE	analysis/motionplayer_emoteplayer_module_decrypt_root_four_binary_2026-08-27.md; analysis/motionplayer_reconstruction_scope_and_roots_four_binary_2026-08-26.md; analysis/motionplayer_emoteplayer_ncb_surface_four_binary_2026-08-27.md; analysis/motionplayer_coverage_status_reconciliation_2026-08-27.md	Mapped to direct four-target IMPLEMENTED slices; runtime verification is tracked independently under MP-V	No task-local static gap; cross-category final audit reached its terminal disposition under MP-V15/MP-V16
MP-A03	恢复模块名大小写处理、`Plugins.link`、autoload 和已注册模块集合关系	CLOSED_STATIC	MP-A03-MODULE-LOADER-PLUGINS-AUTOLOAD-REGISTERED-SET	analysis/motionplayer_module_loader_plugins_autoload_registered_set_four_binary_2026-08-27.md	Mapped to direct four-target IMPLEMENTED slices; runtime verification is tracked independently under MP-V	No task-local static gap; cross-category final audit reached its terminal disposition under MP-V15/MP-V16
MP-A04	穷举二进制中两个模块实际注册的类、常量、属性、方法及精确字符串	CLOSED_STATIC	MP-F03-NCB-SURFACE-LEDGER; MP-A14-REG-01	analysis/motionplayer_ncb_equivalence_ledger_2026-08-27.md; analysis/motionplayer_coverage_status_reconciliation_2026-08-27.md; analysis/motionplayer_motion_class_registration_surface_four_binary_2026-08-26.md	Mapped to direct four-target IMPLEMENTED slices; runtime verification is tracked independently under MP-V	No task-local static gap; cross-category final audit reached its terminal disposition under MP-V15/MP-V16
MP-A05	对比本地注册表，找出多注册、少注册、错误绑定、顺序差异和 dead-strip 成员	CLOSED_STATIC	MP-F03-NCB-SURFACE-LEDGER; MP-A11-PLAYER-REG; MP-A16-EMOTEPLAYER-NCB-SURFACE	analysis/motionplayer_ncb_equivalence_ledger_2026-08-27.md; analysis/motionplayer_coverage_status_reconciliation_2026-08-27.md; analysis/motionplayer_player_ncb_surface_and_constructor_four_binary_2026-08-26.md; analysis/motionplayer_player_ncb_surface.tsv; analysis/motionplayer_emoteplayer_ncb_surface_four_binary_2026-08-27.md	Mapped to direct four-target IMPLEMENTED slices; runtime verification is tracked independently under MP-V	No task-local static gap; cross-category final audit reached its terminal disposition under MP-V15/MP-V16
MP-A06	`BezierPatch` 附着到 `Layer` 的方法表和包装 ABI	CLOSED_STATIC	MP-A15-BEZIER-LAYER-EXTENSIONS-NCB-SURFACE; MP-G10-BEZIERPATCH-METHODS-INVERSE	analysis/motionplayer_bezier_layer_extensions_ncb_surface_four_binary_2026-08-27.md; analysis/motionplayer_coverage_status_reconciliation_2026-08-27.md; analysis/motionplayer_bezierpatch_methods_geometry_inverse_four_binary_2026-08-27.md	Mapped to direct four-target IMPLEMENTED slices; runtime verification is tracked independently under MP-V	No task-local static gap; cross-category final audit reached its terminal disposition under MP-V15/MP-V16
MP-A07	`MotionLayerExtensions` 的注册、hook、附着对象与生命周期	CLOSED_STATIC	MP-A15-BEZIER-LAYER-EXTENSIONS-NCB-SURFACE; MP-L10-LAYER-EXTENSIONS-RENDER-LIFETIME	analysis/motionplayer_bezier_layer_extensions_ncb_surface_four_binary_2026-08-27.md; analysis/motionplayer_coverage_status_reconciliation_2026-08-27.md; analysis/motionplayer_layer_extensions_callbacks_lifetime_render_four_binary_2026-08-27.md	Mapped to direct four-target IMPLEMENTED slices; runtime verification is tracked independently under MP-V	No task-local static gap; cross-category final audit reached its terminal disposition under MP-V15/MP-V16
MP-A08	`SourceCache`、`ObjSource` 的类注册、工厂和返回对象所有权	CLOSED_STATIC	MP-A12-SOURCECACHE-OBJSOURCE-NCB-SURFACE; MP-L12-SOURCECACHE-LOAD-CLEAR-BUFLAYER; MP-L12-OBJSOURCE-GETTERS-DRAW-TEXTURE	analysis/motionplayer_sourcecache_objsource_ncb_surface_four_binary_2026-08-27.md; analysis/motionplayer_coverage_status_reconciliation_2026-08-27.md; analysis/motionplayer_sourcecache_load_clear_buflayer_four_binary_2026-08-27.md; analysis/motionplayer_objsource_getters_clip_draw_decode_texture_lifetime_four_binary_2026-08-27.md	Mapped to direct four-target IMPLEMENTED slices; runtime verification is tracked independently under MP-V	No task-local static gap; cross-category final audit reached its terminal disposition under MP-V15/MP-V16
MP-A09	`Point`、`Circle`、`Rect`、`Quad` 的构造、属性和 `contains` 边界	CLOSED_STATIC	MP-A09-REG-POINT; MP-A09-REG-CIRCLE; MP-A09-REG-RECT; MP-A09-REG-QUAD; MP-A09-GEOMETRY-SCALARS; MP-B03-GEOMETRY-CONTAINS	analysis/motionplayer_geometry_ncb_registration_surface_four_binary_2026-08-26.md; analysis/motionplayer_coverage_status_reconciliation_2026-08-27.md; analysis/motionplayer_geometry_scalar_getters_four_binary_2026-08-26.md; analysis/motionplayer_geometry_contains_boundary_four_binary_2026-08-26.md	Mapped to direct four-target IMPLEMENTED slices; runtime verification is tracked independently under MP-V	No task-local static gap; cross-category final audit reached its terminal disposition under MP-V15/MP-V16
MP-A10	`LayerGetter` 的完整只读属性表、Variant/Array 返回所有权	CLOSED_STATIC	MP-A10-LAYERGETTER-REG; MP-A10-LAYERGETTER-SCALARS; MP-A10-LAYERGETTER-ARRAYS; MP-L10-LAYERGETTER-VTX; MP-L10-LAYERGETTER-SHAPE; MP-L10-LAYERGETTER-MOTION-PARTICLE	analysis/motionplayer_layergetter_ncb_surface_and_constructor_four_binary_2026-08-26.md; analysis/motionplayer_coverage_status_reconciliation_2026-08-27.md; analysis/motionplayer_layergetter_scalar_string_getters_four_binary_2026-08-26.md; analysis/motionplayer_layergetter_array_container_getters_four_binary_2026-08-26.md; analysis/motionplayer_layergetter_vtx_dictionary_owner_four_binary_2026-08-26.md; analysis/motionplayer_layergetter_quad_exception_frontiers_four_binary_2026-08-27.md; analysis/motionplayer_layergetter_shape_motion_particle_lifetime_four_binary_2026-08-26.md	Mapped to direct four-target IMPLEMENTED slices; runtime verification is tracked independently under MP-V	No task-local static gap; cross-category final audit reached its terminal disposition under MP-V15/MP-V16
MP-A11	`SeparateLayerAdaptor` 的注册、构造参数、属性和 `clear`	CLOSED_STATIC	MP-L11-SLA-NCB-SURFACE; MP-L11-SLA-TARGET-LAYER-PROPERTY; MP-L11-SLA-CLEAR-DTOR	analysis/motionplayer_separate_layer_ncb_surface_four_binary_2026-08-27.md; analysis/motionplayer_separate_layer_target_layer_property_four_binary_2026-08-27.md; analysis/motionplayer_separate_layer_clear_destructor_four_binary_2026-08-27.md	Mapped to direct four-target IMPLEMENTED slices; runtime verification is tracked independently under MP-V	No task-local static gap; cross-category final audit reached its terminal disposition under MP-V15/MP-V16
MP-A12	`D3DAdaptor` 的公开方法、属性、画布捕获和纹理缓存入口	CLOSED_STATIC	MP-A14-D3DADAPTOR-NCB-SURFACE; MP-C14-D3DADAPTOR-SIMPLE-STATE-CLEAR; MP-D14-D3DADAPTOR-CAPTURE-CANVAS	analysis/motionplayer_d3dadaptor_ncb_surface_four_binary_2026-08-27.md; analysis/motionplayer_coverage_status_reconciliation_2026-08-27.md; analysis/motionplayer_d3dadaptor_simple_state_map_clear_four_binary_2026-08-27.md; analysis/motionplayer_d3dadaptor_capture_canvas_four_binary_2026-08-27.md	Mapped to direct four-target IMPLEMENTED slices; runtime verification is tracked independently under MP-V	No task-local static gap; cross-category final audit reached its terminal disposition under MP-V15/MP-V16
MP-A13	`ResourceManager` 的 load/unload/find/cache/layer-id API	CLOSED_STATIC	MP-A13-RESOURCEMANAGER-NCB-SURFACE; MP-D13-RESOURCE-LOAD-CACHE-VALIDATE-DISPATCH; MP-C13-RESOURCE-UNLOAD-SINGLE-NODE; MP-C13-RESOURCE-UNLOADALL-MAP-CLEAR; MP-L13-RESOURCE-FINDMOTION-DISPATCH-ARRAY; MP-L13-RESOURCE-FINDSOURCE-BLANK-OBJSOURCE	analysis/motionplayer_resourcemanager_ncb_surface_four_binary_2026-08-27.md; analysis/motionplayer_coverage_status_reconciliation_2026-08-27.md; analysis/motionplayer_resourcemanager_load_cache_validate_dispatch_four_binary_2026-08-27.md; analysis/motionplayer_resourcemanager_unload_single_node_four_binary_2026-08-27.md; analysis/motionplayer_resourcemanager_unload_all_map_clear_four_binary_2026-08-27.md; analysis/motionplayer_resourcemanager_find_motion_dispatch_array_owner_four_binary_2026-08-27.md; analysis/motionplayer_resourcemanager_find_source_blank_objsource_owner_four_binary_2026-08-27.md	Mapped to direct four-target IMPLEMENTED slices; runtime verification is tracked independently under MP-V	No task-local static gap; cross-category final audit reached its terminal disposition under MP-V15/MP-V16
MP-A14	`Motion` 类常量、静态入口、工厂以及命名空间层级	CLOSED_STATIC	MP-A14-REG-01; MP-D10-MOTION-ALPHA-MASK-D3D-AVAILABLE	analysis/motionplayer_motion_class_registration_surface_four_binary_2026-08-26.md; analysis/motionplayer_coverage_status_reconciliation_2026-08-27.md; analysis/motionplayer_motion_alpha_mask_d3d_available_four_binary_2026-08-27.md	Mapped to direct four-target IMPLEMENTED slices; runtime verification is tracked independently under MP-V	No task-local static gap; cross-category final audit reached its terminal disposition under MP-V15/MP-V16
MP-A15	默认配置、`resourceManager`、时间和 `variableKeys`，约 #1–#6	CLOSED_STATIC	MP-A11-PLAYER-REG; MP-A11-PLAYER-TIME; MP-C11-PLAYER-VARIABLE-KEYS	analysis/motionplayer_player_ncb_surface_and_constructor_four_binary_2026-08-26.md; analysis/motionplayer_player_ncb_surface.tsv; analysis/motionplayer_coverage_status_reconciliation_2026-08-27.md; analysis/motionplayer_player_time_properties_four_binary_2026-08-26.md; analysis/motionplayer_tjs_array_dictionary_exception_frontiers_four_binary_2026-08-27.md; analysis/motionplayer_player_variable_keys_four_binary_2026-08-26.md	Mapped to direct four-target IMPLEMENTED slices; runtime verification is tracked independently under MP-V	No task-local static gap; cross-category final audit reached its terminal disposition under MP-V15/MP-V16
MP-A16	`chara`、`motion`、stealth 槽、tags、project、completion/preview/priorDraw，约 #7–#17	CLOSED_STATIC	MP-A11-PLAYER-REG; MP-L11-PLAYER-CHARA-PROPS; MP-D11-PLAYER-MOTION-PROP-ROUTE; MP-L11-PLAYER-VARIANT-OWNERS; MP-A11-PLAYER-DIRECT-14-20	analysis/motionplayer_player_ncb_surface_and_constructor_four_binary_2026-08-26.md; analysis/motionplayer_player_ncb_surface.tsv; analysis/motionplayer_coverage_status_reconciliation_2026-08-27.md; analysis/motionplayer_player_chara_motion_properties_four_binary_2026-08-26.md; analysis/motionplayer_player_persistent_variant_owners_four_binary_2026-08-26.md; analysis/motionplayer_player_direct_scalar_properties_14_20_four_binary_2026-08-26.md	Mapped to direct four-target IMPLEMENTED slices; runtime verification is tracked independently under MP-V	No task-local static gap; cross-category final audit reached its terminal disposition under MP-V15/MP-V16
MP-A17	mesh、speed、sync、tick、camera、outline、mask、color、transform 配置，约 #18–#45	CLOSED_STATIC	MP-A11-PLAYER-REG; MP-A11-PLAYER-DIRECT-STATE; MP-A11-PLAYER-STATIC-DEFAULTS; MP-A11-PLAYER-TRANSFORM-ORDER; MP-D11-PLAYER-COLOR-INDEPENDENT-Z; MP-D11-PLAYER-PROCESSED-MESH	analysis/motionplayer_player_ncb_surface_and_constructor_four_binary_2026-08-26.md; analysis/motionplayer_player_ncb_surface.tsv; analysis/motionplayer_coverage_status_reconciliation_2026-08-27.md; analysis/motionplayer_player_direct_state_time_properties_four_binary_2026-08-26.md; analysis/motionplayer_player_class_defaults_and_render_flags_four_binary_2026-08-26.md; analysis/motionplayer_player_transform_order_coordinate_four_binary_2026-08-26.md; analysis/motionplayer_player_child_visitor_exception_frontiers_four_binary_2026-08-27.md; analysis/motionplayer_player_color_independent_zfactor_four_binary_2026-08-26.md; analysis/motionplayer_player_leaf_methods_four_binary_2026-08-26.md	Mapped to direct four-target IMPLEMENTED slices; runtime verification is tracked independently under MP-V	No task-local static gap; cross-category final audit reached its terminal disposition under MP-V15/MP-V16
MP-A18	坐标、flip、opacity、visible、slant、zoom、D3D 和 pixelate，约 #46–#65	CLOSED_STATIC	MP-A11-PLAYER-REG; MP-A11-PLAYER-ROOT-COORD-ANGLE; MP-A11-PLAYER-ROOT-FLAGS; MP-A11-PLAYER-STATIC-DEFAULTS; MP-G11-PLAYER-DIRECT-D3D	analysis/motionplayer_player_ncb_surface_and_constructor_four_binary_2026-08-26.md; analysis/motionplayer_player_ncb_surface.tsv; analysis/motionplayer_coverage_status_reconciliation_2026-08-27.md; analysis/motionplayer_player_root_coord_angle_four_binary_2026-08-26.md; analysis/motionplayer_player_root_flip_opacity_visible_slant_zoom_four_binary_2026-08-26.md; analysis/motionplayer_player_class_defaults_and_render_flags_four_binary_2026-08-26.md; analysis/motionplayer_player_direct_d3d_route_four_binary_2026-08-27.md	Mapped to direct four-target IMPLEMENTED slices; runtime verification is tracked independently under MP-V	No task-local static gap; cross-category final audit reached its terminal disposition under MP-V15/MP-V16
MP-A19	variable、play/progress/clear/stop/draw 的 raw/typed wrapper，约 #66–#79	CLOSED_STATIC	MP-A11-PLAYER-REG; MP-A11-PLAYER-SETVARIABLE-RAW; MP-C11-PLAYER-GETVARIABLE; MP-D11-PLAYER-PLAY-RAW; MP-D11-PLAYER-PROGRESS-RAW; MP-D11-PLAYER-CLEAR; MP-A11-PLAYER-STOP-SYNC; MP-G11-PLAYER-DRAW-ROUTER	analysis/motionplayer_player_ncb_surface_and_constructor_four_binary_2026-08-26.md; analysis/motionplayer_player_ncb_surface.tsv; analysis/motionplayer_coverage_status_reconciliation_2026-08-27.md; analysis/motionplayer_player_variable_root_layernames_four_binary_2026-08-26.md; analysis/motionplayer_player_variable_binder_dataflow_four_binary_2026-08-27.md; analysis/motionplayer_player_play_progress_raw_four_binary_2026-08-26.md; analysis/motionplayer_player_playback_state_machine_four_binary_2026-08-27.md; analysis/motionplayer_player_frame_progress_events_four_binary_2026-08-27.md; analysis/motionplayer_player_update_layers_dispatcher_four_binary_2026-08-27.md; analysis/motionplayer_player_calc_bounds_four_binary_2026-08-27.md; analysis/motionplayer_player_clear_four_binary_2026-08-26.md; analysis/motionplayer_player_leaf_methods_four_binary_2026-08-26.md; analysis/motionplayer_player_draw_router_four_binary_2026-08-27.md	Mapped to direct four-target IMPLEMENTED slices; runtime verification is tracked independently under MP-V	No task-local static gap; cross-category final audit reached its terminal disposition under MP-V15/MP-V16
MP-A20	contains、view、command/layer 查询、sync/action callbacks、motion 查找，约 #80–#92	CLOSED_STATIC	MP-A11-PLAYER-REG; MP-D11-PLAYER-CONTAINS; MP-C11-PLAYER-CALC-VIEW; MP-C11-PLAYER-COMMAND-LIST; MP-D10-LAYERGETTER-ONE; MP-D10-LAYERGETTER-LIST; MP-L11-PLAYER-ISEXIST	analysis/motionplayer_player_ncb_surface_and_constructor_four_binary_2026-08-26.md; analysis/motionplayer_player_ncb_surface.tsv; analysis/motionplayer_coverage_status_reconciliation_2026-08-27.md; analysis/motionplayer_player_child_visitor_exception_frontiers_four_binary_2026-08-27.md; analysis/motionplayer_player_contains_four_binary_2026-08-26.md; analysis/motionplayer_player_calc_view_param_four_binary_2026-08-27.md; analysis/motionplayer_player_get_command_list_four_binary_2026-08-26.md; analysis/motionplayer_layergetter_player_producers_and_borrowed_lifetime_four_binary_2026-08-26.md; analysis/motionplayer_player_affine_skip_exist_four_binary_2026-08-26.md	Mapped to direct four-target IMPLEMENTED slices; runtime verification is tracked independently under MP-V	No task-local static gap; cross-category final audit reached its terminal disposition under MP-V15/MP-V16
MP-A21	`Player` 构造包装：参数数量、默认值、receiver、native-instance publication 和失败回滚	CLOSED_STATIC	MP-L11-PLAYER-CTOR; MP-C18-PLAYER-NATIVE-CTOR-DTOR-OWNER-LEDGER	analysis/motionplayer_player_ncb_surface_and_constructor_four_binary_2026-08-26.md; analysis/motionplayer_coverage_status_reconciliation_2026-08-27.md; analysis/motionplayer_player_native_ctor_dtor_owner_ledger_four_binary_2026-08-27.md	Mapped to direct four-target IMPLEMENTED slices; runtime verification is tracked independently under MP-V	No task-local static gap; cross-category final audit reached its terminal disposition under MP-V15/MP-V16
MP-A22	`Player` 所有属性 setter 的精确 TJS 状态返回、Void/Null 转换和异常前缀	CLOSED_STATIC	MP-A11-PLAYER-REG; MP-A11-PLAYER-DIRECT-14-20; MP-A11-PLAYER-DIRECT-STATE; MP-A11-PLAYER-ROOT-COORD-ANGLE; MP-A11-PLAYER-ROOT-FLAGS; MP-A11-PLAYER-CAMERA-OFFSETS	analysis/motionplayer_player_ncb_surface_and_constructor_four_binary_2026-08-26.md; analysis/motionplayer_player_ncb_surface.tsv; analysis/motionplayer_coverage_status_reconciliation_2026-08-27.md; analysis/motionplayer_player_direct_scalar_properties_14_20_four_binary_2026-08-26.md; analysis/motionplayer_player_direct_state_time_properties_four_binary_2026-08-26.md; analysis/motionplayer_player_root_coord_angle_four_binary_2026-08-26.md; analysis/motionplayer_player_root_flip_opacity_visible_slant_zoom_four_binary_2026-08-26.md; analysis/motionplayer_tjs_array_dictionary_exception_frontiers_four_binary_2026-08-27.md; analysis/motionplayer_player_leaf_methods_four_binary_2026-08-26.md	Mapped to direct four-target IMPLEMENTED slices; runtime verification is tracked independently under MP-V	No task-local static gap; cross-category final audit reached its terminal disposition under MP-V15/MP-V16
MP-A23	`Player` raw callback 的 `objthis`、`result`、arity、hint、临时 Variant 生命周期	CLOSED_STATIC	MP-A11-PLAYER-REG; MP-A11-PLAYER-SETVARIABLE-RAW; MP-D11-PLAYER-PLAY-RAW; MP-D11-PLAYER-PROGRESS-RAW	analysis/motionplayer_player_ncb_surface_and_constructor_four_binary_2026-08-26.md; analysis/motionplayer_player_ncb_surface.tsv; analysis/motionplayer_coverage_status_reconciliation_2026-08-27.md; analysis/motionplayer_player_variable_root_layernames_four_binary_2026-08-26.md; analysis/motionplayer_player_variable_binder_dataflow_four_binary_2026-08-27.md; analysis/motionplayer_player_play_progress_raw_four_binary_2026-08-26.md; analysis/motionplayer_player_playback_state_machine_four_binary_2026-08-27.md; analysis/motionplayer_player_frame_progress_events_four_binary_2026-08-27.md; analysis/motionplayer_player_update_layers_dispatcher_four_binary_2026-08-27.md; analysis/motionplayer_player_calc_bounds_four_binary_2026-08-27.md	Mapped to direct four-target IMPLEMENTED slices; runtime verification is tracked independently under MP-V	No task-local static gap; cross-category final audit reached its terminal disposition under MP-V15/MP-V16
MP-A24	progress/draw/pass/play/clear/contains/wind 基础入口	CLOSED_STATIC	MP-A16-EMOTEPLAYER-NCB-SURFACE; MP-L14-EMOTEPLAYER-PRIMARY-FLOW-RAW-SETTERS	analysis/motionplayer_emoteplayer_ncb_surface_four_binary_2026-08-27.md; analysis/motionplayer_coverage_status_reconciliation_2026-08-27.md; analysis/motionplayer_emoteplayer_primary_flow_raw_setters_four_binary_2026-08-27.md	Mapped to direct four-target IMPLEMENTED slices; runtime verification is tracked independently under MP-V	No task-local static gap; cross-category final audit reached its terminal disposition under MP-V15/MP-V16
MP-A25	setVariable/setCoord/setScale/setRotate/setColor/setOuterForce 兼容 callback	CLOSED_STATIC	MP-A16-EMOTEPLAYER-NCB-SURFACE; MP-L14-EMOTEPLAYER-PRIMARY-FLOW-RAW-SETTERS	analysis/motionplayer_emoteplayer_ncb_surface_four_binary_2026-08-27.md; analysis/motionplayer_coverage_status_reconciliation_2026-08-27.md; analysis/motionplayer_emoteplayer_primary_flow_raw_setters_four_binary_2026-08-27.md	Mapped to direct four-target IMPLEMENTED slices; runtime verification is tracked independently under MP-V	No task-local static gap; cross-category final audit reached its terminal disposition under MP-V15/MP-V16
MP-A26	motion/project/mask/mesh/outline/priorDraw 和时间/边界属性	CLOSED_STATIC	MP-A16-EMOTEPLAYER-NCB-SURFACE; MP-L14-EMOTEPLAYER-PLAYER-FACADE-PROPERTIES-METHODS	analysis/motionplayer_emoteplayer_ncb_surface_four_binary_2026-08-27.md; analysis/motionplayer_coverage_status_reconciliation_2026-08-27.md; analysis/motionplayer_emoteplayer_player_facade_properties_methods_four_binary_2026-08-27.md	Mapped to direct four-target IMPLEMENTED slices; runtime verification is tracked independently under MP-V	No task-local static gap; cross-category final audit reached its terminal disposition under MP-V15/MP-V16
MP-A27	camera offset、root modify、hair/parts/bust scale	CLOSED_STATIC	MP-A16-EMOTEPLAYER-NCB-SURFACE; MP-L14-EMOTEPLAYER-PLAYER-FACADE-PROPERTIES-METHODS	analysis/motionplayer_emoteplayer_ncb_surface_four_binary_2026-08-27.md; analysis/motionplayer_coverage_status_reconciliation_2026-08-27.md; analysis/motionplayer_emoteplayer_player_facade_properties_methods_four_binary_2026-08-27.md	Mapped to direct four-target IMPLEMENTED slices; runtime verification is tracked independently under MP-V	No task-local static gap; cross-category final audit reached its terminal disposition under MP-V15/MP-V16
MP-A28	debug/queuing/directEdit/selector 和 `variableKeys`	CLOSED_STATIC	MP-A16-EMOTEPLAYER-NCB-SURFACE; MP-L14-EMOTEPLAYER-SCALE-TRIGGER-VARIABLEKEYS-ANIMATING	analysis/motionplayer_emoteplayer_ncb_surface_four_binary_2026-08-27.md; analysis/motionplayer_coverage_status_reconciliation_2026-08-27.md; analysis/motionplayer_emoteplayer_scale_trigger_variablekeys_animating_four_binary_2026-08-27.md	Mapped to direct four-target IMPLEMENTED slices; runtime verification is tracked independently under MP-V	No task-local static gap; cross-category final audit reached its terminal disposition under MP-V15/MP-V16
MP-A29	controller、timeline、variable range/frame list、command list 后半表面	CLOSED_STATIC	MP-A16-EMOTEPLAYER-NCB-SURFACE; MP-L14-EMOTEPLAYER-TIMELINE-SELECTOR-QUERIES	analysis/motionplayer_emoteplayer_ncb_surface_four_binary_2026-08-27.md; analysis/motionplayer_coverage_status_reconciliation_2026-08-27.md; analysis/motionplayer_emoteplayer_timeline_selector_queries_four_binary_2026-08-27.md	Mapped to direct four-target IMPLEMENTED slices; runtime verification is tracked independently under MP-V	No task-local static gap; cross-category final audit reached its terminal disposition under MP-V15/MP-V16
MP-A30	`D3DEmotePlayer` 独立类层级、typed factory、clone 和原版故意保留的 TODO 行为	CLOSED_STATIC	MP-A30-D3DEMOTEPLAYER-SURFACE-FACTORY-CLONE-TODO	analysis/motionplayer_d3demoteplayer_surface_factory_clone_todo_four_binary_2026-08-27.md	Mapped to direct four-target IMPLEMENTED slices; runtime verification is tracked independently under MP-V	No task-local static gap; cross-category final audit reached its terminal disposition under MP-V15/MP-V16
MP-A31	D3DLayer、D3DImage、D3DPicture、DrawDeviceD3D 等相关 NCB 类表面	CLOSED_STATIC	MP-A31-DRAWDEVICED3D-SEVEN-CLASS-NCB-SURFACES	analysis/motionplayer_drawdevice_d3d_ncb_surfaces_four_binary_2026-08-27.md; analysis/motionplayer_d3demoteplayer_surface_factory_clone_todo_four_binary_2026-08-27.md; analysis/motionplayer_drawdevice_d3d_dependency_root_four_binary_2026-08-27.md	Mapped to direct four-target IMPLEMENTED slices; runtime verification is tracked independently under MP-V	No task-local static gap; cross-category final audit reached its terminal disposition under MP-V15/MP-V16
MP-A32	四端所有注册字符串、精确大小写、默认参数和绑定目标最终对账	CLOSED_STATIC	MP-A32-REGISTRATION-STRINGS-ARGUMENTS-BINDINGS	analysis/motionplayer_registration_strings_arguments_bindings_final_reconciliation_2026-08-27.md; analysis/motionplayer_ncb_equivalence_ledger_2026-08-27.md; analysis/motionplayer_drawdevice_d3d_ncb_surfaces_four_binary_2026-08-27.md; analysis/motionplayer_d3demoteplayer_surface_factory_clone_todo_four_binary_2026-08-27.md; analysis/motionplayer_emoteplayer_module_decrypt_root_four_binary_2026-08-27.md	Mapped to direct four-target IMPLEMENTED slices; runtime verification is tracked independently under MP-V	No task-local static gap; cross-category final audit reached its terminal disposition under MP-V15/MP-V16
MP-L01	`Player` 构造函数：成员初始化顺序、默认值、故意未初始化字段	CLOSED_STATIC	MP-C18-PLAYER-NATIVE-CTOR-DTOR-OWNER-LEDGER	analysis/motionplayer_player_native_ctor_dtor_owner_ledger_four_binary_2026-08-27.md	Mapped to direct four-target IMPLEMENTED slices; runtime verification is tracked independently under MP-V	No task-local static gap; cross-category final audit reached its terminal disposition under MP-V15/MP-V16
MP-L02	`Player` 普通析构：owner 逆序、容器析构、外部 listener/cache 解绑	CLOSED_STATIC	MP-C18-PLAYER-NATIVE-CTOR-DTOR-OWNER-LEDGER; MP-L11-MOTIONNODE-PREPARED-ITEM-LIFETIME	analysis/motionplayer_player_native_ctor_dtor_owner_ledger_four_binary_2026-08-27.md; analysis/motionplayer_motionnode_prepared_item_deque_lifetime_four_binary_2026-08-27.md	Mapped to direct four-target IMPLEMENTED slices; runtime verification is tracked independently under MP-V	No task-local static gap; cross-category final audit reached its terminal disposition under MP-V15/MP-V16
MP-L03	`Player` 构造失败：每个 publication frontier 的异常回滚	CLOSED_STATIC	MP-C18-PLAYER-NATIVE-CTOR-DTOR-OWNER-LEDGER; MP-L11-PLAYER-CTOR	analysis/motionplayer_player_native_ctor_dtor_owner_ledger_four_binary_2026-08-27.md; analysis/motionplayer_player_ncb_surface_and_constructor_four_binary_2026-08-26.md; analysis/motionplayer_coverage_status_reconciliation_2026-08-27.md	Mapped to direct four-target IMPLEMENTED slices; runtime verification is tracked independently under MP-V	No task-local static gap; cross-category final audit reached its terminal disposition under MP-V15/MP-V16
MP-L04	`Player` vtable、虚函数表面、deleting destructor 和可能的多继承 thunk	CLOSED_STATIC	MP-L04-PLAYER-NONPOLYMORPHIC-PAYLOAD-ADAPTOR-VTABLE	analysis/motionplayer_player_nonpolymorphic_payload_adaptor_vtable_four_binary_2026-08-27.md; analysis/motionplayer_player_native_ctor_dtor_owner_ledger_four_binary_2026-08-27.md; analysis/motionplayer_player_ncb_surface_and_constructor_four_binary_2026-08-26.md	Mapped to direct four-target IMPLEMENTED slices; runtime verification is tracked independently under MP-V	No task-local static gap; cross-category final audit reached its terminal disposition under MP-V15/MP-V16
MP-L05	`EmoteObject → EmoteEngine → Player` 完整 owner 链	CLOSED_STATIC	MP-L05-EMOTEOBJECT-ENGINE-PLAYER-OWNER-CHAIN	analysis/motionplayer_emoteobject_engine_player_owner_chain_four_binary_2026-08-27.md; analysis/motionplayer_player_native_ctor_dtor_owner_ledger_four_binary_2026-08-27.md; analysis/motionplayer_d3demoteplayer_surface_factory_clone_todo_four_binary_2026-08-27.md	Mapped to direct four-target IMPLEMENTED slices; runtime verification is tracked independently under MP-V	No task-local static gap; cross-category final audit reached its terminal disposition under MP-V15/MP-V16
MP-L06	`Motion.EmotePlayer` facade 与 `D3DEmotePlayer` shell 的不同 owner 拓扑	CLOSED_STATIC	MP-L06-EMOTEPLAYER-FACADE-VS-D3D-SHELL-TOPOLOGY	analysis/motionplayer_emoteplayer_facade_vs_d3d_shell_owner_topology_four_binary_2026-08-27.md; analysis/motionplayer_emoteobject_engine_player_owner_chain_four_binary_2026-08-27.md; analysis/motionplayer_emoteplayer_ncb_surface_four_binary_2026-08-27.md; analysis/motionplayer_d3demoteplayer_surface_factory_clone_todo_four_binary_2026-08-27.md	Mapped to direct four-target IMPLEMENTED slices; runtime verification is tracked independently under MP-V	No task-local static gap; cross-category final audit reached its terminal disposition under MP-V15/MP-V16
MP-L07	`EmoteEngine` 七个 direct-controller owner 的构造、替换和析构	CLOSED_STATIC	MP-L07-EMOTEENGINE-SEVEN-DIRECT-CONTROLLER-OWNERS	analysis/motionplayer_emoteengine_seven_direct_controller_owners_four_binary_2026-08-27.md; analysis/motionplayer_emoteobject_engine_player_owner_chain_four_binary_2026-08-27.md; analysis/motionplayer_emoteplayer_primary_flow_raw_setters_four_binary_2026-08-27.md; analysis/motionplayer_emoteplayer_timeline_selector_queries_four_binary_2026-08-27.md	Mapped to direct four-target IMPLEMENTED slices; runtime verification is tracked independently under MP-V	No task-local static gap; cross-category final audit reached its terminal disposition under MP-V15/MP-V16
MP-L08	controller 容器元素内部的 heap owner、borrowed resolver 和 publication 顺序	CLOSED_STATIC	MP-L08-CONTROLLER-CONTAINER-ELEMENT-OWNER-PUBLICATION	analysis/motionplayer_controller_container_element_owner_publication_four_binary_2026-08-27.md; analysis/motionplayer_emoteengine_seven_direct_controller_owners_four_binary_2026-08-27.md; analysis/motionplayer_emoteplayer_primary_flow_raw_setters_four_binary_2026-08-27.md; analysis/motionplayer_emoteplayer_timeline_selector_queries_four_binary_2026-08-27.md	Mapped to direct four-target IMPLEMENTED slices; runtime verification is tracked independently under MP-V	No task-local static gap; cross-category final audit reached its terminal disposition under MP-V15/MP-V16
MP-L09	`MotionNode` 的构造、浅/深复制、赋值、erase 和 type-3 child owner	CLOSED_STATIC	MP-C10-MOTIONNODE-ORDER; MP-C12-PLAYER-BUILD-NODE-TREE; MP-L11-MOTIONNODE-PREPARED-ITEM-LIFETIME	analysis/motionplayer_motionnode_source_order_four_binary_2026-08-27.md; analysis/motionplayer_player_build_node_tree_four_binary_2026-08-27.md; analysis/motionplayer_motionnode_prepared_item_deque_lifetime_four_binary_2026-08-27.md	Mapped to direct four-target IMPLEMENTED slices; runtime verification is tracked independently under MP-V	No task-local static gap; cross-category final audit reached its terminal disposition under MP-V15/MP-V16
MP-L10	`NodeTree` 新树构造、旧树退休、替换、遍历和失败回滚	CLOSED_STATIC	MP-C12-PLAYER-BUILD-NODE-TREE; MP-L11-MOTIONNODE-PREPARED-ITEM-LIFETIME	analysis/motionplayer_player_build_node_tree_four_binary_2026-08-27.md; analysis/motionplayer_motionnode_prepared_item_deque_lifetime_four_binary_2026-08-27.md	Mapped to direct four-target IMPLEMENTED slices; runtime verification is tracked independently under MP-V	No task-local static gap; cross-category final audit reached its terminal disposition under MP-V15/MP-V16
MP-L11	`ResourceManager`、`SourceCache`、`ObjSource` 的 owner/cache/raw holder 关系	CLOSED_STATIC	MP-A13-RESOURCEMANAGER-NCB-SURFACE; MP-L12-SOURCECACHE-LOAD-CLEAR-BUFLAYER; MP-L12-OBJSOURCE-GETTERS-DRAW-TEXTURE; MP-L13-RESOURCE-FINDMOTION-DISPATCH-ARRAY; MP-L13-RESOURCE-FINDSOURCE-BLANK-OBJSOURCE	analysis/motionplayer_resourcemanager_ncb_surface_four_binary_2026-08-27.md; analysis/motionplayer_coverage_status_reconciliation_2026-08-27.md; analysis/motionplayer_sourcecache_load_clear_buflayer_four_binary_2026-08-27.md; analysis/motionplayer_objsource_getters_clip_draw_decode_texture_lifetime_four_binary_2026-08-27.md; analysis/motionplayer_resourcemanager_find_motion_dispatch_array_owner_four_binary_2026-08-27.md; analysis/motionplayer_resourcemanager_find_source_blank_objsource_owner_four_binary_2026-08-27.md	Mapped to direct four-target IMPLEMENTED slices; runtime verification is tracked independently under MP-V	No task-local static gap; cross-category final audit reached its terminal disposition under MP-V15/MP-V16
MP-L12	`SeparateLayerAdaptor` 的 target owner、pass 状态和 teardown	CLOSED_STATIC	MP-L11-SLA-ORDERED-MAP-LIFECYCLE; MP-L11-SLA-ASSIGN-INNER; MP-L11-SLA-CLEAR-DTOR; MP-L11-SLA-TARGET-LAYER-PROPERTY	analysis/motionplayer_separate_layer_ordered_map_resolvers_four_binary_2026-08-27.md; analysis/motionplayer_separate_layer_assign_four_binary_2026-08-27.md; analysis/motionplayer_separate_layer_clear_destructor_four_binary_2026-08-27.md; analysis/motionplayer_separate_layer_target_layer_property_four_binary_2026-08-27.md	Mapped to direct four-target IMPLEMENTED slices; runtime verification is tracked independently under MP-V	No task-local static gap; cross-category final audit reached its terminal disposition under MP-V15/MP-V16
MP-L13	D3D adaptor、D3D layer listener、texture map 和 managed set 生命周期	CLOSED_STATIC	MP-L13-D3D-ADAPTOR-LISTENER-TEXTURE-MANAGED-LIFECYCLE	analysis/motionplayer_d3d_adaptor_listener_texture_managed_lifecycle_four_binary_2026-08-27.md; analysis/motionplayer_d3dadaptor_lifecycle_clear_four_binary_2026-08-27.md; analysis/motionplayer_d3d_source_getter_texture_map_insert_four_binary_2026-08-27.md; analysis/motionplayer_drawdevice_d3d_dependency_root_four_binary_2026-08-27.md; analysis/motionplayer_d3demoteplayer_surface_factory_clone_todo_four_binary_2026-08-27.md	Mapped to direct four-target IMPLEMENTED slices; runtime verification is tracked independently under MP-V	No task-local static gap; cross-category final audit reached its terminal disposition under MP-V15/MP-V16
MP-L14	clone/serialize/unserialize/assignState 的临时 owner 和部分提交边界	CLOSED_STATIC	MP-L14-STATE-CLONE-SERIALIZE-RESTORE-PARTIAL-COMMIT	analysis/motionplayer_state_clone_serialize_restore_partial_commit_four_binary_2026-08-27.md; analysis/motionplayer_emoteplayer_primary_flow_raw_setters_four_binary_2026-08-27.md; analysis/motionplayer_emoteobject_engine_player_owner_chain_four_binary_2026-08-27.md; analysis/motionplayer_d3demoteplayer_surface_factory_clone_todo_four_binary_2026-08-27.md	Mapped to direct four-target IMPLEMENTED slices; runtime verification is tracked independently under MP-V	No task-local static gap; cross-category final audit reached its terminal disposition under MP-V15/MP-V16
MP-L15	global RNG、static method cache、texture cache、registrar/static guard 的生命周期	CLOSED_STATIC	MP-L15-GLOBAL-STATIC-CACHE-RNG-GUARD-LIFECYCLE	analysis/motionplayer_global_static_cache_rng_guard_lifecycle_four_binary_2026-08-27.md; analysis/motionplayer_private_opengl_manager_d3d_render_envelope_four_binary_2026-08-27.md; analysis/motionplayer_d3dadaptor_lifecycle_clear_four_binary_2026-08-27.md; analysis/motionplayer_player_direct_sla_and_private_layer_four_binary_2026-08-27.md; analysis/motionplayer_private_gll_class_draw_gpu_four_binary_2026-08-27.md; analysis/motionplayer_d3d_deep_renderer_batch_stencil_four_binary_2026-08-27.md; analysis/motionplayer_motion_alpha_mask_d3d_available_four_binary_2026-08-27.md; analysis/motionplayer_bezier_basis_tessellation_four_binary_2026-08-27.md; analysis/motionplayer_module_loader_plugins_autoload_registered_set_four_binary_2026-08-27.md; analysis/motionplayer_emoteplayer_module_decrypt_root_four_binary_2026-08-27.md	Mapped to direct four-target IMPLEMENTED slices; runtime verification is tracked independently under MP-V	No task-local static gap; cross-category final audit reached its terminal disposition under MP-V15/MP-V16
MP-L16	AddRef/Release、TJS native instance、borrowed pointer 与 deleting destructor 总审计	CLOSED_STATIC	MP-L16-ADDREF-RELEASE-NATIVE-INSTANCE-BORROWED-DELETING-DTOR	analysis/motionplayer_addref_release_native_instance_borrowed_deleting_destructor_total_audit_four_binary_2026-08-27.md; analysis/motionplayer_player_nonpolymorphic_payload_adaptor_vtable_four_binary_2026-08-27.md; analysis/motionplayer_emoteobject_engine_player_owner_chain_four_binary_2026-08-27.md; analysis/motionplayer_drawdevice_d3d_dependency_root_four_binary_2026-08-27.md; analysis/motionplayer_d3d_adaptor_listener_texture_managed_lifecycle_four_binary_2026-08-27.md; analysis/motionplayer_d3d_mesh_submit_repeat_cells_four_binary_2026-08-27.md	Mapped to direct four-target IMPLEMENTED slices; runtime verification is tracked independently under MP-V	No task-local static gap; cross-category final audit reached its terminal disposition under MP-V15/MP-V16
MP-C01	`Player` node 容器、node-index 辅助结构和遍历顺序	CLOSED_STATIC	MP-C10-PLAYER-NODE-DEQUE; MP-C10-MOTIONNODE-ORDER; MP-C12-PLAYER-BUILD-NODE-TREE	analysis/motionplayer_layergetter_player_producers_and_borrowed_lifetime_four_binary_2026-08-26.md; analysis/motionplayer_coverage_status_reconciliation_2026-08-27.md; analysis/motionplayer_motionnode_source_order_four_binary_2026-08-27.md; analysis/motionplayer_player_build_node_tree_four_binary_2026-08-27.md	Mapped to direct four-target IMPLEMENTED slices; runtime verification is tracked independently under MP-V	No task-local static gap; cross-category final audit reached its terminal disposition under MP-V15/MP-V16
MP-C02	`Player` variable、parameter、range 和 frame-list 容器	CLOSED_STATIC	MP-C11-PLAYER-PARAMETER-TABLE-PIPELINE; MP-C13-PLAYER-INIT-VARIABLES; MP-C31-PLAYER-VARIABLE-BINDER; MP-L14-EMOTEPLAYER-TIMELINE-SELECTOR-QUERIES	analysis/motionplayer_player_parameter_table_pipeline_four_binary_2026-08-27.md; analysis/motionplayer_player_init_variables_four_binary_2026-08-27.md; analysis/motionplayer_player_variable_binder_dataflow_four_binary_2026-08-27.md; analysis/motionplayer_emoteplayer_primary_flow_raw_setters_four_binary_2026-08-27.md; analysis/motionplayer_emoteplayer_timeline_selector_queries_four_binary_2026-08-27.md	Mapped to direct four-target IMPLEMENTED slices; runtime verification is tracked independently under MP-V	No task-local static gap; cross-category final audit reached its terminal disposition under MP-V15/MP-V16
MP-C03	timeline/track/cursor/play-log/state-map 容器	CLOSED_STATIC	MP-C03-TIMELINE-TRACK-CURSOR-PLAYLOG-STATE-MAP-CONTAINERS	analysis/motionplayer_timeline_track_cursor_playlog_state_map_containers_four_binary_2026-08-27.md; analysis/motionplayer_emoteplayer_timeline_selector_queries_four_binary_2026-08-27.md; analysis/motionplayer_emoteplayer_primary_flow_raw_setters_four_binary_2026-08-27.md; analysis/motionplayer_state_clone_serialize_restore_partial_commit_four_binary_2026-08-27.md; analysis/motionplayer_emoteplayer_scale_trigger_variablekeys_animating_four_binary_2026-08-27.md	Mapped to direct four-target IMPLEMENTED slices; runtime verification is tracked independently under MP-V	No task-local static gap; cross-category final audit reached its terminal disposition under MP-V15/MP-V16
MP-C04	pending callback、action、sync、child-event 队列	CLOSED_STATIC	MP-C32-PLAYER-FRAME-PROGRESS-EVENTS	analysis/motionplayer_player_frame_progress_events_four_binary_2026-08-27.md; analysis/motionplayer_player_play_progress_raw_four_binary_2026-08-26.md; analysis/motionplayer_player_update_layers_dispatcher_four_binary_2026-08-27.md; analysis/motionplayer_player_calc_bounds_four_binary_2026-08-27.md	Mapped to direct four-target IMPLEMENTED slices; runtime verification is tracked independently under MP-V	No task-local static gap; cross-category final audit reached its terminal disposition under MP-V15/MP-V16
MP-C05	particle、emitter、join/retired-child 容器	CLOSED_STATIC	MP-C25-PLAYER-MOTION-SUB-PHASE; MP-C26-PLAYER-PARTICLE-EMITTER-PHASE; MP-C27-PLAYER-PARTICLE-SYSTEM-PHASE	analysis/motionplayer_player_motion_sub_phase_four_binary_2026-08-27.md; analysis/motionplayer_player_particle_emitter_phase_four_binary_2026-08-27.md; analysis/motionplayer_player_particle_system_phase_four_binary_2026-08-27.md	Mapped to direct four-target IMPLEMENTED slices; runtime verification is tracked independently under MP-V	No task-local static gap; cross-category final audit reached its terminal disposition under MP-V15/MP-V16
MP-C06	angle/var/loop controller 的 deque/vector 元素类型	CLOSED_STATIC	MP-L07-EMOTEENGINE-SEVEN-DIRECT-CONTROLLER-OWNERS; MP-L08-CONTROLLER-CONTAINER-ELEMENT-OWNER-PUBLICATION	analysis/motionplayer_emoteengine_seven_direct_controller_owners_four_binary_2026-08-27.md; analysis/motionplayer_emoteobject_engine_player_owner_chain_four_binary_2026-08-27.md; analysis/motionplayer_emoteplayer_primary_flow_raw_setters_four_binary_2026-08-27.md; analysis/motionplayer_emoteplayer_timeline_selector_queries_four_binary_2026-08-27.md; analysis/motionplayer_controller_container_element_owner_publication_four_binary_2026-08-27.md	Mapped to direct four-target IMPLEMENTED slices; runtime verification is tracked independently under MP-V	No task-local static gap; cross-category final audit reached its terminal disposition under MP-V15/MP-V16
MP-C07	eye/eyebrow/mouth 的 primary/secondary track 容器	CLOSED_STATIC	MP-L08-CONTROLLER-CONTAINER-ELEMENT-OWNER-PUBLICATION	analysis/motionplayer_controller_container_element_owner_publication_four_binary_2026-08-27.md; analysis/motionplayer_emoteengine_seven_direct_controller_owners_four_binary_2026-08-27.md; analysis/motionplayer_emoteplayer_primary_flow_raw_setters_four_binary_2026-08-27.md; analysis/motionplayer_emoteplayer_timeline_selector_queries_four_binary_2026-08-27.md	Mapped to direct four-target IMPLEMENTED slices; runtime verification is tracked independently under MP-V	No task-local static gap; cross-category final audit reached its terminal disposition under MP-V15/MP-V16
MP-C08	selector、transition、spring、bust/hair/parts/wind 容器	CLOSED_STATIC	MP-C08-SELECTOR-TRANSITION-SPRING-BUST-HAIR-PARTS-WIND-CONTAINERS	analysis/motionplayer_selector_transition_spring_bust_hair_parts_wind_containers_four_binary_2026-08-27.md; analysis/motionplayer_controller_container_element_owner_publication_four_binary_2026-08-27.md; analysis/motionplayer_emoteengine_seven_direct_controller_owners_four_binary_2026-08-27.md; analysis/motionplayer_emoteplayer_primary_flow_raw_setters_four_binary_2026-08-27.md; analysis/motionplayer_emoteplayer_timeline_selector_queries_four_binary_2026-08-27.md; analysis/motionplayer_global_static_cache_rng_guard_lifecycle_four_binary_2026-08-27.md	Mapped to direct four-target IMPLEMENTED slices; runtime verification is tracked independently under MP-V	No task-local static gap; cross-category final audit reached its terminal disposition under MP-V15/MP-V16
MP-C09	prepared render item、render command、target 和 triangle batch 容器	CLOSED_STATIC	MP-G11-PLAYER-APPEND-PREPARED-ITEMS; MP-G11-PLAYER-BUILD-COMMANDS; MP-R14-D3D-DEEP-BATCH-STENCIL	analysis/motionplayer_player_append_prepared_render_items_four_binary_2026-08-27.md; analysis/motionplayer_build_render_commands_four_binary_2026-08-27.md; analysis/motionplayer_d3d_deep_renderer_batch_stencil_four_binary_2026-08-27.md	Mapped to direct four-target IMPLEMENTED slices; runtime verification is tracked independently under MP-V	No task-local static gap; cross-category final audit reached its terminal disposition under MP-V15/MP-V16
MP-C10	`ResourceManager` motion/source/layer-id 容器	CLOSED_STATIC	MP-C13-RESOURCE-LAYER-ID-SET; MP-C13-RESOURCE-UNLOAD-SINGLE-NODE; MP-C13-RESOURCE-UNLOADALL-MAP-CLEAR; MP-D13-RESOURCE-LOAD-CACHE-VALIDATE-DISPATCH	analysis/motionplayer_resourcemanager_layer_id_set_four_binary_2026-08-27.md; analysis/motionplayer_resourcemanager_unload_single_node_four_binary_2026-08-27.md; analysis/motionplayer_resourcemanager_unload_all_map_clear_four_binary_2026-08-27.md; analysis/motionplayer_resourcemanager_load_cache_validate_dispatch_four_binary_2026-08-27.md	Mapped to direct four-target IMPLEMENTED slices; runtime verification is tracked independently under MP-V	No task-local static gap; cross-category final audit reached its terminal disposition under MP-V15/MP-V16
MP-C11	`SourceCache` path/source/texture/atlas cache 容器	CLOSED_STATIC	MP-L12-SOURCECACHE-LOAD-CLEAR-BUFLAYER; MP-C30-PLAYER-KRKR-ATLAS-IMAGEPACKER; MP-R14-D3D-SOURCE-GETTER-MAP-INSERT	analysis/motionplayer_sourcecache_load_clear_buflayer_four_binary_2026-08-27.md; analysis/motionplayer_krkr_atlas_imagepacker_four_binary_2026-08-27.md; analysis/motionplayer_player_find_source_for_node_four_binary_2026-08-27.md; analysis/motionplayer_d3d_source_getter_texture_map_insert_four_binary_2026-08-27.md	Mapped to direct four-target IMPLEMENTED slices; runtime verification is tracked independently under MP-V	No task-local static gap; cross-category final audit reached its terminal disposition under MP-V15/MP-V16
MP-C12	D3D texture/background/caption/listener/manager 容器	CLOSED_STATIC	MP-C12-D3D-TEXTURE-BACKGROUND-CAPTION-LISTENER-MANAGER-CONTAINERS	analysis/motionplayer_d3d_texture_background_caption_listener_manager_containers_four_binary_2026-08-27.md; analysis/motionplayer_d3dadaptor_simple_state_map_clear_four_binary_2026-08-27.md; analysis/motionplayer_d3d_source_getter_texture_map_insert_four_binary_2026-08-27.md; analysis/motionplayer_d3d_adaptor_listener_texture_managed_lifecycle_four_binary_2026-08-27.md; analysis/motionplayer_drawdevice_d3d_dependency_root_four_binary_2026-08-27.md	Mapped to direct four-target IMPLEMENTED slices; runtime verification is tracked independently under MP-V	No task-local static gap; cross-category final audit reached its terminal disposition under MP-V15/MP-V16
MP-C13	TJS Array/Dictionary 创建、items 获取、push/erase 和 owner handoff	CLOSED_STATIC	MP-C10-TJS-ARRAY-ITEMS; MP-A10-LAYERGETTER-ARRAYS; MP-L10-LAYERGETTER-ARRAY-EH	analysis/motionplayer_tjs_array_dictionary_exception_frontiers_four_binary_2026-08-27.md; analysis/motionplayer_layergetter_array_container_getters_four_binary_2026-08-26.md; analysis/motionplayer_coverage_status_reconciliation_2026-08-27.md; analysis/motionplayer_layergetter_quad_exception_frontiers_four_binary_2026-08-27.md; analysis/motionplayer_layergetter_vtx_dictionary_owner_four_binary_2026-08-26.md	Mapped to direct four-target IMPLEMENTED slices; runtime verification is tracked independently under MP-V	No task-local static gap; cross-category final audit reached its terminal disposition under MP-V15/MP-V16
MP-C14	`ttstr` hash/equality、null 与 allocated-empty key、duplicate-key 行为	CLOSED_STATIC	MP-C14-TTSTR-HASH-EQUALITY-KEY-BOUNDARIES	analysis/motionplayer_ttstr_hash_equality_key_boundaries_four_binary_2026-08-27.md	Mapped to direct four-target IMPLEMENTED slices; runtime verification is tracked independently under MP-V	No task-local static gap; cross-category final audit reached its terminal disposition under MP-V15/MP-V16
MP-C15	所有容器的 empty、duplicate、erase、迭代器失效、分配异常和部分提交审计	CLOSED_STATIC	MP-C15-ALL-CONTAINER-BOUNDARY-AUDIT	analysis/motionplayer_all_container_boundary_audit_four_binary_2026-08-27.md	Mapped to direct four-target IMPLEMENTED slices; runtime verification is tracked independently under MP-V	No task-local static gap; cross-category final audit reached its terminal disposition under MP-V15/MP-V16
MP-C16	Android libstdc++ 与 iOS libc++ 展开的差异归因，反推共同源码容器选型	CLOSED_STATIC	MP-C16-STL-CONTAINER-SOURCE-ATTRIBUTION	analysis/motionplayer_stl_container_source_attribution_four_binary_2026-08-27.md	Mapped to direct four-target IMPLEMENTED slices; runtime verification is tracked independently under MP-V	No task-local static gap; cross-category final audit reached its terminal disposition under MP-V15/MP-V16
MP-D01	storage 输入、placed path、project/motion key 和规范化规则	CLOSED_STATIC	MP-D13-RESOURCE-LOAD-CACHE-VALIDATE-DISPATCH; MP-C13-RESOURCE-UNLOAD-SINGLE-NODE; MP-D13-RESOURCE-ISEXISTMOTION-DIRECT-SCAN	analysis/motionplayer_resourcemanager_load_cache_validate_dispatch_four_binary_2026-08-27.md; analysis/motionplayer_resourcemanager_unload_single_node_four_binary_2026-08-27.md; analysis/motionplayer_resourcemanager_is_exist_motion_direct_fallback_scan_four_binary_2026-08-27.md	Mapped to direct four-target IMPLEMENTED slices; runtime verification is tracked independently under MP-V	No task-local static gap; cross-category final audit reached its terminal disposition under MP-V15/MP-V16
MP-D02	`ResourceManager::load/unload/unloadAll` 的完整状态转换	CLOSED_STATIC	MP-D13-RESOURCE-LOAD-CACHE-VALIDATE-DISPATCH; MP-C13-RESOURCE-UNLOAD-SINGLE-NODE; MP-C13-RESOURCE-UNLOADALL-MAP-CLEAR	analysis/motionplayer_resourcemanager_load_cache_validate_dispatch_four_binary_2026-08-27.md; analysis/motionplayer_resourcemanager_unload_single_node_four_binary_2026-08-27.md; analysis/motionplayer_resourcemanager_unload_all_map_clear_four_binary_2026-08-27.md	Mapped to direct four-target IMPLEMENTED slices; runtime verification is tracked independently under MP-V	No task-local static gap; cross-category final audit reached its terminal disposition under MP-V15/MP-V16
MP-D03	`findMotion` 的查询、fallback、结果 Variant 与 receiver	CLOSED_STATIC	MP-D13-RESOURCE-ISEXISTMOTION-DIRECT-SCAN; MP-L13-RESOURCE-FINDMOTION-DISPATCH-ARRAY	analysis/motionplayer_resourcemanager_is_exist_motion_direct_fallback_scan_four_binary_2026-08-27.md; analysis/motionplayer_resourcemanager_find_motion_dispatch_array_owner_four_binary_2026-08-27.md	Mapped to direct four-target IMPLEMENTED slices; runtime verification is tracked independently under MP-V	No task-local static gap; cross-category final audit reached its terminal disposition under MP-V15/MP-V16
MP-D04	`findSource` 的直接路径、fallback accessor、context 和部分提交	CLOSED_STATIC	MP-L13-RESOURCE-FINDSOURCE-BLANK-OBJSOURCE; MP-C19-PLAYER-FIND-SOURCE-FOR-NODE	analysis/motionplayer_resourcemanager_find_source_blank_objsource_owner_four_binary_2026-08-27.md; analysis/motionplayer_player_find_source_for_node_four_binary_2026-08-27.md; analysis/motionplayer_krkr_atlas_imagepacker_four_binary_2026-08-27.md	Mapped to direct four-target IMPLEMENTED slices; runtime verification is tracked independently under MP-V	No task-local static gap; cross-category final audit reached its terminal disposition under MP-V15/MP-V16
MP-D05	PSB/MTN 输入、filter/decrypt、raw-node 借用指针和 buffer 生命周期	CLOSED_STATIC	MP-D05-PSB-MTN-DECRYPT-RAW-NODE-BUFFER-LIFETIME	analysis/motionplayer_psb_mtn_decrypt_raw_node_buffer_lifetime_four_binary_2026-08-28.md	Mapped to direct four-target IMPLEMENTED slices; runtime verification is tracked independently under MP-V	No task-local static gap; cross-category final audit reached its terminal disposition under MP-V15/MP-V16
MP-D06	PSB metadata 读取的 mask gate、默认值、类型转换和错误状态	CLOSED_STATIC	MP-C29-PLAYER-UPDATE-LAYERS-PHASE1-PHASE2; MP-C32-PLAYER-FRAME-PROGRESS-EVENTS	analysis/motionplayer_player_update_layers_phase1_phase2_four_binary_2026-08-27.md; analysis/motionplayer_player_frame_progress_events_four_binary_2026-08-27.md; analysis/motionplayer_player_play_progress_raw_four_binary_2026-08-26.md; analysis/motionplayer_player_update_layers_dispatcher_four_binary_2026-08-27.md; analysis/motionplayer_player_calc_bounds_four_binary_2026-08-27.md	Mapped to direct four-target IMPLEMENTED slices; runtime verification is tracked independently under MP-V	No task-local static gap; cross-category final audit reached its terminal disposition under MP-V15/MP-V16
MP-D07	source descriptor、path snapshot、source-state 的构造/复制/析构	CLOSED_STATIC	MP-C19-PLAYER-FIND-SOURCE-FOR-NODE; MP-G11-PLAYER-APPEND-PREPARED-ITEMS	analysis/motionplayer_player_find_source_for_node_four_binary_2026-08-27.md; analysis/motionplayer_krkr_atlas_imagepacker_four_binary_2026-08-27.md; analysis/motionplayer_player_append_prepared_render_items_four_binary_2026-08-27.md	Mapped to direct four-target IMPLEMENTED slices; runtime verification is tracked independently under MP-V	No task-local static gap; cross-category final audit reached its terminal disposition under MP-V15/MP-V16
MP-D08	image format、palette、R/B 交换、atlas 和 texture materialization	CLOSED_STATIC	MP-C30-PLAYER-KRKR-ATLAS-IMAGEPACKER; MP-L12-OBJSOURCE-GETTERS-DRAW-TEXTURE	analysis/motionplayer_krkr_atlas_imagepacker_four_binary_2026-08-27.md; analysis/motionplayer_player_find_source_for_node_four_binary_2026-08-27.md; analysis/motionplayer_d3d_source_getter_texture_map_insert_four_binary_2026-08-27.md; analysis/motionplayer_objsource_getters_clip_draw_decode_texture_lifetime_four_binary_2026-08-27.md	Mapped to direct four-target IMPLEMENTED slices; runtime verification is tracked independently under MP-V	No task-local static gap; cross-category final audit reached its terminal disposition under MP-V15/MP-V16
MP-D09	source cache key、颜色/尺寸维度、命中与失效规则	CLOSED_STATIC	MP-L12-SOURCECACHE-LOAD-CLEAR-BUFLAYER; MP-R14-D3D-SOURCE-GETTER-MAP-INSERT	analysis/motionplayer_sourcecache_load_clear_buflayer_four_binary_2026-08-27.md; analysis/motionplayer_d3d_source_getter_texture_map_insert_four_binary_2026-08-27.md	Mapped to direct four-target IMPLEMENTED slices; runtime verification is tracked independently under MP-V	No task-local static gap; cross-category final audit reached its terminal disposition under MP-V15/MP-V16
MP-D10	raw motion → variable/timeline/node builders 的入口与 owner 传递	CLOSED_STATIC	MP-C11-PLAYER-PARAMETER-TABLE-PIPELINE; MP-C12-PLAYER-BUILD-NODE-TREE; MP-C13-PLAYER-INIT-VARIABLES	analysis/motionplayer_player_parameter_table_pipeline_four_binary_2026-08-27.md; analysis/motionplayer_player_build_node_tree_four_binary_2026-08-27.md; analysis/motionplayer_player_init_variables_four_binary_2026-08-27.md	Mapped to direct four-target IMPLEMENTED slices; runtime verification is tracked independently under MP-V	No task-local static gap; cross-category final audit reached its terminal disposition under MP-V15/MP-V16
MP-D11	node tree build 的逐节点 publication、旧树退休和异常回滚	CLOSED_STATIC	MP-C12-PLAYER-BUILD-NODE-TREE; MP-L11-MOTIONNODE-PREPARED-ITEM-LIFETIME	analysis/motionplayer_player_build_node_tree_four_binary_2026-08-27.md; analysis/motionplayer_motionnode_prepared_item_deque_lifetime_four_binary_2026-08-27.md	Mapped to direct four-target IMPLEMENTED slices; runtime verification is tracked independently under MP-V	No task-local static gap; cross-category final audit reached its terminal disposition under MP-V15/MP-V16
MP-D12	reload/clear/unload 与仍在使用的 node/render source 之间的边界	CLOSED_STATIC	MP-D12-RELOAD-CLEAR-UNLOAD-LIVE-NODE-RENDER-SOURCE	analysis/motionplayer_reload_clear_unload_live_node_render_source_boundary_four_binary_2026-08-28.md	Mapped to direct four-target IMPLEMENTED slices; runtime verification is tracked independently under MP-V	No task-local static gap; cross-category final audit reached its terminal disposition under MP-V15/MP-V16
MP-D13	layer-id require/release 的后缀、重复、溢出和无效输入行为	CLOSED_STATIC	MP-C13-RESOURCE-LAYER-ID-SET	analysis/motionplayer_resourcemanager_layer_id_set_four_binary_2026-08-27.md	Mapped to direct four-target IMPLEMENTED slices; runtime verification is tracked independently under MP-V	No task-local static gap; cross-category final audit reached its terminal disposition under MP-V15/MP-V16
MP-R01	`setMotion`、`setChara` 和 stealth pending/live 槽状态机	CLOSED_STATIC	MP-D11-PLAYER-MOTION-PROP-ROUTE; MP-D11-PLAYER-PLAYBACK-STATE-MACHINE	analysis/motionplayer_player_chara_motion_properties_four_binary_2026-08-26.md; analysis/motionplayer_player_playback_state_machine_four_binary_2026-08-27.md	Mapped to direct four-target IMPLEMENTED slices; runtime verification is tracked independently under MP-V	No task-local static gap; cross-category final audit reached its terminal disposition under MP-V15/MP-V16
MP-R02	`load → play → stop → clear` 的完整主调用链	CLOSED_STATIC	MP-D11-PLAYER-PLAYBACK-STATE-MACHINE; MP-D11-PLAYER-CLEAR; MP-A11-PLAYER-STOP-SYNC	analysis/motionplayer_player_playback_state_machine_four_binary_2026-08-27.md; analysis/motionplayer_player_clear_four_binary_2026-08-26.md; analysis/motionplayer_player_leaf_methods_four_binary_2026-08-26.md; analysis/motionplayer_coverage_status_reconciliation_2026-08-27.md	Mapped to direct four-target IMPLEMENTED slices; runtime verification is tracked independently under MP-V	No task-local static gap; cross-category final audit reached its terminal disposition under MP-V15/MP-V16
MP-R03	`frameProgress` 的时间采样、speed、loop、lastTime 和 sync 状态	CLOSED_STATIC	MP-C32-PLAYER-FRAME-PROGRESS-EVENTS; MP-A11-PLAYER-TIME	analysis/motionplayer_player_frame_progress_events_four_binary_2026-08-27.md; analysis/motionplayer_player_play_progress_raw_four_binary_2026-08-26.md; analysis/motionplayer_player_update_layers_dispatcher_four_binary_2026-08-27.md; analysis/motionplayer_player_calc_bounds_four_binary_2026-08-27.md; analysis/motionplayer_player_time_properties_four_binary_2026-08-26.md; analysis/motionplayer_coverage_status_reconciliation_2026-08-27.md	Mapped to direct four-target IMPLEMENTED slices; runtime verification is tracked independently under MP-V	No task-local static gap; cross-category final audit reached its terminal disposition under MP-V15/MP-V16
MP-R04	ordinary/stealth play 的查找、发布、递归和失败前缀	CLOSED_STATIC	MP-D11-PLAYER-PLAYBACK-STATE-MACHINE; MP-C25-PLAYER-MOTION-SUB-PHASE	analysis/motionplayer_player_playback_state_machine_four_binary_2026-08-27.md; analysis/motionplayer_player_motion_sub_phase_four_binary_2026-08-27.md	Mapped to direct four-target IMPLEMENTED slices; runtime verification is tracked independently under MP-V	No task-local static gap; cross-category final audit reached its terminal disposition under MP-V15/MP-V16
MP-R05	variable-list 和 parameter 初始化	CLOSED_STATIC	MP-C11-PLAYER-PARAMETER-TABLE-PIPELINE; MP-C13-PLAYER-INIT-VARIABLES	analysis/motionplayer_player_parameter_table_pipeline_four_binary_2026-08-27.md; analysis/motionplayer_player_init_variables_four_binary_2026-08-27.md	Mapped to direct four-target IMPLEMENTED slices; runtime verification is tracked independently under MP-V	No task-local static gap; cross-category final audit reached its terminal disposition under MP-V15/MP-V16
MP-R06	variable setter/getter/range/frame-list 脚本边界	CLOSED_STATIC	MP-A11-PLAYER-SETVARIABLE-RAW; MP-C11-PLAYER-GETVARIABLE; MP-C11-PLAYER-VARIABLE-KEYS; MP-L14-EMOTEPLAYER-TIMELINE-SELECTOR-QUERIES	analysis/motionplayer_player_variable_root_layernames_four_binary_2026-08-26.md; analysis/motionplayer_player_variable_binder_dataflow_four_binary_2026-08-27.md; analysis/motionplayer_coverage_status_reconciliation_2026-08-27.md; analysis/motionplayer_tjs_array_dictionary_exception_frontiers_four_binary_2026-08-27.md; analysis/motionplayer_player_variable_keys_four_binary_2026-08-26.md; analysis/motionplayer_emoteplayer_timeline_selector_queries_four_binary_2026-08-27.md	Mapped to direct four-target IMPLEMENTED slices; runtime verification is tracked independently under MP-V	No task-local static gap; cross-category final audit reached its terminal disposition under MP-V15/MP-V16
MP-R07	variable track 的 absolute reseed、incremental step 和 merge	CLOSED_STATIC	MP-C31-PLAYER-VARIABLE-BINDER; MP-C32-PLAYER-FRAME-PROGRESS-EVENTS	analysis/motionplayer_player_variable_binder_dataflow_four_binary_2026-08-27.md; analysis/motionplayer_player_parameter_table_pipeline_four_binary_2026-08-27.md; analysis/motionplayer_emoteplayer_primary_flow_raw_setters_four_binary_2026-08-27.md; analysis/motionplayer_player_frame_progress_events_four_binary_2026-08-27.md; analysis/motionplayer_player_play_progress_raw_four_binary_2026-08-26.md; analysis/motionplayer_player_update_layers_dispatcher_four_binary_2026-08-27.md; analysis/motionplayer_player_calc_bounds_four_binary_2026-08-27.md	Mapped to direct four-target IMPLEMENTED slices; runtime verification is tracked independently under MP-V	No task-local static gap; cross-category final audit reached its terminal disposition under MP-V15/MP-V16
MP-R08	timeline 构造、label/index 查询和初始化 commit	CLOSED_STATIC	MP-D11-PLAYER-PLAYBACK-STATE-MACHINE; MP-C32-PLAYER-FRAME-PROGRESS-EVENTS; MP-L14-EMOTEPLAYER-TIMELINE-SELECTOR-QUERIES	analysis/motionplayer_player_playback_state_machine_four_binary_2026-08-27.md; analysis/motionplayer_player_frame_progress_events_four_binary_2026-08-27.md; analysis/motionplayer_player_play_progress_raw_four_binary_2026-08-26.md; analysis/motionplayer_player_update_layers_dispatcher_four_binary_2026-08-27.md; analysis/motionplayer_player_calc_bounds_four_binary_2026-08-27.md; analysis/motionplayer_emoteplayer_timeline_selector_queries_four_binary_2026-08-27.md	Mapped to direct four-target IMPLEMENTED slices; runtime verification is tracked independently under MP-V	No task-local static gap; cross-category final audit reached its terminal disposition under MP-V15/MP-V16
MP-R09	timeline play/seek/pass/fade/stop/cursor 状态机	CLOSED_STATIC	MP-C32-PLAYER-FRAME-PROGRESS-EVENTS; MP-L14-EMOTEPLAYER-TIMELINE-SELECTOR-QUERIES	analysis/motionplayer_player_frame_progress_events_four_binary_2026-08-27.md; analysis/motionplayer_player_play_progress_raw_four_binary_2026-08-26.md; analysis/motionplayer_player_update_layers_dispatcher_four_binary_2026-08-27.md; analysis/motionplayer_player_calc_bounds_four_binary_2026-08-27.md; analysis/motionplayer_emoteplayer_timeline_selector_queries_four_binary_2026-08-27.md	Mapped to direct four-target IMPLEMENTED slices; runtime verification is tracked independently under MP-V	No task-local static gap; cross-category final audit reached its terminal disposition under MP-V15/MP-V16
MP-R10	timeline 与 variable/opacity/transform payload 的求值边界	CLOSED_STATIC	MP-C29-PLAYER-UPDATE-LAYERS-PHASE1-PHASE2; MP-C32-PLAYER-FRAME-PROGRESS-EVENTS	analysis/motionplayer_player_update_layers_phase1_phase2_four_binary_2026-08-27.md; analysis/motionplayer_player_frame_progress_events_four_binary_2026-08-27.md; analysis/motionplayer_player_play_progress_raw_four_binary_2026-08-26.md; analysis/motionplayer_player_update_layers_dispatcher_four_binary_2026-08-27.md; analysis/motionplayer_player_calc_bounds_four_binary_2026-08-27.md	Mapped to direct four-target IMPLEMENTED slices; runtime verification is tracked independently under MP-V	No task-local static gap; cross-category final audit reached its terminal disposition under MP-V15/MP-V16
MP-R11	angle、var、loop controller 的构造、step、reset 和完成判定	CLOSED_STATIC	MP-R11-ANGLE-VAR-LOOP-CONTROLLER-RUNTIME	analysis/motionplayer_angle_var_loop_controller_runtime_four_binary_2026-08-27.md	Mapped to direct four-target IMPLEMENTED slices; runtime verification is tracked independently under MP-V	No task-local static gap; cross-category final audit reached its terminal disposition under MP-V15/MP-V16
MP-R12	blink/eyebrow/mouth controller 的 track、RNG 和 overshoot 行为	CLOSED_STATIC	MP-R12-BLINK-EYEBROW-MOUTH-TRACK-RNG-OVERSHOOT	analysis/motionplayer_blink_eyebrow_mouth_track_rng_overshoot_four_binary_2026-08-27.md	Mapped to direct four-target IMPLEMENTED slices; runtime verification is tracked independently under MP-V	No task-local static gap; cross-category final audit reached its terminal disposition under MP-V15/MP-V16
MP-R13	selector/transition 的借用关系、索引转换和持久状态	CLOSED_STATIC	MP-R13-SELECTOR-TRANSITION-BORROW-INDEX-PERSISTENCE	analysis/motionplayer_selector_transition_borrow_index_persistence_four_binary_2026-08-27.md	Mapped to direct four-target IMPLEMENTED slices; runtime verification is tracked independently under MP-V	No task-local static gap; cross-category final audit reached its terminal disposition under MP-V15/MP-V16
MP-R14	spring、bust、hair、parts scale 和外力状态	CLOSED_STATIC	MP-R14-SPRING-SCALE-OUTER-FORCE-RUNTIME	analysis/motionplayer_spring_scale_outer_force_runtime_four_binary_2026-08-27.md	Mapped to direct four-target IMPLEMENTED slices; runtime verification is tracked independently under MP-V	No task-local static gap; cross-category final audit reached its terminal disposition under MP-V15/MP-V16
MP-R15	wind emitter、MT19937、宽度差异和停止条件	CLOSED_STATIC	MP-R15-WIND-MT19937-WIDTH-STOP-RUNTIME	analysis/motionplayer_wind_mt19937_width_stop_runtime_four_binary_2026-08-28.md	Mapped to direct four-target IMPLEMENTED slices; runtime verification is tracked independently under MP-V	No task-local static gap; cross-category final audit reached its terminal disposition under MP-V15/MP-V16
MP-R16	child-motion type-3 bridge、pending callback 合并和失效	CLOSED_STATIC	MP-C25-PLAYER-MOTION-SUB-PHASE	analysis/motionplayer_player_motion_sub_phase_four_binary_2026-08-27.md	Mapped to direct four-target IMPLEMENTED slices; runtime verification is tracked independently under MP-V	No task-local static gap; cross-category final audit reached its terminal disposition under MP-V15/MP-V16
MP-R17	action/sync/ground-correction 回调队列、顺序和重入	CLOSED_STATIC	MP-C32-PLAYER-FRAME-PROGRESS-EVENTS	analysis/motionplayer_player_frame_progress_events_four_binary_2026-08-27.md; analysis/motionplayer_player_play_progress_raw_four_binary_2026-08-26.md; analysis/motionplayer_player_update_layers_dispatcher_four_binary_2026-08-27.md; analysis/motionplayer_player_calc_bounds_four_binary_2026-08-27.md	Mapped to direct four-target IMPLEMENTED slices; runtime verification is tracked independently under MP-V	No task-local static gap; cross-category final audit reached its terminal disposition under MP-V15/MP-V16
MP-R18	particle source、spawn、count trigger、child opacity 和回收	CLOSED_STATIC	MP-C26-PLAYER-PARTICLE-EMITTER-PHASE; MP-C27-PLAYER-PARTICLE-SYSTEM-PHASE	analysis/motionplayer_player_particle_emitter_phase_four_binary_2026-08-27.md; analysis/motionplayer_player_particle_system_phase_four_binary_2026-08-27.md	Mapped to direct four-target IMPLEMENTED slices; runtime verification is tracked independently under MP-V	No task-local static gap; cross-category final audit reached its terminal disposition under MP-V15/MP-V16
MP-R19	camera target/position/FOV/alive、camera offset 和 velocity	CLOSED_STATIC	MP-C21-PLAYER-CAMERA-CONSTRAINT-PHASE; MP-C23-PLAYER-CAMERA-NODE-PHASE; MP-A11-PLAYER-CAMERA-OFFSETS	analysis/motionplayer_player_camera_constraint_phase_four_binary_2026-08-27.md; analysis/motionplayer_player_camera_node_phase_four_binary_2026-08-27.md; analysis/motionplayer_tjs_array_dictionary_exception_frontiers_four_binary_2026-08-27.md; analysis/motionplayer_player_leaf_methods_four_binary_2026-08-26.md	Mapped to direct four-target IMPLEMENTED slices; runtime verification is tracked independently under MP-V	No task-local static gap; cross-category final audit reached its terminal disposition under MP-V15/MP-V16
MP-R20	root transform、visible、opacity、flip、slant、zoom 和 coordinate	CLOSED_STATIC	MP-A11-PLAYER-ROOT-COORD-ANGLE; MP-A11-PLAYER-ROOT-FLAGS; MP-C29-PLAYER-UPDATE-LAYERS-PHASE1-PHASE2	analysis/motionplayer_player_root_coord_angle_four_binary_2026-08-26.md; analysis/motionplayer_player_root_flip_opacity_visible_slant_zoom_four_binary_2026-08-26.md; analysis/motionplayer_coverage_status_reconciliation_2026-08-27.md; analysis/motionplayer_player_update_layers_phase1_phase2_four_binary_2026-08-27.md	Mapped to direct four-target IMPLEMENTED slices; runtime verification is tracked independently under MP-V	No task-local static gap; cross-category final audit reached its terminal disposition under MP-V15/MP-V16
MP-R21	state serialize/restore、clone 和 incomplete-state 边界	CLOSED_STATIC	MP-L14-STATE-CLONE-SERIALIZE-RESTORE-PARTIAL-COMMIT	analysis/motionplayer_state_clone_serialize_restore_partial_commit_four_binary_2026-08-27.md; analysis/motionplayer_emoteplayer_primary_flow_raw_setters_four_binary_2026-08-27.md; analysis/motionplayer_emoteobject_engine_player_owner_chain_four_binary_2026-08-27.md; analysis/motionplayer_d3demoteplayer_surface_factory_clone_todo_four_binary_2026-08-27.md	Mapped to direct four-target IMPLEMENTED slices; runtime verification is tracked independently under MP-V	No task-local static gap; cross-category final audit reached its terminal disposition under MP-V15/MP-V16
MP-G01	`updateLayers` dispatcher 的精确阶段顺序、早退和状态 reset	CLOSED_STATIC	MP-C15-PLAYER-UPDATE-LAYERS-DISPATCHER	analysis/motionplayer_player_update_layers_dispatcher_four_binary_2026-08-27.md	Mapped to direct four-target IMPLEMENTED slices; runtime verification is tracked independently under MP-V	No task-local static gap; cross-category final audit reached its terminal disposition under MP-V15/MP-V16
MP-G02	phase 1：raw node/property/frame 求值	CLOSED_STATIC	MP-C29-PLAYER-UPDATE-LAYERS-PHASE1-PHASE2	analysis/motionplayer_player_update_layers_phase1_phase2_four_binary_2026-08-27.md	Mapped to direct four-target IMPLEMENTED slices; runtime verification is tracked independently under MP-V	No task-local static gap; cross-category final audit reached its terminal disposition under MP-V15/MP-V16
MP-G03	phase 2：父子传播、join、active/retired tree 处理	CLOSED_STATIC	MP-C29-PLAYER-UPDATE-LAYERS-PHASE1-PHASE2; MP-C25-PLAYER-MOTION-SUB-PHASE	analysis/motionplayer_player_update_layers_phase1_phase2_four_binary_2026-08-27.md; analysis/motionplayer_player_motion_sub_phase_four_binary_2026-08-27.md	Mapped to direct four-target IMPLEMENTED slices; runtime verification is tracked independently under MP-V	No task-local static gap; cross-category final audit reached its terminal disposition under MP-V15/MP-V16
MP-G04	phase 3：camera constraint 和 camera node	CLOSED_STATIC	MP-C21-PLAYER-CAMERA-CONSTRAINT-PHASE; MP-C23-PLAYER-CAMERA-NODE-PHASE	analysis/motionplayer_player_camera_constraint_phase_four_binary_2026-08-27.md; analysis/motionplayer_player_camera_node_phase_four_binary_2026-08-27.md	Mapped to direct four-target IMPLEMENTED slices; runtime verification is tracked independently under MP-V	No task-local static gap; cross-category final audit reached its terminal disposition under MP-V15/MP-V16
MP-G05	phase 3：root/owner/primary/local transform 组合顺序	CLOSED_STATIC	MP-C29-PLAYER-UPDATE-LAYERS-PHASE1-PHASE2	analysis/motionplayer_player_update_layers_phase1_phase2_four_binary_2026-08-27.md	Mapped to direct four-target IMPLEMENTED slices; runtime verification is tracked independently under MP-V	No task-local static gap; cross-category final audit reached its terminal disposition under MP-V15/MP-V16
MP-G06	phase 3：anchor feedback 和尺寸反馈	CLOSED_STATIC	MP-C28-PLAYER-ANCHOR-NODE-PHASE	analysis/motionplayer_player_anchor_node_phase_four_binary_2026-08-27.md	Mapped to direct four-target IMPLEMENTED slices; runtime verification is tracked independently under MP-V	No task-local static gap; cross-category final audit reached its terminal disposition under MP-V15/MP-V16
MP-G07	phase 3：particle/emitter 更新	CLOSED_STATIC	MP-C26-PLAYER-PARTICLE-EMITTER-PHASE; MP-C27-PLAYER-PARTICLE-SYSTEM-PHASE	analysis/motionplayer_player_particle_emitter_phase_four_binary_2026-08-27.md; analysis/motionplayer_player_particle_system_phase_four_binary_2026-08-27.md	Mapped to direct four-target IMPLEMENTED slices; runtime verification is tracked independently under MP-V	No task-local static gap; cross-category final audit reached its terminal disposition under MP-V15/MP-V16
MP-G08	mesh point、vertex mesh 和 ancestor deformation	CLOSED_STATIC	MP-C20-PLAYER-VERTEX-MESH-PHASE	analysis/motionplayer_player_vertex_mesh_phase_four_binary_2026-08-27.md	Mapped to direct four-target IMPLEMENTED slices; runtime verification is tracked independently under MP-V	No task-local static gap; cross-category final audit reached its terminal disposition under MP-V15/MP-V16
MP-G09	Bezier basis、patch tessellation、bounds 和 reverse calculation	CLOSED_STATIC	MP-R14-BEZIER-BASIS-TESSELLATION; MP-G10-BEZIERPATCH-METHODS-INVERSE; MP-C17-PLAYER-CALC-BOUNDS	analysis/motionplayer_bezier_basis_tessellation_four_binary_2026-08-27.md; analysis/motionplayer_bezierpatch_methods_geometry_inverse_four_binary_2026-08-27.md; analysis/motionplayer_player_calc_bounds_four_binary_2026-08-27.md	Mapped to direct four-target IMPLEMENTED slices; runtime verification is tracked independently under MP-V	No task-local static gap; cross-category final audit reached its terminal disposition under MP-V15/MP-V16
MP-G10	shape、AABB、circle/rect/quad 和 `contains`	CLOSED_STATIC	MP-C16-PLAYER-SHAPE-AABB; MP-C24-PLAYER-SHAPE-GEOMETRY-PHASE; MP-B03-GEOMETRY-CONTAINS	analysis/motionplayer_player_shape_aabb_four_binary_2026-08-27.md; analysis/motionplayer_player_shape_geometry_phase_four_binary_2026-08-27.md; analysis/motionplayer_geometry_contains_boundary_four_binary_2026-08-26.md	Mapped to direct four-target IMPLEMENTED slices; runtime verification is tracked independently under MP-V	No task-local static gap; cross-category final audit reached its terminal disposition under MP-V15/MP-V16
MP-G11	clip、mask、stencil、opacity、color-weight 和可见性裁剪	CLOSED_STATIC	MP-D10-MOTION-ALPHA-MASK-D3D-AVAILABLE; MP-G11-PLAYER-BUILD-COMMANDS; MP-R14-D3D-DEEP-BATCH-STENCIL; MP-C22-MOTIONNODE-VISIBLE-ANCESTOR-POINTER	analysis/motionplayer_motion_alpha_mask_d3d_available_four_binary_2026-08-27.md; analysis/motionplayer_build_render_commands_four_binary_2026-08-27.md; analysis/motionplayer_d3d_deep_renderer_batch_stencil_four_binary_2026-08-27.md; analysis/motionplayer_visible_ancestor_pointer_pipeline_four_binary_2026-08-27.md	Mapped to direct four-target IMPLEMENTED slices; runtime verification is tracked independently under MP-V	No task-local static gap; cross-category final audit reached its terminal disposition under MP-V15/MP-V16
MP-G12	`calcBounds` 的各 node type、child 和 particle 分支	CLOSED_STATIC	MP-C17-PLAYER-CALC-BOUNDS	analysis/motionplayer_player_calc_bounds_four_binary_2026-08-27.md	Mapped to direct four-target IMPLEMENTED slices; runtime verification is tracked independently under MP-V	No task-local static gap; cross-category final audit reached its terminal disposition under MP-V15/MP-V16
MP-G13	prepared render item 的构造、优先级、duplicate 和 stencil 关系	CLOSED_STATIC	MP-G11-PLAYER-APPEND-PREPARED-ITEMS; MP-L11-MOTIONNODE-PREPARED-ITEM-LIFETIME	analysis/motionplayer_player_append_prepared_render_items_four_binary_2026-08-27.md; analysis/motionplayer_motionnode_prepared_item_deque_lifetime_four_binary_2026-08-27.md	Mapped to direct four-target IMPLEMENTED slices; runtime verification is tracked independently under MP-V	No task-local static gap; cross-category final audit reached its terminal disposition under MP-V15/MP-V16
MP-G14	render command list 的生成、排序、target 和 clip	CLOSED_STATIC	MP-G11-PLAYER-PREPARE-SORT-WRAPPER; MP-G11-PLAYER-BUILD-COMMANDS; MP-G11-PLAYER-COMPOSED-GROUP-PRODUCER	analysis/motionplayer_player_prepare_render_items_wrapper_sort_four_binary_2026-08-27.md; analysis/motionplayer_build_render_commands_four_binary_2026-08-27.md	Mapped to direct four-target IMPLEMENTED slices; runtime verification is tracked independently under MP-V	No task-local static gap; cross-category final audit reached its terminal disposition under MP-V15/MP-V16
MP-G15	render source 查找、texture key、cache 命中和 materialization	CLOSED_STATIC	MP-C19-PLAYER-FIND-SOURCE-FOR-NODE; MP-C30-PLAYER-KRKR-ATLAS-IMAGEPACKER; MP-R14-D3D-SOURCE-GETTER-MAP-INSERT	analysis/motionplayer_player_find_source_for_node_four_binary_2026-08-27.md; analysis/motionplayer_krkr_atlas_imagepacker_four_binary_2026-08-27.md; analysis/motionplayer_d3d_source_getter_texture_map_insert_four_binary_2026-08-27.md	Mapped to direct four-target IMPLEMENTED slices; runtime verification is tracked independently under MP-V	No task-local static gap; cross-category final audit reached its terminal disposition under MP-V15/MP-V16
MP-G16	primary layer target 的按需创建和发布	CLOSED_STATIC	MP-L11-PLAYER-INTERNAL-LAYER-MATERIALIZE; MP-L11-SHARED-LAYER-FACTORY	analysis/motionplayer_internal_render_layer_materializer_four_binary_2026-08-27.md; analysis/motionplayer_shared_layer_factory_four_binary_2026-08-27.md	Mapped to direct four-target IMPLEMENTED slices; runtime verification is tracked independently under MP-V	No task-local static gap; cross-category final audit reached its terminal disposition under MP-V15/MP-V16
MP-G17	Separate Layer Adaptor 的 accurate/non-accurate 两条路径	CLOSED_STATIC	MP-G11-PLAYER-DIRECT-SLA; MP-G11-PLAYER-ACCURATE-SLA; MP-G11-PLAYER-ACCURATE-SLA-POST; MP-L11-SLA-PRIVATE-GLL-ENSURE; MP-C33-PRIVATE-GLL-CLASS-DRAW	analysis/motionplayer_player_direct_sla_and_private_layer_four_binary_2026-08-27.md; analysis/motionplayer_private_gll_command_builder_four_binary_2026-08-27.md; analysis/motionplayer_accurate_sla_renderer_four_binary_2026-08-27.md; analysis/motionplayer_accurate_sla_post_draw_four_binary_2026-08-27.md; analysis/motionplayer_private_gll_class_draw_gpu_four_binary_2026-08-27.md; analysis/motionplayer_private_opengl_manager_d3d_render_envelope_four_binary_2026-08-27.md; analysis/motionplayer_d3d_mesh_submit_repeat_cells_four_binary_2026-08-27.md; analysis/motionplayer_bezier_basis_tessellation_four_binary_2026-08-27.md	Mapped to direct four-target IMPLEMENTED slices; runtime verification is tracked independently under MP-V	No task-local static gap; cross-category final audit reached its terminal disposition under MP-V15/MP-V16
MP-G18	D3D adaptor target、texture map、canvas capture 和清理	CLOSED_STATIC	MP-A14-D3DADAPTOR-NCB-SURFACE; MP-D14-D3DADAPTOR-CAPTURE-CANVAS; MP-C14-D3DADAPTOR-SIMPLE-STATE-CLEAR; MP-L14-D3DADAPTOR-LIFECYCLE	analysis/motionplayer_d3dadaptor_ncb_surface_four_binary_2026-08-27.md; analysis/motionplayer_coverage_status_reconciliation_2026-08-27.md; analysis/motionplayer_d3dadaptor_capture_canvas_four_binary_2026-08-27.md; analysis/motionplayer_d3dadaptor_simple_state_map_clear_four_binary_2026-08-27.md; analysis/motionplayer_d3dadaptor_lifecycle_clear_four_binary_2026-08-27.md	Mapped to direct four-target IMPLEMENTED slices; runtime verification is tracked independently under MP-V	No task-local static gap; cross-category final audit reached its terminal disposition under MP-V15/MP-V16
MP-G19	software/GL backend 的 mesh、Bezier、texture 和 blend 调用	CLOSED_STATIC	MP-R14-D3D-DEEP-BATCH-STENCIL; MP-R14-D3D-MESH-SUBMIT-CELLS; MP-R14-BEZIER-BASIS-TESSELLATION; MP-C33-PRIVATE-GLL-CLASS-DRAW	analysis/motionplayer_d3d_deep_renderer_batch_stencil_four_binary_2026-08-27.md; analysis/motionplayer_d3d_mesh_submit_repeat_cells_four_binary_2026-08-27.md; analysis/motionplayer_bezier_basis_tessellation_four_binary_2026-08-27.md; analysis/motionplayer_private_gll_class_draw_gpu_four_binary_2026-08-27.md; analysis/motionplayer_private_gll_command_builder_four_binary_2026-08-27.md; analysis/motionplayer_private_opengl_manager_d3d_render_envelope_four_binary_2026-08-27.md	Mapped to direct four-target IMPLEMENTED slices; runtime verification is tracked independently under MP-V	No task-local static gap; cross-category final audit reached its terminal disposition under MP-V15/MP-V16
MP-G20	stencil composite、alpha mask、clear target 和缓存方法	CLOSED_STATIC	MP-D10-MOTION-ALPHA-MASK-D3D-AVAILABLE; MP-R14-D3D-DEEP-BATCH-STENCIL; MP-G11-PLAYER-COMPOSED-GROUP-PRODUCER	analysis/motionplayer_motion_alpha_mask_d3d_available_four_binary_2026-08-27.md; analysis/motionplayer_d3d_deep_renderer_batch_stencil_four_binary_2026-08-27.md; analysis/motionplayer_build_render_commands_four_binary_2026-08-27.md	Mapped to direct four-target IMPLEMENTED slices; runtime verification is tracked independently under MP-V	No task-local static gap; cross-category final audit reached its terminal disposition under MP-V15/MP-V16
MP-G21	canvas submit、post-draw update、retired item 和异常清理	CLOSED_STATIC	MP-G11-PLAYER-CANVAS-ENVELOPE; MP-G11-PLAYER-CANVAS-ITEM-EXECUTOR; MP-G11-PLAYER-ORDINARY-POST-DRAW; MP-G11-PLAYER-ACCURATE-SLA-POST	analysis/motionplayer_canvas_coordinator_envelope_four_binary_2026-08-27.md; analysis/motionplayer_canvas_item_executor_four_binary_2026-08-27.md; analysis/motionplayer_ordinary_post_draw_assign_images_four_binary_2026-08-27.md; analysis/motionplayer_accurate_sla_post_draw_four_binary_2026-08-27.md	Mapped to direct four-target IMPLEMENTED slices; runtime verification is tracked independently under MP-V	No task-local static gap; cross-category final audit reached its terminal disposition under MP-V15/MP-V16
MP-G22	完整坐标链：PSB → ownerLayer → primaryLayer → paintBox → screen	CLOSED_STATIC	MP-G22-FULL-COORDINATE-CHAIN-PSB-OWNER-PRIMARY-PAINTBOX-SCREEN	analysis/motionplayer_full_coordinate_chain_psb_owner_primary_paintbox_screen_four_binary_2026-08-28.md	Mapped to direct four-target IMPLEMENTED slices; runtime verification is tracked independently under MP-V	No task-local static gap; cross-category final audit reached its terminal disposition under MP-V15/MP-V16
MP-G23	Web/Cocos 与参考渲染栈之间不可避免的平台边界	CLOSED_STATIC	MP-G23-WEB-COCOS-REFERENCE-RENDER-PLATFORM-BOUNDARIES	analysis/motionplayer_web_cocos_render_platform_boundaries_four_binary_2026-08-28.md	Mapped to direct four-target IMPLEMENTED slices; runtime verification is tracked independently under MP-V	No task-local static gap; cross-category final audit reached its terminal disposition under MP-V15/MP-V16
MP-G24	一帧完整调用链与数据产品快照：input state → final draw calls	CLOSED_STATIC	MP-G24-ONE-FRAME-INPUT-STATE-TO-FINAL-DRAW-PRODUCTS	analysis/motionplayer_one_frame_input_state_to_final_draw_products_four_binary_2026-08-28.md	Mapped to direct four-target IMPLEMENTED slices; runtime verification is tracked independently under MP-V	No task-local static gap; cross-category final audit reached its terminal disposition under MP-V15/MP-V16
MP-B01	Null、Void、缺失属性、失败 TJS status 和非对象 Variant	CLOSED_STATIC	MP-B01-NULL-VOID-MISSING-STATUS-NONOBJECT-BOUNDARY	analysis/motionplayer_null_void_missing_status_nonobject_boundary_four_binary_2026-08-28.md	Mapped to direct four-target IMPLEMENTED slices; runtime verification is tracked independently under MP-V	No task-local static gap; cross-category final audit reached its terminal disposition under MP-V15/MP-V16
MP-B02	空容器、单元素、重复元素、负索引、末端索引和超大 count	CLOSED_STATIC	MP-B02-EMPTY-SINGLE-DUPLICATE-NEGATIVE-END-HUGE-COUNT	analysis/motionplayer_empty_single_duplicate_negative_end_huge_count_boundary_four_binary_2026-08-28.md	Mapped to direct four-target IMPLEMENTED slices; runtime verification is tracked independently under MP-V	No task-local static gap; cross-category final audit reached its terminal disposition under MP-V15/MP-V16
MP-B03	NaN、±Inf、`-0.0`、subnormal、除零和 unordered compare	CLOSED_STATIC	MP-B03-NAN-INF-NEGATIVEZERO-SUBNORMAL-DIVZERO-UNORDERED	analysis/motionplayer_nan_inf_negative_zero_subnormal_divzero_unordered_four_binary_2026-08-28.md	Mapped to direct four-target IMPLEMENTED slices; runtime verification is tracked independently under MP-V	No task-local static gap; cross-category final audit reached its terminal disposition under MP-V15/MP-V16
MP-B04	float/double → signed/unsigned int 的饱和、截断、wrap 和舍入	CLOSED_STATIC	MP-B04-FP-INTEGER-SATURATION-TRUNCATION-WRAP-ROUNDING	analysis/motionplayer_fp_to_integer_saturation_truncation_wrap_rounding_four_binary_2026-08-28.md	Mapped to direct four-target IMPLEMENTED slices; runtime verification is tracked independently under MP-V	No task-local static gap; cross-category final audit reached its terminal disposition under MP-V15/MP-V16
MP-B05	字符串 null、allocated-empty、大小写、UTF-16LE 截断和 hash	CLOSED_STATIC	MP-B05-STRING-NULL-ALLOCATED-EMPTY-CASE-UTF16-NUL-HASH	analysis/motionplayer_string_null_allocated_empty_case_utf16_nul_hash_four_binary_2026-08-28.md	Mapped to a direct four-target IMPLEMENTED slice; added an embedded-NUL regression without asserting indeterminate lowercase tail bytes	No task-local static gap; runtime verification is tracked independently under MP-V
MP-B06	异常发生在每个 setter/store/push/publication 之间时的部分提交	CLOSED_STATIC	MP-B06-EXCEPTION-SETTER-STORE-PUSH-PUBLICATION-PARTIAL-COMMIT	analysis/motionplayer_exception_setter_store_push_publication_partial_commit_four_binary_2026-08-28.md	Mapped to direct four-target IMPLEMENTED slices; runtime verification is tracked independently under MP-V	No task-local static gap; cross-category final audit reached its terminal disposition under MP-V15/MP-V16
MP-B07	callback 重入导致 owner clear、容器增长或对象替换	CLOSED_STATIC	MP-B07-CALLBACK-REENTRY-OWNER-CLEAR-CONTAINER-GROWTH-OBJECT-REPLACEMENT	analysis/motionplayer_callback_reentry_owner_clear_container_growth_object_replacement_four_binary_2026-08-28.md	Mapped to direct four-target IMPLEMENTED slices; runtime verification is tracked independently under MP-V	No task-local static gap; cross-category final audit reached its terminal disposition under MP-V15/MP-V16
MP-B08	alias 输出、同一对象作多个参数、borrowed reference 失效	CLOSED_STATIC	MP-B08-ALIAS-OUTPUTS-SAME-OBJECT-MULTIPLE-ARGS-BORROWED-INVALIDATION	analysis/motionplayer_alias_outputs_same_object_multiple_arguments_borrowed_invalidation_four_binary_2026-08-28.md	Mapped to direct four-target IMPLEMENTED slices; runtime verification is tracked independently under MP-V	No task-local static gap; cross-category final audit reached its terminal disposition under MP-V15/MP-V16
MP-B09	static guard、全局 cache、RNG 和首次初始化并发	CLOSED_STATIC	MP-L15-GLOBAL-STATIC-CACHE-RNG-GUARD-LIFECYCLE	analysis/motionplayer_global_static_cache_rng_guard_lifecycle_four_binary_2026-08-27.md; analysis/motionplayer_private_opengl_manager_d3d_render_envelope_four_binary_2026-08-27.md; analysis/motionplayer_d3dadaptor_lifecycle_clear_four_binary_2026-08-27.md; analysis/motionplayer_player_direct_sla_and_private_layer_four_binary_2026-08-27.md; analysis/motionplayer_private_gll_class_draw_gpu_four_binary_2026-08-27.md; analysis/motionplayer_d3d_deep_renderer_batch_stencil_four_binary_2026-08-27.md; analysis/motionplayer_motion_alpha_mask_d3d_available_four_binary_2026-08-27.md; analysis/motionplayer_bezier_basis_tessellation_four_binary_2026-08-27.md; analysis/motionplayer_module_loader_plugins_autoload_registered_set_four_binary_2026-08-27.md; analysis/motionplayer_emoteplayer_module_decrypt_root_four_binary_2026-08-27.md	Mapped to direct four-target IMPLEMENTED slices; runtime verification is tracked independently under MP-V	No task-local static gap; cross-category final audit reached its terminal disposition under MP-V15/MP-V16
MP-B10	构造失败、析构重入、double release、zero-ref 和删除 thunk	CLOSED_STATIC	MP-L16-ADDREF-RELEASE-NATIVE-INSTANCE-BORROWED-DELETING-DTOR	analysis/motionplayer_addref_release_native_instance_borrowed_deleting_destructor_total_audit_four_binary_2026-08-27.md; analysis/motionplayer_player_nonpolymorphic_payload_adaptor_vtable_four_binary_2026-08-27.md; analysis/motionplayer_emoteobject_engine_player_owner_chain_four_binary_2026-08-27.md; analysis/motionplayer_drawdevice_d3d_dependency_root_four_binary_2026-08-27.md; analysis/motionplayer_d3d_adaptor_listener_texture_managed_lifecycle_four_binary_2026-08-27.md; analysis/motionplayer_d3d_mesh_submit_repeat_cells_four_binary_2026-08-27.md	Mapped to direct four-target IMPLEMENTED slices; runtime verification is tracked independently under MP-V	No task-local static gap; cross-category final audit reached its terminal disposition under MP-V15/MP-V16
MP-B11	Android/iOS、arm64/armv7 的差异分类：平台、ABI、STL、编译器或未知	CLOSED_STATIC	MP-B11-ANDROID-IOS-ARM64-ARMV7-DIFFERENCE-CLASSIFICATION	analysis/motionplayer_android_ios_arm64_armv7_difference_classification_four_binary_2026-08-28.md	Mapped to direct four-target IMPLEMENTED and explicit PLATFORM_BOUNDARY slices; no task-local UNKNOWN difference remains	No task-local unexplained difference; cross-category final audit reached its terminal disposition under MP-V15/MP-V16
MP-B12	dead value、no-op AddRef/Release、未初始化局部和 inactive tail 复刻审计	CLOSED_STATIC	MP-B12-DEAD-VALUE-NOOP-REFCOUNT-UNINITIALIZED-INACTIVE-TAIL	analysis/motionplayer_dead_value_noop_refcount_uninitialized_inactive_tail_four_binary_2026-08-28.md	Fresh four-target audit of 72 ranges and 23727 complete instructions; production matched; undefined residue is intentionally not frozen into a test oracle; 72 IDB anchors, four bookmarks, and four saved IDBs	No task-local static gap; runtime/final acceptance reached terminal dispositions under MP-V03..MP-V16
MP-V01	给每个已闭合纵切面映射现有 unit test	VERIFIED	MP-V01-VERTICAL-SLICE-EXISTING-UNIT-TEST-MAP	analysis/motionplayer_vertical_slice_existing_unit_test_map_2026-08-28.md; analysis/motionplayer_vertical_test_matrix.tsv	Reproducible generator mapped all 127 closed vertical tasks and 294 task-slice associations to 190 runtime-test rows, two compile-time-contract rows, or 102 explicit no-existing-test rows	No MP-V01 mapping gap; explicit no-test rows are the MP-V02 denominator
MP-V02	只用现有 fixture 补可表达的正常/边界测试；没有物料时记录验证缺口，不从零捏造 fixture	VERIFIED	MP-V02-EXISTING-FIXTURE-SUPPLEMENT-DECISIONS	analysis/motionplayer_existing_fixture_supplement_decisions_2026-08-28.md; analysis/motionplayer_fixture_decisions.tsv	All 102 MP-V01 no-test associations and 55 unique slices have an existing-material decision: 91 reused, five mapped to one added geometry test, two failure-injection gaps, two static-only observations, one local platform regression, and one trace differential	No MP-V02 classification gap; MP-V04 is verified and the unavailable external Android executions are terminal evidence blockers under MP-V03 and MP-V05
MP-V03	几何、Bezier、position、hit-test 的 Wasmtime/ADB 差分	EVIDENCE_BLOCKED	MP-V03-SCALAR-WASMTIME-CLI-21-OF-21; MP-V03-ADB-EVIDENCE-BLOCKED	analysis/motionplayer_geometry_bezier_position_hit_test_wasmtime_adb_differential_2026-08-28.md; analysis/motionplayer_v03_differential_results.tsv	Fresh current-source Emscripten 6.0.8 builds executed through independent Wasmtime CLI 31.0.0: geometry/hit-test 10/10, Bezier 6/6, and position 5/5 exactly matched the existing expectations; a 2026-08-29 audit again found no local adb/emulator/Docker, APK, or prebuilt harness and no CI scalar-ADB lane	Terminal EVIDENCE_BLOCKED disposition: current ADB return values are unavailable until an arm64 device/emulator plus the existing harness APK is supplied; no historical result is promoted to PASS
MP-V04	motion playback 的 native/ADB/Wasmtime trace 差分	VERIFIED	MP-V04-ADB-ORACLE-88-FRAMES; MP-V04-WASMTIME-88-FRAMES; MP-V04-NATIVE-88-FRAMES	analysis/motionplayer_motion_playback_native_adb_wasmtime_trace_differential_2026-08-28.md; analysis/motionplayer_v04_trace_artifacts.tsv	The hash-pinned 15 Hz fixtures now pass all three lanes: reference Android ADB oracle, current-worktree Wasmtime, and freshly rebuilt macOS native LLDB; m2logo 25/25 and yuzulogo 63/63 pass independent normalized comparators in both port lanes	No MP-V04 playback-trace gap; 88 frames and 2418 flattened layer snapshots were checked per current lane
MP-V05	render-stage、draw-dispatch、render-step trace 差分	EVIDENCE_BLOCKED	MP-V05-WASMTIME-RENDER-STAGE-15HZ; MP-V05-ANDROID-1.3.9-RENDER-OFFSETS-UNREBASED	analysis/motionplayer_render_stage_draw_dispatch_render_step_trace_differential_2026-08-28.md; analysis/motionplayer_v05_render_trace_status.tsv	Current-worktree Wasmtime 15 Hz render capture is complete: 88 trace frames, 1472 stage events, and 176 decoded 1920x1080 PNGs pass manifest/schema/frame/hash audits. Current Kirikiroid2 1.3.9 Android agent intentionally exposes only trace_flatten; run 33206772913 confirms render_path requests fail closed because retained hook offsets belong to retired 1.4.4	Terminal EVIDENCE_BLOCKED disposition: independently rebase the required render-stage offsets to Kirikiroid2 1.3.9 before re-enabling Android render artifacts and paired render-step/draw-dispatch comparison. Active CI keeps Wasmtime diagnostics but pairs only supported trace_flatten; do not call the current draw path PASS
MP-V06	Web Debug 配置与构建	VERIFIED	MP-V06-WEB-DEBUG-FORMAL-BUILD	analysis/motionplayer_web_debug_build_2026-08-28.md; analysis/motionplayer_v06_web_build_products.tsv	CMake Web Debug Config completed a full current-worktree compile and final link; all five fixed products exist and have freshly recorded sizes and SHA-256 digests	No MP-V06 build gap
MP-V07	motionplayer 相关 unit-test TU 和运行时检查	VERIFIED	MP-V07-NATIVE-FULL; MP-V07-TTSTR-HASH	analysis/motionplayer_v07_v08_native_runtime_diagnostics_2026-08-28.md; analysis/motionplayer_v07_v08_native_runtime_status.tsv; analysis/motionplayer_runtime_reconciliation_four_binary_2026-08-28.md; analysis/motionplayer_v09_v15_crosscutting_final_audit_2026-08-28.md	Fresh final macOS native runs: declared order has 357 test cases, 356 passed and one expected headless-OpenGL skip with all 23259 assertions passed; the previously failing random seed 2862347432 also passes all 23260 assertions. The fully rebuilt ttstr hash suite passes 23 cases and 150 assertions	No MP-V07 runtime gap; the one skip requires the application's live OpenGL context and is an explicit platform integration boundary
MP-V08	`git diff --check`、诊断日志和非回归检查	VERIFIED	MP-F08-FINAL-ACCEPTANCE	analysis/motionplayer_v07_v08_native_runtime_diagnostics_2026-08-28.md; analysis/motionplayer_v07_v08_native_runtime_status.tsv; analysis/motionplayer_v09_v15_crosscutting_final_audit_2026-08-28.md	Post-fix git diff --check passes; recovery-only diagnostic scan has zero PRTDIAG/stdout/stderr/platform-debug calls; six TVPAddLog sites are reference or unchanged baseline error paths; final native and hash suites pass	No MP-V08 diagnostic or patch-integrity gap
MP-V09	`_guess` 全量审计：有二进制名称证据则纠正，没有则保留	VERIFIED	MP-V09-GUESS-SOURCE-NAME-AUDIT	analysis/motionplayer_v09_v15_crosscutting_final_audit_2026-08-28.md; analysis/motionplayer_v09_guess_audit.tsv	Reproducible source scan dispositions all 943 unique _guess identifiers and 3816 occurrences; none has trustworthy four-target source-identifier evidence authorizing a rename	No MP-V09 gap; retained _guess labels remain explicitly non-authoritative
MP-V10	本地旧单目标裸地址、`Like_0x...`、旧 helper 名和过时注释审计	VERIFIED	MP-V10-LEGACY-TOKEN-COMMENT-AUDIT	analysis/motionplayer_v09_v15_crosscutting_final_audit_2026-08-28.md; analysis/motionplayer_v10_legacy_token_audit.tsv	Like_0x, IDA auto-symbol and @0x code-address patterns have zero matches; all 52 hex-comment tokens and nine staleness-marker comments have current dispositions	No MP-V10 source-token or stale-comment gap
MP-V11	四端 dead-strip/inline/缺失项审计，禁止把单次 negative search 当结论	VERIFIED	MP-V11-FOUR-TARGET-INLINE-DEAD-STRIP-DISPOSITION-AUDIT	analysis/motionplayer_v09_v15_crosscutting_final_audit_2026-08-28.md; analysis/motionplayer_v09_v15_audit_summary.tsv; analysis/motionplayer_android_ios_arm64_armv7_difference_classification_four_binary_2026-08-28.md	All 199 coverage rows have four nonempty target dispositions; inline/dead-strip/absent/folding conclusions remain cross-target dispositions rather than one-search conclusions	No MP-V11 static gap; the runtime reconciliation received fresh four-target evidence and is complete
MP-V12	全函数覆盖审计：每个根可达函数都有四端 disposition	VERIFIED	MP-F03-ROOT-REACHABLE-FUNCTION-LEDGER	analysis/motionplayer_v09_v15_crosscutting_final_audit_2026-08-28.md; analysis/motionplayer_v09_v15_audit_summary.tsv; analysis/motionplayer_tasks_status.tsv	All 139 original MP-A/L/C/D/R/G/B tasks map through 306 associations to 159 unique IMPLEMENTED or PLATFORM_BOUNDARY slices with four target dispositions	No static tasks.md function-denominator gap; MP-V04 is verified and MP-V03/MP-V05 have explicit terminal EVIDENCE_BLOCKED dispositions
MP-V13	全对象覆盖审计：每个构造、析构、owner 边、容器和 vtable 都有 disposition	VERIFIED	MP-F04-OBJECT-VTABLE-CONTAINER-OWNER-LEDGER	analysis/motionplayer_v09_v15_crosscutting_final_audit_2026-08-28.md; analysis/motionplayer_v09_v15_audit_summary.tsv; analysis/motionplayer_tasks_status.tsv	All 32 MP-L/MP-C lifecycle and container tasks map to 50 unique terminal four-target slices with reports, implementation, verification, and gap fields	No MP-V13 static gap; unavailable fault-injection fixtures remain explicit MP-V02 verification gaps
MP-V14	全脚本表面审计：注册字符串、arity、receiver、result、默认值和异常一致	VERIFIED	MP-A32-REGISTRATION-STRINGS-ARGUMENTS-BINDINGS	analysis/motionplayer_registration_strings_arguments_bindings_final_reconciliation_2026-08-27.md; analysis/motionplayer_registration_contracts.tsv; analysis/motionplayer_v09_v15_crosscutting_final_audit_2026-08-28.md	All 494 unique registration contracts are EVIDENCED_4_4; the three exposed boundary mismatches received fresh four-target IDA evidence, were reconciled, and the final 357-case native suite passes with one expected integration skip and zero failed assertions	No MP-V14 script-surface contract gap
MP-V15	最终差异清单：共享源码、平台差异、ABI/编译器差异、明确平台边界、证据阻塞项	VERIFIED	MP-F07-FINAL-GAP-DENOMINATOR	analysis/motionplayer_v15_final_differences.tsv; analysis/motionplayer_v09_v15_crosscutting_final_audit_2026-08-28.md	The final list contains three accepted platform boundaries, one explained ABI/STL/compiler class, and two explicit external verification gaps; shared-source semantic gaps and the IDA transport blocker are closed	No MP-V15 audit gap; VERIFY-001 and VERIFY-002 are terminal evidence blockers with external follow-up commands under MP-V03 and MP-V05
MP-V16	发布最终恢复报告和可重复检查命令	VERIFIED	MP-V16-FINAL-RECONSTRUCTION-REPORT	analysis/motionplayer_final_reconstruction_report_2026-08-28.md; analysis/motionplayer_tasks_status.tsv; analysis/motionplayer_v15_final_differences.tsv	Published the final scoped reconstruction report with four-target evidence, denominator counts, implementation deltas, fresh build/test results, remaining external differentials, and reproducible commands	No MP-V16 publication gap; the report records all 163 terminal dispositions and deliberately does not misstate MP-V03/MP-V05 as Android PASS
MP-R03a	Player::frameProgress 的输入时间、speed/sync gate 和本地时间提交	CLOSED_STATIC	MP-C32-PLAYER-FRAME-PROGRESS-EVENTS; MP-A11-PLAYER-TIME	analysis/motionplayer_player_frame_progress_events_four_binary_2026-08-27.md; analysis/motionplayer_player_play_progress_raw_four_binary_2026-08-26.md; analysis/motionplayer_player_update_layers_dispatcher_four_binary_2026-08-27.md; analysis/motionplayer_player_calc_bounds_four_binary_2026-08-27.md; analysis/motionplayer_player_time_properties_four_binary_2026-08-26.md; analysis/motionplayer_coverage_status_reconciliation_2026-08-27.md	Mapped to direct four-target IMPLEMENTED slices; runtime verification is tracked independently under MP-V	No task-local static gap; cross-category final audit reached its terminal disposition under MP-V15/MP-V16
MP-R03b	timeline/variable/controller stepping 顺序；	CLOSED_STATIC	MP-C32-PLAYER-FRAME-PROGRESS-EVENTS; MP-C31-PLAYER-VARIABLE-BINDER	analysis/motionplayer_player_frame_progress_events_four_binary_2026-08-27.md; analysis/motionplayer_player_play_progress_raw_four_binary_2026-08-26.md; analysis/motionplayer_player_update_layers_dispatcher_four_binary_2026-08-27.md; analysis/motionplayer_player_calc_bounds_four_binary_2026-08-27.md; analysis/motionplayer_player_variable_binder_dataflow_four_binary_2026-08-27.md; analysis/motionplayer_player_parameter_table_pipeline_four_binary_2026-08-27.md; analysis/motionplayer_emoteplayer_primary_flow_raw_setters_four_binary_2026-08-27.md	Mapped to direct four-target IMPLEMENTED slices; runtime verification is tracked independently under MP-V	No task-local static gap; cross-category final audit reached its terminal disposition under MP-V15/MP-V16
MP-R03c	pending event、action/sync callback publication；	CLOSED_STATIC	MP-C32-PLAYER-FRAME-PROGRESS-EVENTS	analysis/motionplayer_player_frame_progress_events_four_binary_2026-08-27.md; analysis/motionplayer_player_play_progress_raw_four_binary_2026-08-26.md; analysis/motionplayer_player_update_layers_dispatcher_four_binary_2026-08-27.md; analysis/motionplayer_player_calc_bounds_four_binary_2026-08-27.md	Mapped to direct four-target IMPLEMENTED slices; runtime verification is tracked independently under MP-V	No task-local static gap; cross-category final audit reached its terminal disposition under MP-V15/MP-V16
MP-R03d	updateLayers/render gate 与最终状态提交；	CLOSED_STATIC	MP-C32-PLAYER-FRAME-PROGRESS-EVENTS; MP-C15-PLAYER-UPDATE-LAYERS-DISPATCHER	analysis/motionplayer_player_frame_progress_events_four_binary_2026-08-27.md; analysis/motionplayer_player_play_progress_raw_four_binary_2026-08-26.md; analysis/motionplayer_player_update_layers_dispatcher_four_binary_2026-08-27.md; analysis/motionplayer_player_calc_bounds_four_binary_2026-08-27.md	Mapped to direct four-target IMPLEMENTED slices; runtime verification is tracked independently under MP-V	No task-local static gap; cross-category final audit reached its terminal disposition under MP-V15/MP-V16
MP-R03e	异常、重入和边界矩阵。	CLOSED_STATIC	MP-C32-PLAYER-FRAME-PROGRESS-EVENTS	analysis/motionplayer_player_frame_progress_events_four_binary_2026-08-27.md; analysis/motionplayer_player_play_progress_raw_four_binary_2026-08-26.md; analysis/motionplayer_player_update_layers_dispatcher_four_binary_2026-08-27.md; analysis/motionplayer_player_calc_bounds_four_binary_2026-08-27.md	Mapped to direct four-target IMPLEMENTED slices; runtime verification is tracked independently under MP-V	No task-local static gap; cross-category final audit reached its terminal disposition under MP-V15/MP-V16
