symbol	occurrences	files	first_location	disposition	binary_name_evidence	evidence_reports	action
BackItemLess_guess	2	cpp/plugins/DrawDeviceD3D.cpp	cpp/plugins/DrawDeviceD3D.cpp:216	PRESERVE_NO_SOURCE_NAME_EVIDENCE	Semantic body/layout evidence exists where mapped; no trustworthy four-target source-level identifier evidence authorizes removing _guess		retain
BackItemSet_guess	2	cpp/plugins/DrawDeviceD3D.cpp	cpp/plugins/DrawDeviceD3D.cpp:225	PRESERVE_NO_SOURCE_NAME_EVIDENCE	Semantic body/layout evidence exists where mapped; no trustworthy four-target source-level identifier evidence authorizes removing _guess		retain
BezierPatchEvaluator_guess	2	cpp/plugins/motionplayer/MotionBezierPatch.h	cpp/plugins/motionplayer/MotionBezierPatch.h:17	PRESERVE_NO_SOURCE_NAME_EVIDENCE	Semantic body/layout evidence exists where mapped; no trustworthy four-target source-level identifier evidence authorizes removing _guess		retain
ClearTextureHolder_guess	2	cpp/plugins/DrawDeviceD3D.cpp	cpp/plugins/DrawDeviceD3D.cpp:1439	PRESERVE_NO_SOURCE_NAME_EVIDENCE	Semantic body/layout evidence exists where mapped; no trustworthy four-target source-level identifier evidence authorizes removing _guess		retain
CopiedOnlyTrailingWord_guess	3	cpp/plugins/motionplayer/MotionNode.h	cpp/plugins/motionplayer/MotionNode.h:211	PRESERVE_NO_SOURCE_NAME_EVIDENCE	Semantic body/layout evidence exists where mapped; no trustworthy four-target source-level identifier evidence authorizes removing _guess	analysis/motionplayer_motionnode_source_order_four_binary_2026-08-27.md	retain
CubicBezierBasisTable_guess	3	cpp/plugins/motionplayer/MotionRenderBackend.h; cpp/plugins/motionplayer/main.cpp	cpp/plugins/motionplayer/MotionRenderBackend.h:25	PRESERVE_NO_SOURCE_NAME_EVIDENCE	Semantic body/layout evidence exists where mapped; no trustworthy four-target source-level identifier evidence authorizes removing _guess		retain
CubicBezierWeights_guess	7	cpp/plugins/motionplayer/MotionLayerExtensions.cpp	cpp/plugins/motionplayer/MotionLayerExtensions.cpp:257	PRESERVE_NO_SOURCE_NAME_EVIDENCE	Semantic body/layout evidence exists where mapped; no trustworthy four-target source-level identifier evidence authorizes removing _guess		retain
D3DModuleBase_guess	4	cpp/plugins/DrawDeviceD3D.cpp; cpp/plugins/motionplayer/D3DEmoteModule.h	cpp/plugins/DrawDeviceD3D.cpp:271	PRESERVE_NO_SOURCE_NAME_EVIDENCE	Semantic body/layout evidence exists where mapped; no trustworthy four-target source-level identifier evidence authorizes removing _guess		retain
D3DPoint_guess	6	cpp/plugins/DrawDeviceD3D.cpp	cpp/plugins/DrawDeviceD3D.cpp:674	PRESERVE_NO_SOURCE_NAME_EVIDENCE	Semantic body/layout evidence exists where mapped; no trustworthy four-target source-level identifier evidence authorizes removing _guess		retain
D3DRenderManagerTestOverride_guess	4	cpp/plugins/DrawDeviceD3D.cpp	cpp/plugins/DrawDeviceD3D.cpp:46	TEST_ONLY_LOCAL_LABEL	Unregistered test seam; not a claimed reference source identifier		retain
D3DSourceTextureGetter_guess	5	cpp/plugins/motionplayer/Player.h; cpp/plugins/motionplayer/PlayerRenderTargets.cpp	cpp/plugins/motionplayer/Player.h:52	PRESERVE_NO_SOURCE_NAME_EVIDENCE	Semantic body/layout evidence exists where mapped; no trustworthy four-target source-level identifier evidence authorizes removing _guess		retain
D3DTargetTextureGetter_guess	7	cpp/plugins/motionplayer/Player.h; cpp/plugins/motionplayer/PlayerRenderTargets.cpp	cpp/plugins/motionplayer/Player.h:50	PRESERVE_NO_SOURCE_NAME_EVIDENCE	Semantic body/layout evidence exists where mapped; no trustworthy four-target source-level identifier evidence authorizes removing _guess	analysis/motionplayer_d3d_deep_renderer_batch_stencil_four_binary_2026-08-27.md	retain
D3DTargetTexturePair_guess	4	cpp/plugins/motionplayer/Player.h; cpp/plugins/motionplayer/PlayerRenderTargets.cpp	cpp/plugins/motionplayer/Player.h:48	PRESERVE_NO_SOURCE_NAME_EVIDENCE	Semantic body/layout evidence exists where mapped; no trustworthy four-target source-level identifier evidence authorizes removing _guess	analysis/motionplayer_d3d_deep_renderer_batch_stencil_four_binary_2026-08-27.md	retain
DispatchReference_guess	4	cpp/plugins/motionplayer/MotionLayerExtensions.cpp	cpp/plugins/motionplayer/MotionLayerExtensions.cpp:33	PRESERVE_NO_SOURCE_NAME_EVIDENCE	Semantic body/layout evidence exists where mapped; no trustworthy four-target source-level identifier evidence authorizes removing _guess		retain
DispatchReleaseGuard_guess	36	cpp/plugins/motionplayer/PlayerCore.cpp; cpp/plugins/motionplayer/PlayerRender.cpp; cpp/plugins/motionplayer/PlayerRenderExecute.cpp; cpp/plugins/motionplayer/PlayerRenderTargets.cpp; cpp/plugins/motionplayer/SeparateLayerAdaptor.cpp	cpp/plugins/motionplayer/PlayerCore.cpp:20	PRESERVE_NO_SOURCE_NAME_EVIDENCE	Semantic body/layout evidence exists where mapped; no trustworthy four-target source-level identifier evidence authorizes removing _guess		retain
DispatchRelease_guess	4	cpp/plugins/motionplayer/PlayerRenderItems.cpp; cpp/plugins/motionplayer/PlayerResource.cpp	cpp/plugins/motionplayer/PlayerRenderItems.cpp:25	PRESERVE_NO_SOURCE_NAME_EVIDENCE	Semantic body/layout evidence exists where mapped; no trustworthy four-target source-level identifier evidence authorizes removing _guess		retain
DormantRecord64_guess	3	cpp/plugins/motionplayer/MotionNode.h	cpp/plugins/motionplayer/MotionNode.h:208	PRESERVE_NO_SOURCE_NAME_EVIDENCE	Semantic body/layout evidence exists where mapped; no trustworthy four-target source-level identifier evidence authorizes removing _guess	analysis/motionplayer_motionnode_source_order_four_binary_2026-08-27.md	retain
DrawDeviceObjectBasePrimary_guess	9	cpp/plugins/DrawDeviceD3D.cpp	cpp/plugins/DrawDeviceD3D.cpp:199	PRESERVE_NO_SOURCE_NAME_EVIDENCE	Semantic body/layout evidence exists where mapped; no trustworthy four-target source-level identifier evidence authorizes removing _guess		retain
EmoteAngleController_setTarget_guess	5	cpp/plugins/motionplayer/EmoteAngleController.cpp; cpp/plugins/motionplayer/EmoteAngleController.h; cpp/plugins/motionplayer/EmoteEngine.cpp; cpp/plugins/motionplayer/EmotePlayer.cpp	cpp/plugins/motionplayer/EmoteAngleController.cpp:82	PRESERVE_NO_SOURCE_NAME_EVIDENCE	Semantic body/layout evidence exists where mapped; no trustworthy four-target source-level identifier evidence authorizes removing _guess		retain
EmoteBlinkController_enqueueValue_guess	3	cpp/plugins/motionplayer/EmoteBlinkController.cpp; cpp/plugins/motionplayer/EmoteBlinkController.h; cpp/plugins/motionplayer/EmoteEngine.cpp	cpp/plugins/motionplayer/EmoteBlinkController.cpp:125	PRESERVE_NO_SOURCE_NAME_EVIDENCE	Semantic body/layout evidence exists where mapped; no trustworthy four-target source-level identifier evidence authorizes removing _guess		retain
EmoteBlinkController_reset_guess	3	cpp/plugins/motionplayer/EmoteBlinkController.cpp; cpp/plugins/motionplayer/EmoteBlinkController.h; cpp/plugins/motionplayer/EmoteEngine.cpp	cpp/plugins/motionplayer/EmoteBlinkController.cpp:311	PRESERVE_NO_SOURCE_NAME_EVIDENCE	Semantic body/layout evidence exists where mapped; no trustworthy four-target source-level identifier evidence authorizes removing _guess		retain
EmoteBlinkRng_getGlobal_guess	6	cpp/plugins/motionplayer/EmoteBlinkController.cpp; cpp/plugins/motionplayer/EmoteBlinkRng.cpp; cpp/plugins/motionplayer/EmoteBlinkRng.h; cpp/plugins/motionplayer/EmoteWindEmitter.cpp	cpp/plugins/motionplayer/EmoteBlinkController.cpp:84	PRESERVE_NO_SOURCE_NAME_EVIDENCE	Semantic body/layout evidence exists where mapped; no trustworthy four-target source-level identifier evidence authorizes removing _guess		retain
EmoteBlinkRng_nextCanonical_guess	6	cpp/plugins/motionplayer/EmoteBlinkController.cpp; cpp/plugins/motionplayer/EmoteBlinkRng.cpp; cpp/plugins/motionplayer/EmoteBlinkRng.h; cpp/plugins/motionplayer/EmoteWindEmitter.cpp	cpp/plugins/motionplayer/EmoteBlinkController.cpp:83	PRESERVE_NO_SOURCE_NAME_EVIDENCE	Semantic body/layout evidence exists where mapped; no trustworthy four-target source-level identifier evidence authorizes removing _guess		retain
EmoteBustChainSpring_postBend_guess	4	cpp/plugins/motionplayer/EmoteEngine.cpp; cpp/plugins/motionplayer/EmoteSpring.cpp; cpp/plugins/motionplayer/EmoteSpring.h	cpp/plugins/motionplayer/EmoteEngine.cpp:1730	PRESERVE_NO_SOURCE_NAME_EVIDENCE	Semantic body/layout evidence exists where mapped; no trustworthy four-target source-level identifier evidence authorizes removing _guess		retain
EmoteBustChainSpring_step_guess	4	cpp/plugins/motionplayer/EmoteEngine.cpp; cpp/plugins/motionplayer/EmoteSpring.cpp; cpp/plugins/motionplayer/EmoteSpring.h	cpp/plugins/motionplayer/EmoteEngine.cpp:1725	PRESERVE_NO_SOURCE_NAME_EVIDENCE	Semantic body/layout evidence exists where mapped; no trustworthy four-target source-level identifier evidence authorizes removing _guess		retain
EmoteEyebrowController_enqueueValue_guess	3	cpp/plugins/motionplayer/EmoteEngine.cpp; cpp/plugins/motionplayer/EmoteEyebrowController.cpp; cpp/plugins/motionplayer/EmoteEyebrowController.h	cpp/plugins/motionplayer/EmoteEngine.cpp:2623	PRESERVE_NO_SOURCE_NAME_EVIDENCE	Semantic body/layout evidence exists where mapped; no trustworthy four-target source-level identifier evidence authorizes removing _guess		retain
EmoteEyebrowController_reset_guess	3	cpp/plugins/motionplayer/EmoteEngine.cpp; cpp/plugins/motionplayer/EmoteEyebrowController.cpp; cpp/plugins/motionplayer/EmoteEyebrowController.h	cpp/plugins/motionplayer/EmoteEngine.cpp:1270	PRESERVE_NO_SOURCE_NAME_EVIDENCE	Semantic body/layout evidence exists where mapped; no trustworthy four-target source-level identifier evidence authorizes removing _guess		retain
EmoteLoopController_step_guess	3	cpp/plugins/motionplayer/EmoteEngine.cpp; cpp/plugins/motionplayer/EmoteLoopController.cpp; cpp/plugins/motionplayer/EmoteLoopController.h	cpp/plugins/motionplayer/EmoteEngine.cpp:3900	PRESERVE_NO_SOURCE_NAME_EVIDENCE	Semantic body/layout evidence exists where mapped; no trustworthy four-target source-level identifier evidence authorizes removing _guess		retain
EmoteMeshResolver_resolve_guess	4	cpp/plugins/motionplayer/EmoteBlinkController.cpp; cpp/plugins/motionplayer/EmoteEyebrowController.cpp; cpp/plugins/motionplayer/EmoteMeshResolver.cpp; cpp/plugins/motionplayer/EmoteMeshResolver.h	cpp/plugins/motionplayer/EmoteBlinkController.cpp:192	PRESERVE_NO_SOURCE_NAME_EVIDENCE	Semantic body/layout evidence exists where mapped; no trustworthy four-target source-level identifier evidence authorizes removing _guess		retain
EmoteMeshResolver_search_guess	2	cpp/plugins/motionplayer/EmoteMeshResolver.cpp	cpp/plugins/motionplayer/EmoteMeshResolver.cpp:132	PRESERVE_NO_SOURCE_NAME_EVIDENCE	Semantic body/layout evidence exists where mapped; no trustworthy four-target source-level identifier evidence authorizes removing _guess		retain
EmoteMouthController_setTarget_guess	3	cpp/plugins/motionplayer/EmoteEngine.cpp; cpp/plugins/motionplayer/EmoteMouthController.cpp; cpp/plugins/motionplayer/EmoteMouthController.h	cpp/plugins/motionplayer/EmoteEngine.cpp:2644	PRESERVE_NO_SOURCE_NAME_EVIDENCE	Semantic body/layout evidence exists where mapped; no trustworthy four-target source-level identifier evidence authorizes removing _guess		retain
EmotePhysics_springStep_guess	4	cpp/plugins/motionplayer/EmoteEngine.cpp; cpp/plugins/motionplayer/EmoteSpring.cpp; cpp/plugins/motionplayer/EmoteSpring.h	cpp/plugins/motionplayer/EmoteEngine.cpp:1652	PRESERVE_NO_SOURCE_NAME_EVIDENCE	Semantic body/layout evidence exists where mapped; no trustworthy four-target source-level identifier evidence authorizes removing _guess		retain
EmoteSelectorCommandTrack_guess	2	cpp/plugins/motionplayer/EmoteSelectorController.h	cpp/plugins/motionplayer/EmoteSelectorController.h:19	PRESERVE_NO_SOURCE_NAME_EVIDENCE	Semantic body/layout evidence exists where mapped; no trustworthy four-target source-level identifier evidence authorizes removing _guess		retain
EmoteSelectorController_enqueue_guess	3	cpp/plugins/motionplayer/EmoteEngine.cpp; cpp/plugins/motionplayer/EmoteSelectorController.cpp; cpp/plugins/motionplayer/EmoteSelectorController.h	cpp/plugins/motionplayer/EmoteEngine.cpp:2677	PRESERVE_NO_SOURCE_NAME_EVIDENCE	Semantic body/layout evidence exists where mapped; no trustworthy four-target source-level identifier evidence authorizes removing _guess		retain
EmoteSelectorController_reset_guess	3	cpp/plugins/motionplayer/EmoteEngine.cpp; cpp/plugins/motionplayer/EmoteSelectorController.cpp; cpp/plugins/motionplayer/EmoteSelectorController.h	cpp/plugins/motionplayer/EmoteEngine.cpp:1284	PRESERVE_NO_SOURCE_NAME_EVIDENCE	Semantic body/layout evidence exists where mapped; no trustworthy four-target source-level identifier evidence authorizes removing _guess		retain
EmoteSelectorOption_guess	7	cpp/plugins/motionplayer/EmoteEngine.cpp; cpp/plugins/motionplayer/EmoteSelectorController.cpp; cpp/plugins/motionplayer/EmoteSelectorController.h	cpp/plugins/motionplayer/EmoteEngine.cpp:1930	PRESERVE_NO_SOURCE_NAME_EVIDENCE	Semantic body/layout evidence exists where mapped; no trustworthy four-target source-level identifier evidence authorizes removing _guess		retain
EmoteVarController_reset_guess	10	cpp/plugins/motionplayer/EmoteEngine.cpp; cpp/plugins/motionplayer/EmoteVarController.cpp; cpp/plugins/motionplayer/EmoteVarController.h	cpp/plugins/motionplayer/EmoteEngine.cpp:1236	PRESERVE_NO_SOURCE_NAME_EVIDENCE	Semantic body/layout evidence exists where mapped; no trustworthy four-target source-level identifier evidence authorizes removing _guess		retain
EmoteVarController_setTarget_guess	21	cpp/plugins/motionplayer/EmoteEngine.cpp; cpp/plugins/motionplayer/EmotePlayer.cpp; cpp/plugins/motionplayer/EmoteSelectorController.cpp; cpp/plugins/motionplayer/EmoteVarController.cpp; cpp/plugins/motionplayer/EmoteVarController.h	cpp/plugins/motionplayer/EmoteEngine.cpp:841	PRESERVE_NO_SOURCE_NAME_EVIDENCE	Semantic body/layout evidence exists where mapped; no trustworthy four-target source-level identifier evidence authorizes removing _guess		retain
EmoteWindEmitter_lookupForce_guess	3	cpp/plugins/motionplayer/EmoteSpring.cpp; cpp/plugins/motionplayer/EmoteSpring.h	cpp/plugins/motionplayer/EmoteSpring.cpp:103	PRESERVE_NO_SOURCE_NAME_EVIDENCE	Semantic body/layout evidence exists where mapped; no trustworthy four-target source-level identifier evidence authorizes removing _guess		retain
FindParentModule_guess	2	cpp/plugins/DrawDeviceD3D.cpp; cpp/plugins/motionplayer/EmotePlayer.cpp	cpp/plugins/DrawDeviceD3D.cpp:811	PRESERVE_NO_SOURCE_NAME_EVIDENCE	Semantic body/layout evidence exists where mapped; no trustworthy four-target source-level identifier evidence authorizes removing _guess		retain
FrontItemLess_guess	2	cpp/plugins/DrawDeviceD3D.cpp	cpp/plugins/DrawDeviceD3D.cpp:209	PRESERVE_NO_SOURCE_NAME_EVIDENCE	Semantic body/layout evidence exists where mapped; no trustworthy four-target source-level identifier evidence authorizes removing _guess		retain
FrontItemSet_guess	2	cpp/plugins/DrawDeviceD3D.cpp	cpp/plugins/DrawDeviceD3D.cpp:223	PRESERVE_NO_SOURCE_NAME_EVIDENCE	Semantic body/layout evidence exists where mapped; no trustworthy four-target source-level identifier evidence authorizes removing _guess		retain
GeometryShapeBase_guess	15	cpp/plugins/motionplayer/SourceCache.h	cpp/plugins/motionplayer/SourceCache.h:176	PRESERVE_NO_SOURCE_NAME_EVIDENCE	Semantic body/layout evidence exists where mapped; no trustworthy four-target source-level identifier evidence authorizes removing _guess	analysis/motionplayer_geometry_default_constructors_four_binary_2026-08-26.md; analysis/motionplayer_geometry_scalar_getters_four_binary_2026-08-26.md	retain
GetDrawTexture_guess	3	cpp/plugins/DrawDeviceD3D.cpp	cpp/plugins/DrawDeviceD3D.cpp:907	PRESERVE_NO_SOURCE_NAME_EVIDENCE	Semantic body/layout evidence exists where mapped; no trustworthy four-target source-level identifier evidence authorizes removing _guess		retain
GetFile_guess	2	cpp/plugins/motionplayer/ResourceManager.cpp	cpp/plugins/motionplayer/ResourceManager.cpp:624	PRESERVE_NO_SOURCE_NAME_EVIDENCE	Semantic body/layout evidence exists where mapped; no trustworthy four-target source-level identifier evidence authorizes removing _guess		retain
ImageRangeTail_guess	1	cpp/plugins/DrawDeviceD3D.cpp	cpp/plugins/DrawDeviceD3D.cpp:1511	PRESERVE_NO_SOURCE_NAME_EVIDENCE	Semantic body/layout evidence exists where mapped; no trustworthy four-target source-level identifier evidence authorizes removing _guess		retain
IncrementalStreamObservationForDifferentialTest_guess	2	cpp/plugins/motionplayer/Player.h	cpp/plugins/motionplayer/Player.h:907	TEST_ONLY_LOCAL_LABEL	Unregistered test seam; not a claimed reference source identifier		retain
InitialHeight_guess	2	cpp/plugins/DrawDeviceD3D.cpp	cpp/plugins/DrawDeviceD3D.cpp:247	PRESERVE_NO_SOURCE_NAME_EVIDENCE	Semantic body/layout evidence exists where mapped; no trustworthy four-target source-level identifier evidence authorizes removing _guess		retain
InitialSizePointer_guess	1	cpp/plugins/DrawDeviceD3D.cpp	cpp/plugins/DrawDeviceD3D.cpp:245	PRESERVE_NO_SOURCE_NAME_EVIDENCE	Semantic body/layout evidence exists where mapped; no trustworthy four-target source-level identifier evidence authorizes removing _guess		retain
InitialWidth_guess	2	cpp/plugins/DrawDeviceD3D.cpp	cpp/plugins/DrawDeviceD3D.cpp:246	PRESERVE_NO_SOURCE_NAME_EVIDENCE	Semantic body/layout evidence exists where mapped; no trustworthy four-target source-level identifier evidence authorizes removing _guess		retain
KrkrAtlasRecord_guess	7	cpp/plugins/motionplayer/PlayerResource.cpp	cpp/plugins/motionplayer/PlayerResource.cpp:184	PRESERVE_NO_SOURCE_NAME_EVIDENCE	Semantic body/layout evidence exists where mapped; no trustworthy four-target source-level identifier evidence authorizes removing _guess	analysis/motionplayer_krkr_atlas_imagepacker_four_binary_2026-08-27.md	retain
KrkrAtlasRect_guess	5	cpp/plugins/motionplayer/PlayerResource.cpp	cpp/plugins/motionplayer/PlayerResource.cpp:190	PRESERVE_NO_SOURCE_NAME_EVIDENCE	Semantic body/layout evidence exists where mapped; no trustworthy four-target source-level identifier evidence authorizes removing _guess		retain
MeshSubmitCallback_guess	3	cpp/plugins/motionplayer/MotionRenderBackend.cpp; cpp/plugins/motionplayer/MotionRenderBackend.h	cpp/plugins/motionplayer/MotionRenderBackend.cpp:528	PRESERVE_NO_SOURCE_NAME_EVIDENCE	Semantic body/layout evidence exists where mapped; no trustworthy four-target source-level identifier evidence authorizes removing _guess		retain
MotionLayerExtensions_guess	26	cpp/plugins/motionplayer/MotionLayerExtensions.cpp; cpp/plugins/motionplayer/MotionLayerExtensions.h; cpp/plugins/motionplayer/main.cpp	cpp/plugins/motionplayer/MotionLayerExtensions.cpp:946	PRESERVE_BINDING_LOCAL_LABEL	The script name/binding is four-target evidenced, but the stripped binaries do not expose this local C++ source identifier	analysis/motionplayer_bezier_layer_extensions_ncb_surface_four_binary_2026-08-27.md; analysis/motionplayer_d3dadaptor_ncb_surface_four_binary_2026-08-27.md; analysis/motionplayer_layer_extensions_callbacks_lifetime_render_four_binary_2026-08-27.md; analysis/motionplayer_ncb_equivalence_ledger_2026-08-27.md; analysis/motionplayer_registration_strings_arguments_bindings_final_reconciliation_2026-08-27.md	retain
OnItemsChanged_guess	6	cpp/plugins/DrawDeviceD3D.cpp	cpp/plugins/DrawDeviceD3D.cpp:326	PRESERVE_NO_SOURCE_NAME_EVIDENCE	Semantic body/layout evidence exists where mapped; no trustworthy four-target source-level identifier evidence authorizes removing _guess		retain
OrderedShapeAxis_guess	2	cpp/plugins/motionplayer/PlayerUpdateLayersInternal.h	cpp/plugins/motionplayer/PlayerUpdateLayersInternal.h:479	PRESERVE_NO_SOURCE_NAME_EVIDENCE	Semantic body/layout evidence exists where mapped; no trustworthy four-target source-level identifier evidence authorizes removing _guess		retain
ParentClearColor_guess	4	cpp/plugins/DrawDeviceD3D.cpp	cpp/plugins/DrawDeviceD3D.cpp:235	PRESERVE_NO_SOURCE_NAME_EVIDENCE	Semantic body/layout evidence exists where mapped; no trustworthy four-target source-level identifier evidence authorizes removing _guess		retain
PatchBounds_guess	5	cpp/plugins/motionplayer/MotionLayerExtensions.cpp	cpp/plugins/motionplayer/MotionLayerExtensions.cpp:195	PRESERVE_NO_SOURCE_NAME_EVIDENCE	Semantic body/layout evidence exists where mapped; no trustworthy four-target source-level identifier evidence authorizes removing _guess		retain
Player_buildNodePathKey_guess	1	cpp/plugins/motionplayer/internal/value_structs.h	cpp/plugins/motionplayer/internal/value_structs.h:103	PRESERVE_NO_SOURCE_NAME_EVIDENCE	Semantic body/layout evidence exists where mapped; no trustworthy four-target source-level identifier evidence authorizes removing _guess		retain
PointList_guess	29	cpp/plugins/motionplayer/MotionLayerExtensions.cpp	cpp/plugins/motionplayer/MotionLayerExtensions.cpp:20	PRESERVE_NO_SOURCE_NAME_EVIDENCE	Semantic body/layout evidence exists where mapped; no trustworthy four-target source-level identifier evidence authorizes removing _guess		retain
PositionDerivativeSampleTimes_guess	2	cpp/plugins/motionplayer/PlayerUpdateLayersInternal.h	cpp/plugins/motionplayer/PlayerUpdateLayersInternal.h:93	PRESERVE_NO_SOURCE_NAME_EVIDENCE	Semantic body/layout evidence exists where mapped; no trustworthy four-target source-level identifier evidence authorizes removing _guess		retain
PrivateMotionGLLRenderItemInput_guess	9	cpp/plugins/motionplayer/PlayerRenderTargets.cpp; cpp/plugins/motionplayer/PrivateMotionGLL.cpp; cpp/plugins/motionplayer/PrivateMotionGLL.h	cpp/plugins/motionplayer/PlayerRenderTargets.cpp:115	PRESERVE_NO_SOURCE_NAME_EVIDENCE	Semantic body/layout evidence exists where mapped; no trustworthy four-target source-level identifier evidence authorizes removing _guess		retain
PrivateMotionGLLRenderItem_guess	16	cpp/plugins/motionplayer/PrivateMotionGLL.cpp	cpp/plugins/motionplayer/PrivateMotionGLL.cpp:36	PRESERVE_NO_SOURCE_NAME_EVIDENCE	Semantic body/layout evidence exists where mapped; no trustworthy four-target source-level identifier evidence authorizes removing _guess		retain
PrivateMotionGLL_constructor_guess	2	cpp/plugins/motionplayer/PrivateMotionGLL.cpp	cpp/plugins/motionplayer/PrivateMotionGLL.cpp:396	PRESERVE_NO_SOURCE_NAME_EVIDENCE	Semantic body/layout evidence exists where mapped; no trustworthy four-target source-level identifier evidence authorizes removing _guess		retain
PrivateMotionGLL_getAbsolute_guess	2	cpp/plugins/motionplayer/PrivateMotionGLL.cpp	cpp/plugins/motionplayer/PrivateMotionGLL.cpp:437	PRESERVE_NO_SOURCE_NAME_EVIDENCE	Semantic body/layout evidence exists where mapped; no trustworthy four-target source-level identifier evidence authorizes removing _guess		retain
PrivateMotionGLL_getVisible_guess	2	cpp/plugins/motionplayer/PrivateMotionGLL.cpp	cpp/plugins/motionplayer/PrivateMotionGLL.cpp:419	PRESERVE_NO_SOURCE_NAME_EVIDENCE	Semantic body/layout evidence exists where mapped; no trustworthy four-target source-level identifier evidence authorizes removing _guess		retain
PrivateMotionGLL_setAbsolute_guess	2	cpp/plugins/motionplayer/PrivateMotionGLL.cpp	cpp/plugins/motionplayer/PrivateMotionGLL.cpp:447	PRESERVE_NO_SOURCE_NAME_EVIDENCE	Semantic body/layout evidence exists where mapped; no trustworthy four-target source-level identifier evidence authorizes removing _guess		retain
PrivateMotionGLL_setSize_guess	2	cpp/plugins/motionplayer/PrivateMotionGLL.cpp	cpp/plugins/motionplayer/PrivateMotionGLL.cpp:405	PRESERVE_NO_SOURCE_NAME_EVIDENCE	Semantic body/layout evidence exists where mapped; no trustworthy four-target source-level identifier evidence authorizes removing _guess		retain
PrivateMotionGLL_setVisible_guess	2	cpp/plugins/motionplayer/PrivateMotionGLL.cpp	cpp/plugins/motionplayer/PrivateMotionGLL.cpp:429	PRESERVE_NO_SOURCE_NAME_EVIDENCE	Semantic body/layout evidence exists where mapped; no trustworthy four-target source-level identifier evidence authorizes removing _guess		retain
RenderTextureDirty_guess	5	cpp/plugins/DrawDeviceD3D.cpp	cpp/plugins/DrawDeviceD3D.cpp:259	PRESERVE_NO_SOURCE_NAME_EVIDENCE	Semantic body/layout evidence exists where mapped; no trustworthy four-target source-level identifier evidence authorizes removing _guess		retain
RetainedDispatch_guess	6	cpp/plugins/motionplayer/PlayerRenderItems.cpp; cpp/plugins/motionplayer/PlayerResource.cpp	cpp/plugins/motionplayer/PlayerRenderItems.cpp:33	PRESERVE_NO_SOURCE_NAME_EVIDENCE	Semantic body/layout evidence exists where mapped; no trustworthy four-target source-level identifier evidence authorizes removing _guess	analysis/motionplayer_player_calc_bounds_four_binary_2026-08-27.md	retain
RetainedVariantDispatch_guess	15	cpp/plugins/motionplayer/PlayerUpdateLayersInternal.h	cpp/plugins/motionplayer/PlayerUpdateLayersInternal.h:374	PRESERVE_NO_SOURCE_NAME_EVIDENCE	Semantic body/layout evidence exists where mapped; no trustworthy four-target source-level identifier evidence authorizes removing _guess		retain
RootReseekObservationForDifferentialTest_guess	2	cpp/plugins/motionplayer/Player.h	cpp/plugins/motionplayer/Player.h:846	TEST_ONLY_LOCAL_LABEL	Unregistered test seam; not a claimed reference source identifier		retain
RootStateByte0_guess	1	cpp/plugins/DrawDeviceD3D.cpp	cpp/plugins/DrawDeviceD3D.cpp:256	PRESERVE_NO_SOURCE_NAME_EVIDENCE	Semantic body/layout evidence exists where mapped; no trustworthy four-target source-level identifier evidence authorizes removing _guess		retain
RootStateByte1_guess	1	cpp/plugins/DrawDeviceD3D.cpp	cpp/plugins/DrawDeviceD3D.cpp:257	PRESERVE_NO_SOURCE_NAME_EVIDENCE	Semantic body/layout evidence exists where mapped; no trustworthy four-target source-level identifier evidence authorizes removing _guess		retain
RootStateByte2_guess	1	cpp/plugins/DrawDeviceD3D.cpp	cpp/plugins/DrawDeviceD3D.cpp:258	PRESERVE_NO_SOURCE_NAME_EVIDENCE	Semantic body/layout evidence exists where mapped; no trustworthy four-target source-level identifier evidence authorizes removing _guess		retain
ScaleTail_guess	1	cpp/plugins/DrawDeviceD3D.cpp	cpp/plugins/DrawDeviceD3D.cpp:1515	PRESERVE_NO_SOURCE_NAME_EVIDENCE	Semantic body/layout evidence exists where mapped; no trustworthy four-target source-level identifier evidence authorizes removing _guess		retain
ScopedParticleArrayDispatch_guess	8	cpp/plugins/motionplayer/MotionNode.h; cpp/plugins/motionplayer/MotionNodeBridge.cpp; cpp/plugins/motionplayer/PlayerLayerQuery.cpp; cpp/plugins/motionplayer/PlayerRenderItems.cpp; cpp/plugins/motionplayer/PlayerUpdateParticles.cpp	cpp/plugins/motionplayer/MotionNode.h:51	PRESERVE_NO_SOURCE_NAME_EVIDENCE	Semantic body/layout evidence exists where mapped; no trustworthy four-target source-level identifier evidence authorizes removing _guess		retain
ScopedVariantObjectDispatch_guess	13	cpp/plugins/motionplayer/MotionNode.h; cpp/plugins/motionplayer/MotionNodeBridge.cpp; cpp/plugins/motionplayer/PlayerUpdateParticles.cpp	cpp/plugins/motionplayer/MotionNode.h:34	PRESERVE_NO_SOURCE_NAME_EVIDENCE	Semantic body/layout evidence exists where mapped; no trustworthy four-target source-level identifier evidence authorizes removing _guess		retain
ScreenSizePointer_guess	1	cpp/plugins/DrawDeviceD3D.cpp	cpp/plugins/DrawDeviceD3D.cpp:248	PRESERVE_NO_SOURCE_NAME_EVIDENCE	Semantic body/layout evidence exists where mapped; no trustworthy four-target source-level identifier evidence authorizes removing _guess		retain
SeparateLayerOrderedMap_guess	17	cpp/plugins/motionplayer/SeparateLayerAdaptor.cpp; cpp/plugins/motionplayer/SeparateLayerAdaptor.h	cpp/plugins/motionplayer/SeparateLayerAdaptor.cpp:164	PRESERVE_NO_SOURCE_NAME_EVIDENCE	Semantic body/layout evidence exists where mapped; no trustworthy four-target source-level identifier evidence authorizes removing _guess	analysis/motionplayer_separate_layer_ordered_map_resolvers_four_binary_2026-08-27.md	retain
SeparateLayerPayload_guess	13	cpp/plugins/motionplayer/PlayerRenderExecute.cpp; cpp/plugins/motionplayer/PlayerRenderTargets.cpp; cpp/plugins/motionplayer/SeparateLayerAdaptor.cpp; cpp/plugins/motionplayer/SeparateLayerAdaptor.h	cpp/plugins/motionplayer/PlayerRenderExecute.cpp:93	PRESERVE_NO_SOURCE_NAME_EVIDENCE	Semantic body/layout evidence exists where mapped; no trustworthy four-target source-level identifier evidence authorizes removing _guess	analysis/motionplayer_separate_layer_ordered_map_resolvers_four_binary_2026-08-27.md	retain
SetDrawDeviceD3DRenderManagerForDifferentialTest_guess	1	cpp/plugins/DrawDeviceD3D.cpp	cpp/plugins/DrawDeviceD3D.cpp:194	TEST_ONLY_LOCAL_LABEL	Unregistered test seam; not a claimed reference source identifier		retain
SetParentModule_guess	2	cpp/plugins/DrawDeviceD3D.cpp; cpp/plugins/motionplayer/EmotePlayer.cpp	cpp/plugins/DrawDeviceD3D.cpp:816	PRESERVE_NO_SOURCE_NAME_EVIDENCE	Semantic body/layout evidence exists where mapped; no trustworthy four-target source-level identifier evidence authorizes removing _guess		retain
SetParent_guess	3	cpp/plugins/DrawDeviceD3D.cpp	cpp/plugins/DrawDeviceD3D.cpp:781	PRESERVE_NO_SOURCE_NAME_EVIDENCE	Semantic body/layout evidence exists where mapped; no trustworthy four-target source-level identifier evidence authorizes removing _guess		retain
SoftwareDrawDeviceManagerItem_guess	4	cpp/plugins/DrawDeviceD3D.cpp	cpp/plugins/DrawDeviceD3D.cpp:1022	PRESERVE_NO_SOURCE_NAME_EVIDENCE	Semantic body/layout evidence exists where mapped; no trustworthy four-target source-level identifier evidence authorizes removing _guess		retain
TJSArrayWithItems_guess	20	cpp/plugins/motionplayer/EmoteEngine.cpp; cpp/plugins/motionplayer/MotionLayerExtensions.cpp; cpp/plugins/motionplayer/RuntimeSupport.cpp; cpp/plugins/motionplayer/RuntimeSupport.h	cpp/plugins/motionplayer/EmoteEngine.cpp:335	PRESERVE_NO_SOURCE_NAME_EVIDENCE	Semantic body/layout evidence exists where mapped; no trustworthy four-target source-level identifier evidence authorizes removing _guess	analysis/motionplayer_alias_outputs_same_object_multiple_arguments_borrowed_invalidation_four_binary_2026-08-28.md; analysis/motionplayer_layergetter_array_container_getters_four_binary_2026-08-26.md; analysis/motionplayer_quad_p_array_dictionary_owner_four_binary_2026-08-26.md; analysis/motionplayer_resourcemanager_find_motion_dispatch_array_owner_four_binary_2026-08-27.md	retain
TagReseekObservationForDifferentialTest_guess	2	cpp/plugins/motionplayer/Player.h	cpp/plugins/motionplayer/Player.h:868	TEST_ONLY_LOCAL_LABEL	Unregistered test seam; not a claimed reference source identifier		retain
TailPointer_guess	1	cpp/plugins/DrawDeviceD3D.cpp	cpp/plugins/DrawDeviceD3D.cpp:343	PRESERVE_NO_SOURCE_NAME_EVIDENCE	Semantic body/layout evidence exists where mapped; no trustworthy four-target source-level identifier evidence authorizes removing _guess		retain
TimelineDispatchReleaseGuard_guess	4	cpp/plugins/motionplayer/PlayerTimeline.cpp	cpp/plugins/motionplayer/PlayerTimeline.cpp:16	PRESERVE_NO_SOURCE_NAME_EVIDENCE	Semantic body/layout evidence exists where mapped; no trustworthy four-target source-level identifier evidence authorizes removing _guess		retain
TintRect_guess	4	cpp/plugins/motionplayer/SourceCache.cpp	cpp/plugins/motionplayer/SourceCache.cpp:27	PRESERVE_NO_SOURCE_NAME_EVIDENCE	Semantic body/layout evidence exists where mapped; no trustworthy four-target source-level identifier evidence authorizes removing _guess		retain
Transfer_guess	1	cpp/plugins/motionplayer/ResourceManager.cpp	cpp/plugins/motionplayer/ResourceManager.cpp:373	PRESERVE_NO_SOURCE_NAME_EVIDENCE	Semantic body/layout evidence exists where mapped; no trustworthy four-target source-level identifier evidence authorizes removing _guess	analysis/motionplayer_resourcemanager_load_cache_validate_dispatch_four_binary_2026-08-27.md	retain
TransitionPointer0_guess	1	cpp/plugins/DrawDeviceD3D.cpp	cpp/plugins/DrawDeviceD3D.cpp:290	PRESERVE_NO_SOURCE_NAME_EVIDENCE	Semantic body/layout evidence exists where mapped; no trustworthy four-target source-level identifier evidence authorizes removing _guess		retain
TransitionPointer1_guess	1	cpp/plugins/DrawDeviceD3D.cpp	cpp/plugins/DrawDeviceD3D.cpp:291	PRESERVE_NO_SOURCE_NAME_EVIDENCE	Semantic body/layout evidence exists where mapped; no trustworthy four-target source-level identifier evidence authorizes removing _guess		retain
TransitionVariant_guess	2	cpp/plugins/DrawDeviceD3D.cpp	cpp/plugins/DrawDeviceD3D.cpp:285	PRESERVE_NO_SOURCE_NAME_EVIDENCE	Semantic body/layout evidence exists where mapped; no trustworthy four-target source-level identifier evidence authorizes removing _guess		retain
TriangleBatch_guess	15	cpp/plugins/motionplayer/MotionRenderBackend.cpp; cpp/plugins/motionplayer/MotionRenderBackend.h; cpp/plugins/motionplayer/PlayerRenderTargets.cpp	cpp/plugins/motionplayer/MotionRenderBackend.cpp:738	PRESERVE_NO_SOURCE_NAME_EVIDENCE	Semantic body/layout evidence exists where mapped; no trustworthy four-target source-level identifier evidence authorizes removing _guess		retain
UpdateObjects_guess	3	cpp/plugins/DrawDeviceD3D.cpp	cpp/plugins/DrawDeviceD3D.cpp:389	PRESERVE_NO_SOURCE_NAME_EVIDENCE	Semantic body/layout evidence exists where mapped; no trustworthy four-target source-level identifier evidence authorizes removing _guess		retain
VariableIncrementalObservationForDifferentialTest_guess	2	cpp/plugins/motionplayer/Player.h	cpp/plugins/motionplayer/Player.h:1008	TEST_ONLY_LOCAL_LABEL	Unregistered test seam; not a claimed reference source identifier		retain
VariableReseedObservationForDifferentialTest_guess	2	cpp/plugins/motionplayer/Player.h	cpp/plugins/motionplayer/Player.h:971	TEST_ONLY_LOCAL_LABEL	Unregistered test seam; not a claimed reference source identifier		retain
_activeLayers_guess	8	cpp/plugins/motionplayer/SeparateLayerAdaptor.cpp; cpp/plugins/motionplayer/SeparateLayerAdaptor.h	cpp/plugins/motionplayer/SeparateLayerAdaptor.cpp:227	PRESERVE_NO_SOURCE_NAME_EVIDENCE	Semantic body/layout evidence exists where mapped; no trustworthy four-target source-level identifier evidence authorizes removing _guess		retain
_cameraConstraintDirty_guess	4	cpp/plugins/motionplayer/Player.h; cpp/plugins/motionplayer/PlayerUpdateGeometry.cpp; cpp/plugins/motionplayer/PlayerUpdateLayerEval.cpp; cpp/plugins/motionplayer/PlayerUpdateLayers.cpp	cpp/plugins/motionplayer/Player.h:1421	PRESERVE_NO_SOURCE_NAME_EVIDENCE	Semantic body/layout evidence exists where mapped; no trustworthy four-target source-level identifier evidence authorizes removing _guess		retain
_dormantState_guess	1	cpp/plugins/motionplayer/D3DAdaptor.h	cpp/plugins/motionplayer/D3DAdaptor.h:126	PRESERVE_NO_SOURCE_NAME_EVIDENCE	Semantic body/layout evidence exists where mapped; no trustworthy four-target source-level identifier evidence authorizes removing _guess		retain
_faceCache_guess	21	cpp/plugins/motionplayer/MotionLayerExtensions.cpp; cpp/plugins/motionplayer/MotionLayerExtensions.h	cpp/plugins/motionplayer/MotionLayerExtensions.cpp:970	PRESERVE_NO_SOURCE_NAME_EVIDENCE	Semantic body/layout evidence exists where mapped; no trustworthy four-target source-level identifier evidence authorizes removing _guess		retain
_internalSourceWorkLayer_guess	4	cpp/plugins/motionplayer/Player.h; cpp/plugins/motionplayer/PlayerRenderTargets.cpp; cpp/plugins/motionplayer/SourceCache.cpp	cpp/plugins/motionplayer/Player.h:1438	PRESERVE_NO_SOURCE_NAME_EVIDENCE	Semantic body/layout evidence exists where mapped; no trustworthy four-target source-level identifier evidence authorizes removing _guess		retain
_layerIdState_guess	3	cpp/plugins/motionplayer/ResourceManager.cpp; cpp/plugins/motionplayer/ResourceManager.h	cpp/plugins/motionplayer/ResourceManager.cpp:229	PRESERVE_NO_SOURCE_NAME_EVIDENCE	Semantic body/layout evidence exists where mapped; no trustworthy four-target source-level identifier evidence authorizes removing _guess		retain
_postDrawRegionDword_guess	1	cpp/plugins/motionplayer/Player.h	cpp/plugins/motionplayer/Player.h:1482	PRESERVE_NO_SOURCE_NAME_EVIDENCE	Semantic body/layout evidence exists where mapped; no trustworthy four-target source-level identifier evidence authorizes removing _guess		retain
_retiredLayers_guess	11	cpp/plugins/motionplayer/SeparateLayerAdaptor.cpp; cpp/plugins/motionplayer/SeparateLayerAdaptor.h	cpp/plugins/motionplayer/SeparateLayerAdaptor.cpp:236	PRESERVE_NO_SOURCE_NAME_EVIDENCE	Semantic body/layout evidence exists where mapped; no trustworthy four-target source-level identifier evidence authorizes removing _guess		retain
_stereovisionCameraX_guess	3	cpp/plugins/motionplayer/Player.h; cpp/plugins/motionplayer/PlayerLayerQuery.cpp; cpp/plugins/motionplayer/PlayerRenderItems.cpp	cpp/plugins/motionplayer/Player.h:1344	PRESERVE_NO_SOURCE_NAME_EVIDENCE	Semantic body/layout evidence exists where mapped; no trustworthy four-target source-level identifier evidence authorizes removing _guess		retain
_stereovisionCameraY_guess	3	cpp/plugins/motionplayer/Player.h; cpp/plugins/motionplayer/PlayerLayerQuery.cpp; cpp/plugins/motionplayer/PlayerRenderItems.cpp	cpp/plugins/motionplayer/Player.h:1345	PRESERVE_NO_SOURCE_NAME_EVIDENCE	Semantic body/layout evidence exists where mapped; no trustworthy four-target source-level identifier evidence authorizes removing _guess		retain
_stereovisionCameraZ_guess	3	cpp/plugins/motionplayer/Player.h; cpp/plugins/motionplayer/PlayerLayerQuery.cpp; cpp/plugins/motionplayer/PlayerRenderItems.cpp	cpp/plugins/motionplayer/Player.h:1346	PRESERVE_NO_SOURCE_NAME_EVIDENCE	Semantic body/layout evidence exists where mapped; no trustworthy four-target source-level identifier evidence authorizes removing _guess		retain
_tailDispatchLoadMotionResidual_guess	4	cpp/plugins/motionplayer/Player.h; cpp/plugins/motionplayer/PlayerCore.cpp	cpp/plugins/motionplayer/Player.h:1593	PRESERVE_NO_SOURCE_NAME_EVIDENCE	Semantic body/layout evidence exists where mapped; no trustworthy four-target source-level identifier evidence authorizes removing _guess		retain
absoluteMemberHint_guess	5	cpp/plugins/motionplayer/MotionDispatch.h; cpp/plugins/motionplayer/RuntimeSupport.cpp; cpp/plugins/motionplayer/SeparateLayerAdaptor.cpp	cpp/plugins/motionplayer/MotionDispatch.h:307	PRESERVE_NO_SOURCE_NAME_EVIDENCE	Semantic body/layout evidence exists where mapped; no trustworthy four-target source-level identifier evidence authorizes removing _guess		retain
accumulateTimelineContribution_guess	5	cpp/plugins/motionplayer/EmoteEngine.cpp; cpp/plugins/motionplayer/EmoteEngine.h	cpp/plugins/motionplayer/EmoteEngine.cpp:2203	PRESERVE_NO_SOURCE_NAME_EVIDENCE	Semantic body/layout evidence exists where mapped; no trustworthy four-target source-level identifier evidence authorizes removing _guess		retain
accurateSlaLayerType_guess	2	cpp/plugins/motionplayer/PlayerRenderTargets.cpp	cpp/plugins/motionplayer/PlayerRenderTargets.cpp:145	PRESERVE_NO_SOURCE_NAME_EVIDENCE	Semantic body/layout evidence exists where mapped; no trustworthy four-target source-level identifier evidence authorizes removing _guess		retain
accurateSlaSkipsMaskBuffer_guess	2	cpp/plugins/motionplayer/PlayerRenderTargets.cpp	cpp/plugins/motionplayer/PlayerRenderTargets.cpp:156	PRESERVE_NO_SOURCE_NAME_EVIDENCE	Semantic body/layout evidence exists where mapped; no trustworthy four-target source-level identifier evidence authorizes removing _guess		retain
actMemberHint_guess	3	cpp/plugins/motionplayer/MotionDispatch.h; cpp/plugins/motionplayer/PlayerUpdateLayerEval.cpp; cpp/plugins/motionplayer/RuntimeSupport.cpp	cpp/plugins/motionplayer/MotionDispatch.h:110	PRESERVE_NO_SOURCE_NAME_EVIDENCE	Semantic body/layout evidence exists where mapped; no trustworthy four-target source-level identifier evidence authorizes removing _guess		retain
addBezierPatchDelta_guess	2	cpp/plugins/motionplayer/PlayerUpdateGeometry.cpp; cpp/plugins/motionplayer/PlayerUpdateLayersInternal.h	cpp/plugins/motionplayer/PlayerUpdateGeometry.cpp:257	PRESERVE_NO_SOURCE_NAME_EVIDENCE	Semantic body/layout evidence exists where mapped; no trustworthy four-target source-level identifier evidence authorizes removing _guess		retain
addIndexWrapping32_guess	5	cpp/plugins/motionplayer/PlayerFrameProgress.cpp	cpp/plugins/motionplayer/PlayerFrameProgress.cpp:21	PRESERVE_NO_SOURCE_NAME_EVIDENCE	Semantic body/layout evidence exists where mapped; no trustworthy four-target source-level identifier evidence authorizes removing _guess		retain
addInt32_guess	13	cpp/plugins/motionplayer/MotionLayerExtensions.cpp	cpp/plugins/motionplayer/MotionLayerExtensions.cpp:60	PRESERVE_NO_SOURCE_NAME_EVIDENCE	Semantic body/layout evidence exists where mapped; no trustworthy four-target source-level identifier evidence authorizes removing _guess		retain
addVariableLabelScopeForDifferentialTest_guess	1	cpp/plugins/motionplayer/Player.h	cpp/plugins/motionplayer/Player.h:1245	TEST_ONLY_LOCAL_LABEL	Unregistered test seam; not a claimed reference source identifier		retain
adjustGammaMemberHint_guess	3	cpp/plugins/motionplayer/MotionDispatch.h; cpp/plugins/motionplayer/RuntimeSupport.cpp; cpp/plugins/motionplayer/SourceCache.cpp	cpp/plugins/motionplayer/MotionDispatch.h:293	PRESERVE_NO_SOURCE_NAME_EVIDENCE	Semantic body/layout evidence exists where mapped; no trustworthy four-target source-level identifier evidence authorizes removing _guess		retain
advanceIncrementalStreamsForDifferentialTest_guess	1	cpp/plugins/motionplayer/Player.h	cpp/plugins/motionplayer/Player.h:949	TEST_ONLY_LOCAL_LABEL	Unregistered test seam; not a claimed reference source identifier		retain
advanceLayerEventStreamPhase_guess	3	cpp/plugins/motionplayer/Player.h; cpp/plugins/motionplayer/PlayerFrameProgress.cpp	cpp/plugins/motionplayer/Player.h:728	PRESERVE_NO_SOURCE_NAME_EVIDENCE	Semantic body/layout evidence exists where mapped; no trustworthy four-target source-level identifier evidence authorizes removing _guess		retain
advanceRootContentStreamPhase_guess	3	cpp/plugins/motionplayer/Player.h; cpp/plugins/motionplayer/PlayerFrameProgress.cpp	cpp/plugins/motionplayer/Player.h:732	PRESERVE_NO_SOURCE_NAME_EVIDENCE	Semantic body/layout evidence exists where mapped; no trustworthy four-target source-level identifier evidence authorizes removing _guess		retain
advanceTimelineStreams_guess	8	cpp/plugins/motionplayer/Player.h; cpp/plugins/motionplayer/PlayerFrameProgress.cpp	cpp/plugins/motionplayer/Player.h:716	PRESERVE_NO_SOURCE_NAME_EVIDENCE	Semantic body/layout evidence exists where mapped; no trustworthy four-target source-level identifier evidence authorizes removing _guess		retain
advanceVariableTrackForDifferentialTest_guess	1	cpp/plugins/motionplayer/Player.h	cpp/plugins/motionplayer/Player.h:1038	TEST_ONLY_LOCAL_LABEL	Unregistered test seam; not a claimed reference source identifier		retain
advanceVariableTracksPhase_guess	4	cpp/plugins/motionplayer/Player.h; cpp/plugins/motionplayer/PlayerFrameProgress.cpp	cpp/plugins/motionplayer/Player.h:738	PRESERVE_NO_SOURCE_NAME_EVIDENCE	Semantic body/layout evidence exists where mapped; no trustworthy four-target source-level identifier evidence authorizes removing _guess		retain
affineCopyMemberHint_guess	3	cpp/plugins/motionplayer/MotionDispatch.h; cpp/plugins/motionplayer/PlayerRenderInternal.cpp; cpp/plugins/motionplayer/RuntimeSupport.cpp	cpp/plugins/motionplayer/MotionDispatch.h:235	PRESERVE_NO_SOURCE_NAME_EVIDENCE	Semantic body/layout evidence exists where mapped; no trustworthy four-target source-level identifier evidence authorizes removing _guess		retain
aggregateChildPendingEvents_guess	4	cpp/plugins/motionplayer/Player.h; cpp/plugins/motionplayer/PlayerUpdateChildMotion.cpp; cpp/plugins/motionplayer/PlayerUpdateParticles.cpp	cpp/plugins/motionplayer/Player.h:652	PRESERVE_NO_SOURCE_NAME_EVIDENCE	Semantic body/layout evidence exists where mapped; no trustworthy four-target source-level identifier evidence authorizes removing _guess		retain
anchorType_guess	3	cpp/plugins/motionplayer/MotionNode.h; cpp/plugins/motionplayer/NodeTree.cpp; cpp/plugins/motionplayer/PlayerUpdateGeometry.cpp	cpp/plugins/motionplayer/MotionNode.h:364	PRESERVE_NO_SOURCE_NAME_EVIDENCE	Semantic body/layout evidence exists where mapped; no trustworthy four-target source-level identifier evidence authorizes removing _guess		retain
angleMemberHint_guess	5	cpp/plugins/motionplayer/MotionDispatch.h; cpp/plugins/motionplayer/PlayerUpdateLayerEval.cpp; cpp/plugins/motionplayer/PlayerUpdateLayersInternal.h; cpp/plugins/motionplayer/RuntimeSupport.cpp	cpp/plugins/motionplayer/MotionDispatch.h:127	PRESERVE_NO_SOURCE_NAME_EVIDENCE	Semantic body/layout evidence exists where mapped; no trustworthy four-target source-level identifier evidence authorizes removing _guess		retain
appendD3DAffine_guess	2	cpp/plugins/motionplayer/PlayerRenderTargets.cpp	cpp/plugins/motionplayer/PlayerRenderTargets.cpp:354	PRESERVE_NO_SOURCE_NAME_EVIDENCE	Semantic body/layout evidence exists where mapped; no trustworthy four-target source-level identifier evidence authorizes removing _guess		retain
appendD3DMesh_guess	3	cpp/plugins/motionplayer/PlayerRenderTargets.cpp	cpp/plugins/motionplayer/PlayerRenderTargets.cpp:378	PRESERVE_NO_SOURCE_NAME_EVIDENCE	Semantic body/layout evidence exists where mapped; no trustworthy four-target source-level identifier evidence authorizes removing _guess		retain
appendFlatPoint_guess	3	cpp/plugins/motionplayer/MotionLayerExtensions.cpp	cpp/plugins/motionplayer/MotionLayerExtensions.cpp:188	PRESERVE_NO_SOURCE_NAME_EVIDENCE	Semantic body/layout evidence exists where mapped; no trustworthy four-target source-level identifier evidence authorizes removing _guess		retain
appendParameterEntryForDifferentialTest_guess	1	cpp/plugins/motionplayer/Player.h	cpp/plugins/motionplayer/Player.h:1198	TEST_ONLY_LOCAL_LABEL	Unregistered test seam; not a claimed reference source identifier		retain
appendParameterEntry_guess	5	cpp/plugins/motionplayer/Player.h; cpp/plugins/motionplayer/PlayerCore.cpp; cpp/plugins/motionplayer/PlayerVariable.cpp	cpp/plugins/motionplayer/Player.h:601	PRESERVE_NO_SOURCE_NAME_EVIDENCE	Semantic body/layout evidence exists where mapped; no trustworthy four-target source-level identifier evidence authorizes removing _guess		retain
appendParameterVariantForDifferentialTest_guess	1	cpp/plugins/motionplayer/Player.h	cpp/plugins/motionplayer/Player.h:1209	TEST_ONLY_LOCAL_LABEL	Unregistered test seam; not a claimed reference source identifier		retain
appendPoint_guess	9	cpp/plugins/motionplayer/MotionLayerExtensions.cpp	cpp/plugins/motionplayer/MotionLayerExtensions.cpp:180	PRESERVE_NO_SOURCE_NAME_EVIDENCE	Semantic body/layout evidence exists where mapped; no trustworthy four-target source-level identifier evidence authorizes removing _guess		retain
appendPreparedRenderItemsForDifferentialTest_guess	1	cpp/plugins/motionplayer/Player.h	cpp/plugins/motionplayer/Player.h:1065	TEST_ONLY_LOCAL_LABEL	Unregistered test seam; not a claimed reference source identifier		retain
appendPrivateMotionGLLRenderItem_guess	6	cpp/plugins/motionplayer/PlayerRenderTargets.cpp; cpp/plugins/motionplayer/PrivateMotionGLL.cpp; cpp/plugins/motionplayer/PrivateMotionGLL.h	cpp/plugins/motionplayer/PlayerRenderTargets.cpp:606	PRESERVE_NO_SOURCE_NAME_EVIDENCE	Semantic body/layout evidence exists where mapped; no trustworthy four-target source-level identifier evidence authorizes removing _guess		retain
appendRenderItem_guess	2	cpp/plugins/motionplayer/PrivateMotionGLL.cpp	cpp/plugins/motionplayer/PrivateMotionGLL.cpp:346	PRESERVE_NO_SOURCE_NAME_EVIDENCE	Semantic body/layout evidence exists where mapped; no trustworthy four-target source-level identifier evidence authorizes removing _guess		retain
appendTriangles_guess	4	cpp/plugins/motionplayer/MotionRenderBackend.cpp; cpp/plugins/motionplayer/MotionRenderBackend.h; cpp/plugins/motionplayer/PlayerRenderTargets.cpp	cpp/plugins/motionplayer/MotionRenderBackend.cpp:776	PRESERVE_NO_SOURCE_NAME_EVIDENCE	Semantic body/layout evidence exists where mapped; no trustworthy four-target source-level identifier evidence authorizes removing _guess		retain
applyClampControls_guess	3	cpp/plugins/motionplayer/EmoteEngine.cpp; cpp/plugins/motionplayer/EmoteEngine.h	cpp/plugins/motionplayer/EmoteEngine.cpp:2189	PRESERVE_NO_SOURCE_NAME_EVIDENCE	Semantic body/layout evidence exists where mapped; no trustworthy four-target source-level identifier evidence authorizes removing _guess		retain
applyGroundCorrection_guess	2	cpp/plugins/motionplayer/PlayerUpdateLayerEval.cpp; cpp/plugins/motionplayer/PlayerUpdateLayersInternal.h	cpp/plugins/motionplayer/PlayerUpdateLayerEval.cpp:1488	PRESERVE_NO_SOURCE_NAME_EVIDENCE	Semantic body/layout evidence exists where mapped; no trustworthy four-target source-level identifier evidence authorizes removing _guess		retain
applyMetadata_guess	6	cpp/plugins/motionplayer/EmoteEngine.cpp; cpp/plugins/motionplayer/EmoteEngine.h; cpp/plugins/motionplayer/EmotePlayer.cpp; cpp/plugins/motionplayer/EmotePlayer.h; cpp/plugins/motionplayer/main.cpp	cpp/plugins/motionplayer/EmoteEngine.cpp:1425	PRESERVE_BINDING_LOCAL_LABEL	The script name/binding is four-target evidenced, but the stripped binaries do not expose this local C++ source identifier		retain
applyMotionAlphaMaskOwnedVariants_guess	4	cpp/plugins/motionplayer/PlayerRenderExecute.cpp; cpp/plugins/motionplayer/PlayerRenderInternal.cpp; cpp/plugins/motionplayer/PlayerRenderInternal.h	cpp/plugins/motionplayer/PlayerRenderExecute.cpp:378	PRESERVE_NO_SOURCE_NAME_EVIDENCE	Semantic body/layout evidence exists where mapped; no trustworthy four-target source-level identifier evidence authorizes removing _guess		retain
applyMotionAlphaMask_guess	5	cpp/plugins/motionplayer/PlayerRenderExecute.cpp; cpp/plugins/motionplayer/PlayerRenderInternal.cpp; cpp/plugins/motionplayer/PlayerRenderInternal.h; cpp/plugins/motionplayer/PlayerRenderTargets.cpp; cpp/plugins/motionplayer/main.cpp	cpp/plugins/motionplayer/PlayerRenderExecute.cpp:809	PRESERVE_NO_SOURCE_NAME_EVIDENCE	Semantic body/layout evidence exists where mapped; no trustworthy four-target source-level identifier evidence authorizes removing _guess		retain
applyPackedCornerTint_guess	3	cpp/plugins/motionplayer/SourceCache.cpp	cpp/plugins/motionplayer/SourceCache.cpp:131	PRESERVE_NO_SOURCE_NAME_EVIDENCE	Semantic body/layout evidence exists where mapped; no trustworthy four-target source-level identifier evidence authorizes removing _guess	analysis/motionplayer_dead_value_noop_refcount_uninitialized_inactive_tail_four_binary_2026-08-28.md	retain
applyParameterRamps_guess	4	cpp/plugins/motionplayer/PlayerVariable.cpp	cpp/plugins/motionplayer/PlayerVariable.cpp:44	PRESERVE_NO_SOURCE_NAME_EVIDENCE	Semantic body/layout evidence exists where mapped; no trustworthy four-target source-level identifier evidence authorizes removing _guess		retain
applyPreparedRenderItemProjectionCore_guess	3	cpp/plugins/motionplayer/PlayerRenderInternal.h; cpp/plugins/motionplayer/PlayerRenderItems.cpp	cpp/plugins/motionplayer/PlayerRenderInternal.h:25	PRESERVE_NO_SOURCE_NAME_EVIDENCE	Semantic body/layout evidence exists where mapped; no trustworthy four-target source-level identifier evidence authorizes removing _guess	analysis/motionplayer_player_prepared_projection_four_binary_2026-08-27.md	retain
applyPreparedRenderItemProjection_guess	6	cpp/plugins/motionplayer/Player.h; cpp/plugins/motionplayer/PlayerDrawDispatch.cpp; cpp/plugins/motionplayer/PlayerRenderItems.cpp; cpp/plugins/motionplayer/PlayerRenderTargets.cpp	cpp/plugins/motionplayer/Player.h:648	PRESERVE_NO_SOURCE_NAME_EVIDENCE	Semantic body/layout evidence exists where mapped; no trustworthy four-target source-level identifier evidence authorizes removing _guess		retain
applyStencilState_guess	4	cpp/plugins/motionplayer/MotionRenderBackend.cpp; cpp/plugins/motionplayer/MotionRenderBackend.h; cpp/plugins/motionplayer/PrivateMotionGLL.cpp	cpp/plugins/motionplayer/MotionRenderBackend.cpp:481	PRESERVE_NO_SOURCE_NAME_EVIDENCE	Semantic body/layout evidence exists where mapped; no trustworthy four-target source-level identifier evidence authorizes removing _guess		retain
applyTargetLayerClip_guess	2	cpp/plugins/motionplayer/PlayerRenderExecute.cpp	cpp/plugins/motionplayer/PlayerRenderExecute.cpp:531	PRESERVE_NO_SOURCE_NAME_EVIDENCE	Semantic body/layout evidence exists where mapped; no trustworthy four-target source-level identifier evidence authorizes removing _guess		retain
applyTimelineWindow_guess	7	cpp/plugins/motionplayer/EmoteEngine.cpp; cpp/plugins/motionplayer/EmoteEngine.h	cpp/plugins/motionplayer/EmoteEngine.cpp:1241	PRESERVE_NO_SOURCE_NAME_EVIDENCE	Semantic body/layout evidence exists where mapped; no trustworthy four-target source-level identifier evidence authorizes removing _guess		retain
assignD3DStencilRefs_guess	3	cpp/plugins/motionplayer/PlayerRenderTargets.cpp	cpp/plugins/motionplayer/PlayerRenderTargets.cpp:246	PRESERVE_NO_SOURCE_NAME_EVIDENCE	Semantic body/layout evidence exists where mapped; no trustworthy four-target source-level identifier evidence authorizes removing _guess		retain
assignImagesMemberHint_guess	6	cpp/plugins/motionplayer/MotionDispatch.h; cpp/plugins/motionplayer/PlayerRenderTargets.cpp; cpp/plugins/motionplayer/RuntimeSupport.cpp; cpp/plugins/motionplayer/SeparateLayerAdaptor.cpp; cpp/plugins/motionplayer/SourceCache.cpp	cpp/plugins/motionplayer/MotionDispatch.h:221	PRESERVE_NO_SOURCE_NAME_EVIDENCE	Semantic body/layout evidence exists where mapped; no trustworthy four-target source-level identifier evidence authorizes removing _guess		retain
bakeSource_guess	4	cpp/plugins/motionplayer/SourceCache.cpp; cpp/plugins/motionplayer/SourceCache.h	cpp/plugins/motionplayer/SourceCache.cpp:558	PRESERVE_NO_SOURCE_NAME_EVIDENCE	Semantic body/layout evidence exists where mapped; no trustworthy four-target source-level identifier evidence authorizes removing _guess		retain
baseStateColorHint_guess	3	cpp/plugins/motionplayer/EmoteEngine.cpp	cpp/plugins/motionplayer/EmoteEngine.cpp:125	PRESERVE_NO_SOURCE_NAME_EVIDENCE	Semantic body/layout evidence exists where mapped; no trustworthy four-target source-level identifier evidence authorizes removing _guess		retain
baseStateCoordHint_guess	3	cpp/plugins/motionplayer/EmoteEngine.cpp	cpp/plugins/motionplayer/EmoteEngine.cpp:123	PRESERVE_NO_SOURCE_NAME_EVIDENCE	Semantic body/layout evidence exists where mapped; no trustworthy four-target source-level identifier evidence authorizes removing _guess		retain
baseStateRotateHint_guess	3	cpp/plugins/motionplayer/EmoteEngine.cpp	cpp/plugins/motionplayer/EmoteEngine.cpp:126	PRESERVE_NO_SOURCE_NAME_EVIDENCE	Semantic body/layout evidence exists where mapped; no trustworthy four-target source-level identifier evidence authorizes removing _guess		retain
baseStateScaleHint_guess	3	cpp/plugins/motionplayer/EmoteEngine.cpp	cpp/plugins/motionplayer/EmoteEngine.cpp:124	PRESERVE_NO_SOURCE_NAME_EVIDENCE	Semantic body/layout evidence exists where mapped; no trustworthy four-target source-level identifier evidence authorizes removing _guess		retain
beginLayerPass_guess	6	cpp/plugins/motionplayer/PlayerRenderExecute.cpp; cpp/plugins/motionplayer/PlayerRenderTargets.cpp; cpp/plugins/motionplayer/SeparateLayerAdaptor.cpp; cpp/plugins/motionplayer/SeparateLayerAdaptor.h	cpp/plugins/motionplayer/PlayerRenderExecute.cpp:416	PRESERVE_NO_SOURCE_NAME_EVIDENCE	Semantic body/layout evidence exists where mapped; no trustworthy four-target source-level identifier evidence authorizes removing _guess		retain
beginStencil_guess	4	cpp/plugins/motionplayer/MotionRenderBackend.cpp; cpp/plugins/motionplayer/MotionRenderBackend.h; cpp/plugins/motionplayer/PlayerRenderTargets.cpp; cpp/plugins/motionplayer/PrivateMotionGLL.cpp	cpp/plugins/motionplayer/MotionRenderBackend.cpp:464	PRESERVE_NO_SOURCE_NAME_EVIDENCE	Semantic body/layout evidence exists where mapped; no trustworthy four-target source-level identifier evidence authorizes removing _guess		retain
bezierPatchCopyMemberHint_guess	3	cpp/plugins/motionplayer/MotionDispatch.h; cpp/plugins/motionplayer/PlayerRenderInternal.cpp; cpp/plugins/motionplayer/RuntimeSupport.cpp	cpp/plugins/motionplayer/MotionDispatch.h:234	PRESERVE_NO_SOURCE_NAME_EVIDENCE	Semantic body/layout evidence exists where mapped; no trustworthy four-target source-level identifier evidence authorizes removing _guess		retain
bezierPatchEvaluator_guess	3	cpp/plugins/motionplayer/MotionBezierPatch.h	cpp/plugins/motionplayer/MotionBezierPatch.h:76	PRESERVE_NO_SOURCE_NAME_EVIDENCE	Semantic body/layout evidence exists where mapped; no trustworthy four-target source-level identifier evidence authorizes removing _guess		retain
bezierPatchMemberHint_guess	4	cpp/plugins/motionplayer/MotionDispatch.h; cpp/plugins/motionplayer/PlayerLayerQuery.cpp; cpp/plugins/motionplayer/PlayerUpdateLayerEval.cpp; cpp/plugins/motionplayer/RuntimeSupport.cpp	cpp/plugins/motionplayer/MotionDispatch.h:144	PRESERVE_NO_SOURCE_NAME_EVIDENCE	Semantic body/layout evidence exists where mapped; no trustworthy four-target source-level identifier evidence authorizes removing _guess		retain
binary64IsNaNBits_guess	5	cpp/plugins/motionplayer/PlayerFrameProgress.cpp	cpp/plugins/motionplayer/PlayerFrameProgress.cpp:27	PRESERVE_NO_SOURCE_NAME_EVIDENCE	Semantic body/layout evidence exists where mapped; no trustworthy four-target source-level identifier evidence authorizes removing _guess		retain
bindParameterValue_guess	7	cpp/plugins/motionplayer/EmoteEngine.cpp; cpp/plugins/motionplayer/Player.h; cpp/plugins/motionplayer/PlayerFrameProgress.cpp; cpp/plugins/motionplayer/PlayerVariable.cpp	cpp/plugins/motionplayer/EmoteEngine.cpp:2242	PRESERVE_NO_SOURCE_NAME_EVIDENCE	Semantic body/layout evidence exists where mapped; no trustworthy four-target source-level identifier evidence authorizes removing _guess		retain
blankMemberHint_guess	4	cpp/plugins/motionplayer/MotionDispatch.h; cpp/plugins/motionplayer/PlayerResource.cpp; cpp/plugins/motionplayer/ResourceManager.cpp; cpp/plugins/motionplayer/RuntimeSupport.cpp	cpp/plugins/motionplayer/MotionDispatch.h:19	PRESERVE_NO_SOURCE_NAME_EVIDENCE	Semantic body/layout evidence exists where mapped; no trustworthy four-target source-level identifier evidence authorizes removing _guess		retain
blendModeMemberHint_guess	8	cpp/plugins/motionplayer/MotionDispatch.h; cpp/plugins/motionplayer/PlayerLayerQuery.cpp; cpp/plugins/motionplayer/PlayerRenderExecute.cpp; cpp/plugins/motionplayer/RuntimeSupport.cpp; cpp/plugins/motionplayer/SourceCache.cpp	cpp/plugins/motionplayer/MotionDispatch.h:220	PRESERVE_NO_SOURCE_NAME_EVIDENCE	Semantic body/layout evidence exists where mapped; no trustworthy four-target source-level identifier evidence authorizes removing _guess		retain
blinkPositionToSignedInt32_guess	2	cpp/plugins/motionplayer/EmoteBlinkController.cpp	cpp/plugins/motionplayer/EmoteBlinkController.cpp:29	PRESERVE_NO_SOURCE_NAME_EVIDENCE	Semantic body/layout evidence exists where mapped; no trustworthy four-target source-level identifier evidence authorizes removing _guess		retain
blinkTrackOvershoots_guess	2	cpp/plugins/motionplayer/EmoteBlinkController.cpp	cpp/plugins/motionplayer/EmoteBlinkController.cpp:15	PRESERVE_NO_SOURCE_NAME_EVIDENCE	Semantic body/layout evidence exists where mapped; no trustworthy four-target source-level identifier evidence authorizes removing _guess		retain
bottomMemberHint_guess	9	cpp/plugins/motionplayer/MotionDispatch.h; cpp/plugins/motionplayer/MotionLayerExtensions.cpp; cpp/plugins/motionplayer/PlayerCore.cpp; cpp/plugins/motionplayer/PlayerLayerQuery.cpp; cpp/plugins/motionplayer/PlayerResource.cpp; cpp/plugins/motionplayer/RuntimeSupport.cpp; cpp/plugins/motionplayer/SourceCache.cpp	cpp/plugins/motionplayer/MotionDispatch.h:24	PRESERVE_NO_SOURCE_NAME_EVIDENCE	Semantic body/layout evidence exists where mapped; no trustworthy four-target source-level identifier evidence authorizes removing _guess		retain
boundsIntersectRect_guess	2	cpp/plugins/motionplayer/MotionRenderBackend.cpp	cpp/plugins/motionplayer/MotionRenderBackend.cpp:194	PRESERVE_NO_SOURCE_NAME_EVIDENCE	Semantic body/layout evidence exists where mapped; no trustworthy four-target source-level identifier evidence authorizes removing _guess		retain
boundsScalarIsValid_guess	5	cpp/plugins/motionplayer/PlayerCore.cpp	cpp/plugins/motionplayer/PlayerCore.cpp:51	PRESERVE_NO_SOURCE_NAME_EVIDENCE	Semantic body/layout evidence exists where mapped; no trustworthy four-target source-level identifier evidence authorizes removing _guess		retain
bufLayerMemberHint_guess	3	cpp/plugins/motionplayer/MotionDispatch.h; cpp/plugins/motionplayer/PlayerRenderExecute.cpp; cpp/plugins/motionplayer/RuntimeSupport.cpp	cpp/plugins/motionplayer/MotionDispatch.h:237	PRESERVE_NO_SOURCE_NAME_EVIDENCE	Semantic body/layout evidence exists where mapped; no trustworthy four-target source-level identifier evidence authorizes removing _guess		retain
buildAndSubmitMeshTriangles_guess	5	cpp/plugins/motionplayer/MotionLayerExtensions.cpp; cpp/plugins/motionplayer/MotionRenderBackend.cpp; cpp/plugins/motionplayer/MotionRenderBackend.h; cpp/plugins/motionplayer/PlayerRenderTargets.cpp; cpp/plugins/motionplayer/PrivateMotionGLL.cpp	cpp/plugins/motionplayer/MotionLayerExtensions.cpp:686	PRESERVE_NO_SOURCE_NAME_EVIDENCE	Semantic body/layout evidence exists where mapped; no trustworthy four-target source-level identifier evidence authorizes removing _guess		retain
buildBilinearMeshGrid_guess	2	cpp/plugins/motionplayer/PlayerUpdateGeometry.cpp; cpp/plugins/motionplayer/PlayerUpdateLayersInternal.h	cpp/plugins/motionplayer/PlayerUpdateGeometry.cpp:413	PRESERVE_NO_SOURCE_NAME_EVIDENCE	Semantic body/layout evidence exists where mapped; no trustworthy four-target source-level identifier evidence authorizes removing _guess		retain
buildBustControl_guess	3	cpp/plugins/motionplayer/EmoteEngine.cpp; cpp/plugins/motionplayer/EmoteEngine.h	cpp/plugins/motionplayer/EmoteEngine.cpp:1481	PRESERVE_NO_SOURCE_NAME_EVIDENCE	Semantic body/layout evidence exists where mapped; no trustworthy four-target source-level identifier evidence authorizes removing _guess		retain
buildChainControl_guess	4	cpp/plugins/motionplayer/EmoteEngine.cpp; cpp/plugins/motionplayer/EmoteEngine.h	cpp/plugins/motionplayer/EmoteEngine.cpp:1483	PRESERVE_NO_SOURCE_NAME_EVIDENCE	Semantic body/layout evidence exists where mapped; no trustworthy four-target source-level identifier evidence authorizes removing _guess		retain
buildClampControl_guess	3	cpp/plugins/motionplayer/EmoteEngine.cpp; cpp/plugins/motionplayer/EmoteEngine.h	cpp/plugins/motionplayer/EmoteEngine.cpp:1503	PRESERVE_NO_SOURCE_NAME_EVIDENCE	Semantic body/layout evidence exists where mapped; no trustworthy four-target source-level identifier evidence authorizes removing _guess		retain
buildEyeControl_guess	3	cpp/plugins/motionplayer/EmoteEngine.cpp; cpp/plugins/motionplayer/EmoteEngine.h	cpp/plugins/motionplayer/EmoteEngine.cpp:1487	PRESERVE_NO_SOURCE_NAME_EVIDENCE	Semantic body/layout evidence exists where mapped; no trustworthy four-target source-level identifier evidence authorizes removing _guess		retain
buildEyebrowControl_guess	3	cpp/plugins/motionplayer/EmoteEngine.cpp; cpp/plugins/motionplayer/EmoteEngine.h	cpp/plugins/motionplayer/EmoteEngine.cpp:1489	PRESERVE_NO_SOURCE_NAME_EVIDENCE	Semantic body/layout evidence exists where mapped; no trustworthy four-target source-level identifier evidence authorizes removing _guess		retain
buildInstantVariableList_guess	3	cpp/plugins/motionplayer/EmoteEngine.cpp; cpp/plugins/motionplayer/EmoteEngine.h	cpp/plugins/motionplayer/EmoteEngine.cpp:1509	PRESERVE_NO_SOURCE_NAME_EVIDENCE	Semantic body/layout evidence exists where mapped; no trustworthy four-target source-level identifier evidence authorizes removing _guess		retain
buildKrkrAtlasGroup_guess	2	cpp/plugins/motionplayer/PlayerResource.cpp	cpp/plugins/motionplayer/PlayerResource.cpp:423	PRESERVE_NO_SOURCE_NAME_EVIDENCE	Semantic body/layout evidence exists where mapped; no trustworthy four-target source-level identifier evidence authorizes removing _guess		retain
buildLoopControl_guess	3	cpp/plugins/motionplayer/EmoteEngine.cpp; cpp/plugins/motionplayer/EmoteEngine.h	cpp/plugins/motionplayer/EmoteEngine.cpp:1501	PRESERVE_NO_SOURCE_NAME_EVIDENCE	Semantic body/layout evidence exists where mapped; no trustworthy four-target source-level identifier evidence authorizes removing _guess		retain
buildMeshPointTJSArrayVariant_guess	8	cpp/plugins/motionplayer/PlayerRenderExecute.cpp; cpp/plugins/motionplayer/PlayerRenderInternal.cpp; cpp/plugins/motionplayer/PlayerRenderInternal.h; cpp/plugins/motionplayer/PlayerRenderTargets.cpp	cpp/plugins/motionplayer/PlayerRenderExecute.cpp:216	PRESERVE_NO_SOURCE_NAME_EVIDENCE	Semantic body/layout evidence exists where mapped; no trustworthy four-target source-level identifier evidence authorizes removing _guess		retain
buildMirrorControl_guess	4	cpp/plugins/motionplayer/EmoteEngine.cpp; cpp/plugins/motionplayer/EmoteEngine.h	cpp/plugins/motionplayer/EmoteEngine.cpp:1505	PRESERVE_NO_SOURCE_NAME_EVIDENCE	Semantic body/layout evidence exists where mapped; no trustworthy four-target source-level identifier evidence authorizes removing _guess		retain
buildMouthControl_guess	3	cpp/plugins/motionplayer/EmoteEngine.cpp; cpp/plugins/motionplayer/EmoteEngine.h	cpp/plugins/motionplayer/EmoteEngine.cpp:1491	PRESERVE_NO_SOURCE_NAME_EVIDENCE	Semantic body/layout evidence exists where mapped; no trustworthy four-target source-level identifier evidence authorizes removing _guess		retain
buildNodePathKey_guess	4	cpp/plugins/motionplayer/PlayerFrameProgress.cpp; cpp/plugins/motionplayer/RuntimeSupport.cpp; cpp/plugins/motionplayer/RuntimeSupport.h	cpp/plugins/motionplayer/PlayerFrameProgress.cpp:652	PRESERVE_NO_SOURCE_NAME_EVIDENCE	Semantic body/layout evidence exists where mapped; no trustworthy four-target source-level identifier evidence authorizes removing _guess		retain
buildNodeTreeRecursive_guess	3	cpp/plugins/motionplayer/NodeTree.cpp	cpp/plugins/motionplayer/NodeTree.cpp:245	PRESERVE_NO_SOURCE_NAME_EVIDENCE	Semantic body/layout evidence exists where mapped; no trustworthy four-target source-level identifier evidence authorizes removing _guess		retain
buildNodeTree_guess	4	cpp/plugins/motionplayer/NodeTree.h; cpp/plugins/motionplayer/Player.h; cpp/plugins/motionplayer/PlayerCore.cpp; cpp/plugins/motionplayer/PlayerMotionLoad.cpp	cpp/plugins/motionplayer/NodeTree.h:25	PRESERVE_NO_SOURCE_NAME_EVIDENCE	Semantic body/layout evidence exists where mapped; no trustworthy four-target source-level identifier evidence authorizes removing _guess	analysis/motionplayer_player_build_node_tree_four_binary_2026-08-27.md; analysis/motionplayer_raw_label_resolver_caller_closure_four_binary_2026-08-27.md	retain
buildPrivateMotionGLLCommands_guess	3	cpp/plugins/motionplayer/Player.h; cpp/plugins/motionplayer/PlayerRenderTargets.cpp	cpp/plugins/motionplayer/Player.h:619	PRESERVE_NO_SOURCE_NAME_EVIDENCE	Semantic body/layout evidence exists where mapped; no trustworthy four-target source-level identifier evidence authorizes removing _guess	analysis/motionplayer_player_direct_sla_and_private_layer_four_binary_2026-08-27.md	retain
buildSelectorControl_guess	3	cpp/plugins/motionplayer/EmoteEngine.cpp; cpp/plugins/motionplayer/EmoteEngine.h	cpp/plugins/motionplayer/EmoteEngine.cpp:1498	PRESERVE_NO_SOURCE_NAME_EVIDENCE	Semantic body/layout evidence exists where mapped; no trustworthy four-target source-level identifier evidence authorizes removing _guess		retain
buildShapeVariant_guess	2	cpp/plugins/motionplayer/PlayerLayerQuery.cpp	cpp/plugins/motionplayer/PlayerLayerQuery.cpp:79	PRESERVE_NO_SOURCE_NAME_EVIDENCE	Semantic body/layout evidence exists where mapped; no trustworthy four-target source-level identifier evidence authorizes removing _guess	analysis/motionplayer_layergetter_shape_motion_particle_lifetime_four_binary_2026-08-26.md	retain
buildTimelineControl_guess	3	cpp/plugins/motionplayer/EmoteEngine.cpp; cpp/plugins/motionplayer/EmoteEngine.h	cpp/plugins/motionplayer/EmoteEngine.cpp:1512	PRESERVE_NO_SOURCE_NAME_EVIDENCE	Semantic body/layout evidence exists where mapped; no trustworthy four-target source-level identifier evidence authorizes removing _guess		retain
buildTransitionControl_guess	3	cpp/plugins/motionplayer/EmoteEngine.cpp; cpp/plugins/motionplayer/EmoteEngine.h	cpp/plugins/motionplayer/EmoteEngine.cpp:1493	PRESERVE_NO_SOURCE_NAME_EVIDENCE	Semantic body/layout evidence exists where mapped; no trustworthy four-target source-level identifier evidence authorizes removing _guess		retain
buildVariableList_guess	3	cpp/plugins/motionplayer/EmoteEngine.cpp; cpp/plugins/motionplayer/EmoteEngine.h	cpp/plugins/motionplayer/EmoteEngine.cpp:992	PRESERVE_NO_SOURCE_NAME_EVIDENCE	Semantic body/layout evidence exists where mapped; no trustworthy four-target source-level identifier evidence authorizes removing _guess		retain
calcBoundsForDifferentialTest_guess	1	cpp/plugins/motionplayer/Player.h	cpp/plugins/motionplayer/Player.h:1056	TEST_ONLY_LOCAL_LABEL	Unregistered test seam; not a claimed reference source identifier		retain
calcCmeshMemberHint_guess	3	cpp/plugins/motionplayer/MotionDispatch.h; cpp/plugins/motionplayer/PlayerLayerQuery.cpp; cpp/plugins/motionplayer/RuntimeSupport.cpp	cpp/plugins/motionplayer/MotionDispatch.h:281	PRESERVE_NO_SOURCE_NAME_EVIDENCE	Semantic body/layout evidence exists where mapped; no trustworthy four-target source-level identifier evidence authorizes removing _guess		retain
calcInvMatrixMemberHint_guess	3	cpp/plugins/motionplayer/MotionDispatch.h; cpp/plugins/motionplayer/PlayerLayerQuery.cpp; cpp/plugins/motionplayer/RuntimeSupport.cpp	cpp/plugins/motionplayer/MotionDispatch.h:279	PRESERVE_NO_SOURCE_NAME_EVIDENCE	Semantic body/layout evidence exists where mapped; no trustworthy four-target source-level identifier evidence authorizes removing _guess		retain
calcInvOffsetMemberHint_guess	3	cpp/plugins/motionplayer/MotionDispatch.h; cpp/plugins/motionplayer/PlayerLayerQuery.cpp; cpp/plugins/motionplayer/RuntimeSupport.cpp	cpp/plugins/motionplayer/MotionDispatch.h:278	PRESERVE_NO_SOURCE_NAME_EVIDENCE	Semantic body/layout evidence exists where mapped; no trustworthy four-target source-level identifier evidence authorizes removing _guess		retain
calcMatrixMemberHint_guess	3	cpp/plugins/motionplayer/MotionDispatch.h; cpp/plugins/motionplayer/PlayerLayerQuery.cpp; cpp/plugins/motionplayer/RuntimeSupport.cpp	cpp/plugins/motionplayer/MotionDispatch.h:282	PRESERVE_NO_SOURCE_NAME_EVIDENCE	Semantic body/layout evidence exists where mapped; no trustworthy four-target source-level identifier evidence authorizes removing _guess		retain
calcMbpMemberHint_guess	3	cpp/plugins/motionplayer/MotionDispatch.h; cpp/plugins/motionplayer/PlayerLayerQuery.cpp; cpp/plugins/motionplayer/RuntimeSupport.cpp	cpp/plugins/motionplayer/MotionDispatch.h:277	PRESERVE_NO_SOURCE_NAME_EVIDENCE	Semantic body/layout evidence exists where mapped; no trustworthy four-target source-level identifier evidence authorizes removing _guess		retain
calcViewMeshDivision_guess	3	cpp/plugins/motionplayer/PlayerInternal.h; cpp/plugins/motionplayer/PlayerLayerQuery.cpp	cpp/plugins/motionplayer/PlayerInternal.h:64	PRESERVE_NO_SOURCE_NAME_EVIDENCE	Semantic body/layout evidence exists where mapped; no trustworthy four-target source-level identifier evidence authorizes removing _guess	analysis/motionplayer_player_calc_view_param_four_binary_2026-08-27.md	retain
calculateBezierPatchPoint_guess	3	cpp/plugins/motionplayer/MotionLayerExtensions.cpp	cpp/plugins/motionplayer/MotionLayerExtensions.cpp:303	PRESERVE_NO_SOURCE_NAME_EVIDENCE	Semantic body/layout evidence exists where mapped; no trustworthy four-target source-level identifier evidence authorizes removing _guess		retain
callAssignImages_guess	2	cpp/plugins/motionplayer/SeparateLayerAdaptor.cpp	cpp/plugins/motionplayer/SeparateLayerAdaptor.cpp:114	PRESERVE_NO_SOURCE_NAME_EVIDENCE	Semantic body/layout evidence exists where mapped; no trustworthy four-target source-level identifier evidence authorizes removing _guess		retain
callLayerAffineCopy_guess	5	cpp/plugins/motionplayer/PlayerRenderExecute.cpp; cpp/plugins/motionplayer/PlayerRenderInternal.cpp; cpp/plugins/motionplayer/PlayerRenderInternal.h; cpp/plugins/motionplayer/PlayerRenderTargets.cpp	cpp/plugins/motionplayer/PlayerRenderExecute.cpp:194	PRESERVE_NO_SOURCE_NAME_EVIDENCE	Semantic body/layout evidence exists where mapped; no trustworthy four-target source-level identifier evidence authorizes removing _guess		retain
callLayerBezierPatchCopy_guess	5	cpp/plugins/motionplayer/PlayerRenderExecute.cpp; cpp/plugins/motionplayer/PlayerRenderInternal.cpp; cpp/plugins/motionplayer/PlayerRenderInternal.h; cpp/plugins/motionplayer/PlayerRenderTargets.cpp	cpp/plugins/motionplayer/PlayerRenderExecute.cpp:220	PRESERVE_NO_SOURCE_NAME_EVIDENCE	Semantic body/layout evidence exists where mapped; no trustworthy four-target source-level identifier evidence authorizes removing _guess		retain
callLayerDrawingMethod_guess	9	cpp/plugins/motionplayer/MotionLayerExtensions.cpp	cpp/plugins/motionplayer/MotionLayerExtensions.cpp:394	PRESERVE_NO_SOURCE_NAME_EVIDENCE	Semantic body/layout evidence exists where mapped; no trustworthy four-target source-level identifier evidence authorizes removing _guess		retain
callLayerFillRect4_guess	4	cpp/plugins/motionplayer/PlayerRenderExecute.cpp; cpp/plugins/motionplayer/PlayerRenderInternal.cpp; cpp/plugins/motionplayer/PlayerRenderInternal.h; cpp/plugins/motionplayer/PlayerRenderTargets.cpp	cpp/plugins/motionplayer/PlayerRenderExecute.cpp:828	PRESERVE_NO_SOURCE_NAME_EVIDENCE	Semantic body/layout evidence exists where mapped; no trustworthy four-target source-level identifier evidence authorizes removing _guess		retain
callLayerFillRect5_guess	3	cpp/plugins/motionplayer/PlayerRenderExecute.cpp; cpp/plugins/motionplayer/PlayerRenderInternal.cpp; cpp/plugins/motionplayer/PlayerRenderInternal.h	cpp/plugins/motionplayer/PlayerRenderExecute.cpp:353	PRESERVE_NO_SOURCE_NAME_EVIDENCE	Semantic body/layout evidence exists where mapped; no trustworthy four-target source-level identifier evidence authorizes removing _guess		retain
callLayerFillRectInteger_guess	3	cpp/plugins/motionplayer/PlayerRenderInternal.cpp	cpp/plugins/motionplayer/PlayerRenderInternal.cpp:39	PRESERVE_NO_SOURCE_NAME_EVIDENCE	Semantic body/layout evidence exists where mapped; no trustworthy four-target source-level identifier evidence authorizes removing _guess		retain
callLayerMeshCopy_guess	5	cpp/plugins/motionplayer/PlayerRenderExecute.cpp; cpp/plugins/motionplayer/PlayerRenderInternal.cpp; cpp/plugins/motionplayer/PlayerRenderInternal.h; cpp/plugins/motionplayer/PlayerRenderTargets.cpp	cpp/plugins/motionplayer/PlayerRenderExecute.cpp:226	PRESERVE_NO_SOURCE_NAME_EVIDENCE	Semantic body/layout evidence exists where mapped; no trustworthy four-target source-level identifier evidence authorizes removing _guess		retain
callLayerMeshFamily_guess	5	cpp/plugins/motionplayer/PlayerRenderInternal.cpp	cpp/plugins/motionplayer/PlayerRenderInternal.cpp:448	PRESERVE_NO_SOURCE_NAME_EVIDENCE	Semantic body/layout evidence exists where mapped; no trustworthy four-target source-level identifier evidence authorizes removing _guess		retain
callLayerOperateAffine_guess	3	cpp/plugins/motionplayer/PlayerRenderExecute.cpp; cpp/plugins/motionplayer/PlayerRenderInternal.cpp; cpp/plugins/motionplayer/PlayerRenderInternal.h	cpp/plugins/motionplayer/PlayerRenderExecute.cpp:659	PRESERVE_NO_SOURCE_NAME_EVIDENCE	Semantic body/layout evidence exists where mapped; no trustworthy four-target source-level identifier evidence authorizes removing _guess		retain
callLayerOperateBezierPatch_guess	3	cpp/plugins/motionplayer/PlayerRenderExecute.cpp; cpp/plugins/motionplayer/PlayerRenderInternal.cpp; cpp/plugins/motionplayer/PlayerRenderInternal.h	cpp/plugins/motionplayer/PlayerRenderExecute.cpp:687	PRESERVE_NO_SOURCE_NAME_EVIDENCE	Semantic body/layout evidence exists where mapped; no trustworthy four-target source-level identifier evidence authorizes removing _guess		retain
callLayerOperateMesh_guess	3	cpp/plugins/motionplayer/PlayerRenderExecute.cpp; cpp/plugins/motionplayer/PlayerRenderInternal.cpp; cpp/plugins/motionplayer/PlayerRenderInternal.h	cpp/plugins/motionplayer/PlayerRenderExecute.cpp:693	PRESERVE_NO_SOURCE_NAME_EVIDENCE	Semantic body/layout evidence exists where mapped; no trustworthy four-target source-level identifier evidence authorizes removing _guess		retain
callLayerOperateRect_guess	3	cpp/plugins/motionplayer/PlayerRenderExecute.cpp; cpp/plugins/motionplayer/PlayerRenderInternal.cpp; cpp/plugins/motionplayer/PlayerRenderInternal.h	cpp/plugins/motionplayer/PlayerRenderExecute.cpp:837	PRESERVE_NO_SOURCE_NAME_EVIDENCE	Semantic body/layout evidence exists where mapped; no trustworthy four-target source-level identifier evidence authorizes removing _guess		retain
callLayerPropGetInt_guess	6	cpp/plugins/motionplayer/PlayerRenderExecute.cpp; cpp/plugins/motionplayer/PlayerRenderInternal.cpp; cpp/plugins/motionplayer/PlayerRenderInternal.h; cpp/plugins/motionplayer/PlayerRenderTargets.cpp	cpp/plugins/motionplayer/PlayerRenderExecute.cpp:724	PRESERVE_NO_SOURCE_NAME_EVIDENCE	Semantic body/layout evidence exists where mapped; no trustworthy four-target source-level identifier evidence authorizes removing _guess		retain
callLayerRectMethod_guess	4	cpp/plugins/motionplayer/MotionLayerExtensions.cpp	cpp/plugins/motionplayer/MotionLayerExtensions.cpp:408	PRESERVE_NO_SOURCE_NAME_EVIDENCE	Semantic body/layout evidence exists where mapped; no trustworthy four-target source-level identifier evidence authorizes removing _guess		retain
callLayerResetClip_guess	4	cpp/plugins/motionplayer/PlayerRenderExecute.cpp; cpp/plugins/motionplayer/PlayerRenderInternal.cpp; cpp/plugins/motionplayer/PlayerRenderInternal.h	cpp/plugins/motionplayer/PlayerRenderExecute.cpp:564	PRESERVE_NO_SOURCE_NAME_EVIDENCE	Semantic body/layout evidence exists where mapped; no trustworthy four-target source-level identifier evidence authorizes removing _guess		retain
callLayerSetClip_guess	3	cpp/plugins/motionplayer/PlayerRenderExecute.cpp; cpp/plugins/motionplayer/PlayerRenderInternal.cpp; cpp/plugins/motionplayer/PlayerRenderInternal.h	cpp/plugins/motionplayer/PlayerRenderExecute.cpp:555	PRESERVE_NO_SOURCE_NAME_EVIDENCE	Semantic body/layout evidence exists where mapped; no trustworthy four-target source-level identifier evidence authorizes removing _guess		retain
callLayerSetSizeReal_guess	7	cpp/plugins/motionplayer/PlayerRenderExecute.cpp; cpp/plugins/motionplayer/PlayerRenderInternal.cpp; cpp/plugins/motionplayer/PlayerRenderInternal.h; cpp/plugins/motionplayer/PlayerRenderTargets.cpp	cpp/plugins/motionplayer/PlayerRenderExecute.cpp:174	PRESERVE_NO_SOURCE_NAME_EVIDENCE	Semantic body/layout evidence exists where mapped; no trustworthy four-target source-level identifier evidence authorizes removing _guess		retain
callLayerUpdateInteger_guess	2	cpp/plugins/motionplayer/PlayerRenderInternal.cpp	cpp/plugins/motionplayer/PlayerRenderInternal.cpp:57	PRESERVE_NO_SOURCE_NAME_EVIDENCE	Semantic body/layout evidence exists where mapped; no trustworthy four-target source-level identifier evidence authorizes removing _guess		retain
callSetSize_guess	2	cpp/plugins/motionplayer/SeparateLayerAdaptor.cpp	cpp/plugins/motionplayer/SeparateLayerAdaptor.cpp:103	PRESERVE_NO_SOURCE_NAME_EVIDENCE	Semantic body/layout evidence exists where mapped; no trustworthy four-target source-level identifier evidence authorizes removing _guess		retain
cameraDampingForDifferentialTest_guess	1	cpp/plugins/motionplayer/Player.h	cpp/plugins/motionplayer/Player.h:1146	TEST_ONLY_LOCAL_LABEL	Unregistered test seam; not a claimed reference source identifier		retain
cameraNodeAngleDegrees_guess	2	cpp/plugins/motionplayer/PlayerUpdateGeometry.cpp; cpp/plugins/motionplayer/PlayerUpdateLayersInternal.h	cpp/plugins/motionplayer/PlayerUpdateGeometry.cpp:591	PRESERVE_NO_SOURCE_NAME_EVIDENCE	Semantic body/layout evidence exists where mapped; no trustworthy four-target source-level identifier evidence authorizes removing _guess		retain
cameraVelocityXForDifferentialTest_guess	1	cpp/plugins/motionplayer/Player.h	cpp/plugins/motionplayer/Player.h:1134	TEST_ONLY_LOCAL_LABEL	Unregistered test seam; not a claimed reference source identifier		retain
cameraVelocityYForDifferentialTest_guess	1	cpp/plugins/motionplayer/Player.h	cpp/plugins/motionplayer/Player.h:1138	TEST_ONLY_LOCAL_LABEL	Unregistered test seam; not a claimed reference source identifier		retain
cameraVelocityZForDifferentialTest_guess	1	cpp/plugins/motionplayer/Player.h	cpp/plugins/motionplayer/Player.h:1142	TEST_ONLY_LOCAL_LABEL	Unregistered test seam; not a claimed reference source identifier		retain
carriedRgbBase_guess	4	cpp/plugins/motionplayer/PlayerUpdateAnchor.cpp	cpp/plugins/motionplayer/PlayerUpdateAnchor.cpp:11	PRESERVE_NO_SOURCE_NAME_EVIDENCE	Semantic body/layout evidence exists where mapped; no trustworthy four-target source-level identifier evidence authorizes removing _guess		retain
clampAnchorColorResult_guess	3	cpp/plugins/motionplayer/PlayerUpdateLayersInternal.h	cpp/plugins/motionplayer/PlayerUpdateLayersInternal.h:188	PRESERVE_NO_SOURCE_NAME_EVIDENCE	Semantic body/layout evidence exists where mapped; no trustworthy four-target source-level identifier evidence authorizes removing _guess		retain
clampAnchorOpacityResult_guess	2	cpp/plugins/motionplayer/PlayerUpdateLayersInternal.h	cpp/plugins/motionplayer/PlayerUpdateLayersInternal.h:177	PRESERVE_NO_SOURCE_NAME_EVIDENCE	Semantic body/layout evidence exists where mapped; no trustworthy four-target source-level identifier evidence authorizes removing _guess		retain
clampShapeMaximumToParent_guess	3	cpp/plugins/motionplayer/PlayerUpdateGeometry.cpp; cpp/plugins/motionplayer/PlayerUpdateLayersInternal.h	cpp/plugins/motionplayer/PlayerUpdateGeometry.cpp:639	PRESERVE_NO_SOURCE_NAME_EVIDENCE	Semantic body/layout evidence exists where mapped; no trustworthy four-target source-level identifier evidence authorizes removing _guess	analysis/motionplayer_player_shape_aabb_four_binary_2026-08-27.md	retain
clampShapeMinimumToParent_guess	3	cpp/plugins/motionplayer/PlayerUpdateGeometry.cpp; cpp/plugins/motionplayer/PlayerUpdateLayersInternal.h	cpp/plugins/motionplayer/PlayerUpdateGeometry.cpp:635	PRESERVE_NO_SOURCE_NAME_EVIDENCE	Semantic body/layout evidence exists where mapped; no trustworthy four-target source-level identifier evidence authorizes removing _guess	analysis/motionplayer_player_shape_aabb_four_binary_2026-08-27.md	retain
clearCanonicalResourceManagerForDifferentialTest_guess	1	cpp/plugins/motionplayer/Player.h	cpp/plugins/motionplayer/Player.h:1276	TEST_ONLY_LOCAL_LABEL	Unregistered test seam; not a claimed reference source identifier		retain
clearCurrentDispatchForDifferentialTest_guess	1	cpp/plugins/motionplayer/Player.h	cpp/plugins/motionplayer/Player.h:1177	TEST_ONLY_LOCAL_LABEL	Unregistered test seam; not a claimed reference source identifier		retain
clearFirstVariableFrameSourceForDifferentialTest_guess	1	cpp/plugins/motionplayer/Player.h	cpp/plugins/motionplayer/Player.h:1003	TEST_ONLY_LOCAL_LABEL	Unregistered test seam; not a claimed reference source identifier		retain
clearJoinSnapshotMaps_guess	5	cpp/plugins/motionplayer/Player.h; cpp/plugins/motionplayer/PlayerFrameProgress.cpp	cpp/plugins/motionplayer/Player.h:750	PRESERVE_NO_SOURCE_NAME_EVIDENCE	Semantic body/layout evidence exists where mapped; no trustworthy four-target source-level identifier evidence authorizes removing _guess		retain
clearPriorityFrameSourceForDifferentialTest_guess	1	cpp/plugins/motionplayer/Player.h	cpp/plugins/motionplayer/Player.h:901	TEST_ONLY_LOCAL_LABEL	Unregistered test seam; not a claimed reference source identifier		retain
clearPrivateMotionGLLRenderQueue_guess	6	cpp/plugins/motionplayer/PlayerRenderTargets.cpp; cpp/plugins/motionplayer/PrivateMotionGLL.cpp; cpp/plugins/motionplayer/PrivateMotionGLL.h	cpp/plugins/motionplayer/PlayerRenderTargets.cpp:572	PRESERVE_NO_SOURCE_NAME_EVIDENCE	Semantic body/layout evidence exists where mapped; no trustworthy four-target source-level identifier evidence authorizes removing _guess		retain
clearRenderQueue_guess	2	cpp/plugins/motionplayer/PrivateMotionGLL.cpp	cpp/plugins/motionplayer/PrivateMotionGLL.cpp:338	PRESERVE_NO_SOURCE_NAME_EVIDENCE	Semantic body/layout evidence exists where mapped; no trustworthy four-target source-level identifier evidence authorizes removing _guess		retain
clearTagFrameSourceForDifferentialTest_guess	1	cpp/plugins/motionplayer/Player.h	cpp/plugins/motionplayer/Player.h:898	TEST_ONLY_LOCAL_LABEL	Unregistered test seam; not a claimed reference source identifier		retain
clearWholeLayer_guess	3	cpp/plugins/motionplayer/MotionLayerExtensions.cpp	cpp/plugins/motionplayer/MotionLayerExtensions.cpp:430	PRESERVE_NO_SOURCE_NAME_EVIDENCE	Semantic body/layout evidence exists where mapped; no trustworthy four-target source-level identifier evidence authorizes removing _guess		retain
clipMemberHint_guess	4	cpp/plugins/motionplayer/MotionDispatch.h; cpp/plugins/motionplayer/PlayerLayerQuery.cpp; cpp/plugins/motionplayer/PlayerResource.cpp; cpp/plugins/motionplayer/RuntimeSupport.cpp	cpp/plugins/motionplayer/MotionDispatch.h:20	PRESERVE_NO_SOURCE_NAME_EVIDENCE	Semantic body/layout evidence exists where mapped; no trustworthy four-target source-level identifier evidence authorizes removing _guess		retain
clipRectMemberHint_guess	4	cpp/plugins/motionplayer/MotionDispatch.h; cpp/plugins/motionplayer/PlayerLayerQuery.cpp; cpp/plugins/motionplayer/RuntimeSupport.cpp	cpp/plugins/motionplayer/MotionDispatch.h:96	PRESERVE_NO_SOURCE_NAME_EVIDENCE	Semantic body/layout evidence exists where mapped; no trustworthy four-target source-level identifier evidence authorizes removing _guess		retain
clone_guess	3	cpp/plugins/motionplayer/EmotePlayer.cpp; cpp/plugins/motionplayer/EmotePlayer.h	cpp/plugins/motionplayer/EmotePlayer.cpp:125	PRESERVE_NO_SOURCE_NAME_EVIDENCE	Semantic body/layout evidence exists where mapped; no trustworthy four-target source-level identifier evidence authorizes removing _guess		retain
colorMemberHint_guess	7	cpp/plugins/motionplayer/MotionDispatch.h; cpp/plugins/motionplayer/PlayerCore.cpp; cpp/plugins/motionplayer/PlayerLayerQuery.cpp; cpp/plugins/motionplayer/PlayerUpdateLayerEval.cpp; cpp/plugins/motionplayer/RuntimeSupport.cpp; cpp/plugins/motionplayer/SourceCache.cpp	cpp/plugins/motionplayer/MotionDispatch.h:123	PRESERVE_NO_SOURCE_NAME_EVIDENCE	Semantic body/layout evidence exists where mapped; no trustworthy four-target source-level identifier evidence authorizes removing _guess		retain
commandIdMemberHint_guess	4	cpp/plugins/motionplayer/MotionDispatch.h; cpp/plugins/motionplayer/PlayerLayerQuery.cpp; cpp/plugins/motionplayer/PlayerVariable.cpp; cpp/plugins/motionplayer/RuntimeSupport.cpp	cpp/plugins/motionplayer/MotionDispatch.h:180	PRESERVE_NO_SOURCE_NAME_EVIDENCE	Semantic body/layout evidence exists where mapped; no trustworthy four-target source-level identifier evidence authorizes removing _guess		retain
commandKeyMemberHint_guess	7	cpp/plugins/motionplayer/MotionDispatch.h; cpp/plugins/motionplayer/PlayerLayerQuery.cpp; cpp/plugins/motionplayer/PlayerRenderExecute.cpp; cpp/plugins/motionplayer/RuntimeSupport.cpp; cpp/plugins/motionplayer/SourceCache.cpp	cpp/plugins/motionplayer/MotionDispatch.h:93	PRESERVE_NO_SOURCE_NAME_EVIDENCE	Semantic body/layout evidence exists where mapped; no trustworthy four-target source-level identifier evidence authorizes removing _guess		retain
composePreparedGroupLayersForDifferentialTest_guess	1	cpp/plugins/motionplayer/Player.h	cpp/plugins/motionplayer/Player.h:1118	TEST_ONLY_LOCAL_LABEL	Unregistered test seam; not a claimed reference source identifier		retain
composePreparedGroupLayers_guess	4	cpp/plugins/motionplayer/Player.h; cpp/plugins/motionplayer/PlayerRenderExecute.cpp	cpp/plugins/motionplayer/Player.h:666	PRESERVE_NO_SOURCE_NAME_EVIDENCE	Semantic body/layout evidence exists where mapped; no trustworthy four-target source-level identifier evidence authorizes removing _guess	analysis/motionplayer_build_render_commands_four_binary_2026-08-27.md	retain
compositeMeshMemberHint_guess	3	cpp/plugins/motionplayer/MotionDispatch.h; cpp/plugins/motionplayer/PlayerLayerQuery.cpp; cpp/plugins/motionplayer/RuntimeSupport.cpp	cpp/plugins/motionplayer/MotionDispatch.h:98	PRESERVE_NO_SOURCE_NAME_EVIDENCE	Semantic body/layout evidence exists where mapped; no trustworthy four-target source-level identifier evidence authorizes removing _guess		retain
computeAccurateSlaClipForDifferentialTest_guess	2	cpp/plugins/motionplayer/PlayerRenderInternal.h; cpp/plugins/motionplayer/PlayerRenderTargets.cpp	cpp/plugins/motionplayer/PlayerRenderInternal.h:240	TEST_ONLY_LOCAL_LABEL	Unregistered test seam; not a claimed reference source identifier		retain
computeAccurateSlaClip_guess	3	cpp/plugins/motionplayer/PlayerRenderTargets.cpp	cpp/plugins/motionplayer/PlayerRenderTargets.cpp:165	PRESERVE_NO_SOURCE_NAME_EVIDENCE	Semantic body/layout evidence exists where mapped; no trustworthy four-target source-level identifier evidence authorizes removing _guess		retain
computeD3DClipForDifferentialTest_guess	2	cpp/plugins/motionplayer/PlayerRenderInternal.h; cpp/plugins/motionplayer/PlayerRenderTargets.cpp	cpp/plugins/motionplayer/PlayerRenderInternal.h:235	TEST_ONLY_LOCAL_LABEL	Unregistered test seam; not a claimed reference source identifier		retain
computeD3DClip_guess	4	cpp/plugins/motionplayer/PlayerRenderTargets.cpp	cpp/plugins/motionplayer/PlayerRenderTargets.cpp:279	PRESERVE_NO_SOURCE_NAME_EVIDENCE	Semantic body/layout evidence exists where mapped; no trustworthy four-target source-level identifier evidence authorizes removing _guess	analysis/motionplayer_private_gll_command_builder_four_binary_2026-08-27.md	retain
computeParticleOutsideRect_guess	6	cpp/plugins/motionplayer/Player.h; cpp/plugins/motionplayer/PlayerInternal.h; cpp/plugins/motionplayer/PlayerRenderTargets.cpp; cpp/plugins/motionplayer/PlayerUpdateParticles.cpp	cpp/plugins/motionplayer/Player.h:632	PRESERVE_NO_SOURCE_NAME_EVIDENCE	Semantic body/layout evidence exists where mapped; no trustworthy four-target source-level identifier evidence authorizes removing _guess		retain
configureIncrementalStreamsForDifferentialTest_guess	1	cpp/plugins/motionplayer/Player.h	cpp/plugins/motionplayer/Player.h:926	TEST_ONLY_LOCAL_LABEL	Unregistered test seam; not a claimed reference source identifier		retain
configureShellForDifferentialTest_guess	2	cpp/plugins/motionplayer/D3DAdaptor.cpp; cpp/plugins/motionplayer/D3DAdaptor.h	cpp/plugins/motionplayer/D3DAdaptor.cpp:243	TEST_ONLY_LOCAL_LABEL	Unregistered test seam; not a claimed reference source identifier		retain
configureVariableTrackIncrementalForDifferentialTest_guess	1	cpp/plugins/motionplayer/Player.h	cpp/plugins/motionplayer/Player.h:1022	TEST_ONLY_LOCAL_LABEL	Unregistered test seam; not a claimed reference source identifier		retain
contentMemberHint_guess	5	cpp/plugins/motionplayer/MotionDispatch.h; cpp/plugins/motionplayer/PlayerTimeline.cpp; cpp/plugins/motionplayer/PlayerUpdateLayerEval.cpp; cpp/plugins/motionplayer/RuntimeSupport.cpp	cpp/plugins/motionplayer/MotionDispatch.h:108	PRESERVE_NO_SOURCE_NAME_EVIDENCE	Semantic body/layout evidence exists where mapped; no trustworthy four-target source-level identifier evidence authorizes removing _guess		retain
controllerExponentHint_guess	13	cpp/plugins/motionplayer/EmoteEngine.cpp; cpp/plugins/motionplayer/MotionDispatch.h; cpp/plugins/motionplayer/RuntimeSupport.cpp	cpp/plugins/motionplayer/EmoteEngine.cpp:38	PRESERVE_NO_SOURCE_NAME_EVIDENCE	Semantic body/layout evidence exists where mapped; no trustworthy four-target source-level identifier evidence authorizes removing _guess		retain
controllerFrameHint_guess	14	cpp/plugins/motionplayer/EmoteEngine.cpp; cpp/plugins/motionplayer/MotionDispatch.h; cpp/plugins/motionplayer/RuntimeSupport.cpp	cpp/plugins/motionplayer/EmoteEngine.cpp:39	PRESERVE_NO_SOURCE_NAME_EVIDENCE	Semantic body/layout evidence exists where mapped; no trustworthy four-target source-level identifier evidence authorizes removing _guess		retain
controllerLengthDoneHint_guess	7	cpp/plugins/motionplayer/EmoteEngine.cpp; cpp/plugins/motionplayer/MotionDispatch.h; cpp/plugins/motionplayer/RuntimeSupport.cpp	cpp/plugins/motionplayer/EmoteEngine.cpp:40	PRESERVE_NO_SOURCE_NAME_EVIDENCE	Semantic body/layout evidence exists where mapped; no trustworthy four-target source-level identifier evidence authorizes removing _guess		retain
controllerLengthHint_guess	9	cpp/plugins/motionplayer/EmoteEngine.cpp; cpp/plugins/motionplayer/EmoteSpring.cpp; cpp/plugins/motionplayer/MotionDispatch.h; cpp/plugins/motionplayer/RuntimeSupport.cpp	cpp/plugins/motionplayer/EmoteEngine.cpp:41	PRESERVE_NO_SOURCE_NAME_EVIDENCE	Semantic body/layout evidence exists where mapped; no trustworthy four-target source-level identifier evidence authorizes removing _guess		retain
controllerMouthHint_guess	7	cpp/plugins/motionplayer/EmoteEngine.cpp; cpp/plugins/motionplayer/MotionDispatch.h; cpp/plugins/motionplayer/RuntimeSupport.cpp	cpp/plugins/motionplayer/EmoteEngine.cpp:42	PRESERVE_NO_SOURCE_NAME_EVIDENCE	Semantic body/layout evidence exists where mapped; no trustworthy four-target source-level identifier evidence authorizes removing _guess		retain
controllerP0Hint_guess	5	cpp/plugins/motionplayer/EmoteEngine.cpp; cpp/plugins/motionplayer/MotionDispatch.h; cpp/plugins/motionplayer/RuntimeSupport.cpp	cpp/plugins/motionplayer/EmoteEngine.cpp:43	PRESERVE_NO_SOURCE_NAME_EVIDENCE	Semantic body/layout evidence exists where mapped; no trustworthy four-target source-level identifier evidence authorizes removing _guess		retain
controllerP1Hint_guess	5	cpp/plugins/motionplayer/EmoteEngine.cpp; cpp/plugins/motionplayer/MotionDispatch.h; cpp/plugins/motionplayer/RuntimeSupport.cpp	cpp/plugins/motionplayer/EmoteEngine.cpp:44	PRESERVE_NO_SOURCE_NAME_EVIDENCE	Semantic body/layout evidence exists where mapped; no trustworthy four-target source-level identifier evidence authorizes removing _guess		retain
controllerPhaseHint_guess	15	cpp/plugins/motionplayer/EmoteEngine.cpp; cpp/plugins/motionplayer/MotionDispatch.h; cpp/plugins/motionplayer/RuntimeSupport.cpp	cpp/plugins/motionplayer/EmoteEngine.cpp:45	PRESERVE_NO_SOURCE_NAME_EVIDENCE	Semantic body/layout evidence exists where mapped; no trustworthy four-target source-level identifier evidence authorizes removing _guess		retain
controllerPrevHint_guess	9	cpp/plugins/motionplayer/EmoteEngine.cpp; cpp/plugins/motionplayer/MotionDispatch.h; cpp/plugins/motionplayer/RuntimeSupport.cpp	cpp/plugins/motionplayer/EmoteEngine.cpp:46	PRESERVE_NO_SOURCE_NAME_EVIDENCE	Semantic body/layout evidence exists where mapped; no trustworthy four-target source-level identifier evidence authorizes removing _guess		retain
controllerRequestQueueHint_guess	6	cpp/plugins/motionplayer/EmoteEngine.cpp; cpp/plugins/motionplayer/MotionDispatch.h; cpp/plugins/motionplayer/RuntimeSupport.cpp	cpp/plugins/motionplayer/EmoteEngine.cpp:47	PRESERVE_NO_SOURCE_NAME_EVIDENCE	Semantic body/layout evidence exists where mapped; no trustworthy four-target source-level identifier evidence authorizes removing _guess		retain
controllerSliceTime_guess	3	cpp/plugins/motionplayer/EmoteEngine.cpp; cpp/plugins/motionplayer/EmoteEngine.h	cpp/plugins/motionplayer/EmoteEngine.cpp:30	PRESERVE_NO_SOURCE_NAME_EVIDENCE	Semantic body/layout evidence exists where mapped; no trustworthy four-target source-level identifier evidence authorizes removing _guess		retain
controllerSpeedHint_guess	15	cpp/plugins/motionplayer/EmoteEngine.cpp; cpp/plugins/motionplayer/MotionDispatch.h; cpp/plugins/motionplayer/RuntimeSupport.cpp	cpp/plugins/motionplayer/EmoteEngine.cpp:48	PRESERVE_NO_SOURCE_NAME_EVIDENCE	Semantic body/layout evidence exists where mapped; no trustworthy four-target source-level identifier evidence authorizes removing _guess		retain
controllerTargetHint_guess	13	cpp/plugins/motionplayer/EmoteEngine.cpp; cpp/plugins/motionplayer/MotionDispatch.h; cpp/plugins/motionplayer/RuntimeSupport.cpp	cpp/plugins/motionplayer/EmoteEngine.cpp:49	PRESERVE_NO_SOURCE_NAME_EVIDENCE	Semantic body/layout evidence exists where mapped; no trustworthy four-target source-level identifier evidence authorizes removing _guess		retain
controllerTickHint_guess	11	cpp/plugins/motionplayer/EmoteEngine.cpp; cpp/plugins/motionplayer/MotionDispatch.h; cpp/plugins/motionplayer/RuntimeSupport.cpp	cpp/plugins/motionplayer/EmoteEngine.cpp:50	PRESERVE_NO_SOURCE_NAME_EVIDENCE	Semantic body/layout evidence exists where mapped; no trustworthy four-target source-level identifier evidence authorizes removing _guess		retain
controllerVHint_guess	7	cpp/plugins/motionplayer/EmoteEngine.cpp; cpp/plugins/motionplayer/MotionDispatch.h; cpp/plugins/motionplayer/RuntimeSupport.cpp	cpp/plugins/motionplayer/EmoteEngine.cpp:51	PRESERVE_NO_SOURCE_NAME_EVIDENCE	Semantic body/layout evidence exists where mapped; no trustworthy four-target source-level identifier evidence authorizes removing _guess		retain
coordMemberHint_guess	5	cpp/plugins/motionplayer/MotionDispatch.h; cpp/plugins/motionplayer/PlayerLayerQuery.cpp; cpp/plugins/motionplayer/PlayerUpdateLayerEval.cpp; cpp/plugins/motionplayer/RuntimeSupport.cpp	cpp/plugins/motionplayer/MotionDispatch.h:121	PRESERVE_NO_SOURCE_NAME_EVIDENCE	Semantic body/layout evidence exists where mapped; no trustworthy four-target source-level identifier evidence authorizes removing _guess		retain
coordinateMemberHint_guess	4	cpp/plugins/motionplayer/MotionDispatch.h; cpp/plugins/motionplayer/NodeTree.cpp; cpp/plugins/motionplayer/PlayerLayerQuery.cpp; cpp/plugins/motionplayer/RuntimeSupport.cpp	cpp/plugins/motionplayer/MotionDispatch.h:189	PRESERVE_NO_SOURCE_NAME_EVIDENCE	Semantic body/layout evidence exists where mapped; no trustworthy four-target source-level identifier evidence authorizes removing _guess		retain
copiedOnlyTrailingWord_guess	1	cpp/plugins/motionplayer/MotionNode.h	cpp/plugins/motionplayer/MotionNode.h:376	PRESERVE_NO_SOURCE_NAME_EVIDENCE	Semantic body/layout evidence exists where mapped; no trustworthy four-target source-level identifier evidence authorizes removing _guess		retain
copyActiveTimelinePayload_guess	3	cpp/plugins/motionplayer/PlayerUpdateLayerEval.cpp	cpp/plugins/motionplayer/PlayerUpdateLayerEval.cpp:10	PRESERVE_NO_SOURCE_NAME_EVIDENCE	Semantic body/layout evidence exists where mapped; no trustworthy four-target source-level identifier evidence authorizes removing _guess		retain
copyParticleInterpolationPayload_guess	3	cpp/plugins/motionplayer/PlayerUpdateLayerEval.cpp	cpp/plugins/motionplayer/PlayerUpdateLayerEval.cpp:143	PRESERVE_NO_SOURCE_NAME_EVIDENCE	Semantic body/layout evidence exists where mapped; no trustworthy four-target source-level identifier evidence authorizes removing _guess		retain
copyRectMemberHint_guess	3	cpp/plugins/motionplayer/MotionDispatch.h; cpp/plugins/motionplayer/RuntimeSupport.cpp; cpp/plugins/motionplayer/SourceCache.cpp	cpp/plugins/motionplayer/MotionDispatch.h:291	PRESERVE_NO_SOURCE_NAME_EVIDENCE	Semantic body/layout evidence exists where mapped; no trustworthy four-target source-level identifier evidence authorizes removing _guess		retain
copyTargetTextureRows_guess	2	cpp/plugins/motionplayer/D3DAdaptor.cpp; cpp/plugins/motionplayer/D3DAdaptor.h	cpp/plugins/motionplayer/D3DAdaptor.cpp:179	PRESERVE_NO_SOURCE_NAME_EVIDENCE	Semantic body/layout evidence exists where mapped; no trustworthy four-target source-level identifier evidence authorizes removing _guess	analysis/motionplayer_d3dadaptor_capture_canvas_four_binary_2026-08-27.md	retain
countDiffTimelines_guess	3	cpp/plugins/motionplayer/EmoteEngine.cpp; cpp/plugins/motionplayer/EmoteEngine.h; cpp/plugins/motionplayer/EmotePlayer.cpp	cpp/plugins/motionplayer/EmoteEngine.cpp:3028	PRESERVE_NO_SOURCE_NAME_EVIDENCE	Semantic body/layout evidence exists where mapped; no trustworthy four-target source-level identifier evidence authorizes removing _guess		retain
countMainTimelines_guess	3	cpp/plugins/motionplayer/EmoteEngine.cpp; cpp/plugins/motionplayer/EmoteEngine.h; cpp/plugins/motionplayer/EmotePlayer.cpp	cpp/plugins/motionplayer/EmoteEngine.cpp:3014	PRESERVE_NO_SOURCE_NAME_EVIDENCE	Semantic body/layout evidence exists where mapped; no trustworthy four-target source-level identifier evidence authorizes removing _guess		retain
countPlayingTimelines_guess	3	cpp/plugins/motionplayer/EmoteEngine.cpp; cpp/plugins/motionplayer/EmoteEngine.h; cpp/plugins/motionplayer/EmotePlayer.cpp	cpp/plugins/motionplayer/EmoteEngine.cpp:3040	PRESERVE_NO_SOURCE_NAME_EVIDENCE	Semantic body/layout evidence exists where mapped; no trustworthy four-target source-level identifier evidence authorizes removing _guess		retain
createLayerVariant_guess	9	cpp/plugins/motionplayer/PlayerRenderExecute.cpp; cpp/plugins/motionplayer/PlayerRenderTargets.cpp; cpp/plugins/motionplayer/RuntimeSupport.cpp; cpp/plugins/motionplayer/RuntimeSupport.h; cpp/plugins/motionplayer/SeparateLayerAdaptor.cpp; cpp/plugins/motionplayer/SourceCache.cpp	cpp/plugins/motionplayer/PlayerRenderExecute.cpp:342	PRESERVE_NO_SOURCE_NAME_EVIDENCE	Semantic body/layout evidence exists where mapped; no trustworthy four-target source-level identifier evidence authorizes removing _guess	analysis/motionplayer_internal_render_layer_materializer_four_binary_2026-08-27.md; analysis/motionplayer_shared_layer_factory_four_binary_2026-08-27.md	retain
createPrivateMotionGLLObject_guess	2	cpp/plugins/motionplayer/PrivateMotionGLL.cpp	cpp/plugins/motionplayer/PrivateMotionGLL.cpp:500	PRESERVE_NO_SOURCE_NAME_EVIDENCE	Semantic body/layout evidence exists where mapped; no trustworthy four-target source-level identifier evidence authorizes removing _guess		retain
createTJSArrayWithItems_guess	58	cpp/plugins/motionplayer/EmoteEngine.cpp; cpp/plugins/motionplayer/MotionLayerExtensions.cpp; cpp/plugins/motionplayer/PlayerCore.cpp; cpp/plugins/motionplayer/PlayerLayerQuery.cpp; cpp/plugins/motionplayer/PlayerRenderInternal.cpp; cpp/plugins/motionplayer/PlayerUpdateLayersInternal.h; cpp/plugins/motionplayer/ResourceManager.cpp; cpp/plugins/motionplayer/RuntimeSupport.cpp; cpp/plugins/motionplayer/RuntimeSupport.h	cpp/plugins/motionplayer/EmoteEngine.cpp:336	PRESERVE_NO_SOURCE_NAME_EVIDENCE	Semantic body/layout evidence exists where mapped; no trustworthy four-target source-level identifier evidence authorizes removing _guess	analysis/motionplayer_alias_outputs_same_object_multiple_arguments_borrowed_invalidation_four_binary_2026-08-28.md; analysis/motionplayer_layergetter_array_container_getters_four_binary_2026-08-26.md; analysis/motionplayer_quad_p_array_dictionary_owner_four_binary_2026-08-26.md; analysis/motionplayer_resourcemanager_find_motion_dispatch_array_owner_four_binary_2026-08-27.md	retain
createTJSDictionary_guess	4	cpp/plugins/motionplayer/EmoteEngine.cpp	cpp/plugins/motionplayer/EmoteEngine.cpp:176	PRESERVE_NO_SOURCE_NAME_EVIDENCE	Semantic body/layout evidence exists where mapped; no trustworthy four-target source-level identifier evidence authorizes removing _guess		retain
createTextureCacheShellForDifferentialTest_guess	2	cpp/plugins/motionplayer/D3DAdaptor.cpp; cpp/plugins/motionplayer/D3DAdaptor.h	cpp/plugins/motionplayer/D3DAdaptor.cpp:15	TEST_ONLY_LOCAL_LABEL	Unregistered test seam; not a claimed reference source identifier		retain
createType3ChildPlayer_guess	2	cpp/plugins/motionplayer/NodeTree.cpp	cpp/plugins/motionplayer/NodeTree.cpp:48	PRESERVE_NO_SOURCE_NAME_EVIDENCE	Semantic body/layout evidence exists where mapped; no trustworthy four-target source-level identifier evidence authorizes removing _guess		retain
cubicBezierBasisCache_guess	5	cpp/plugins/motionplayer/MotionRenderBackend.cpp; cpp/plugins/motionplayer/MotionRenderBackend.h; cpp/plugins/motionplayer/main.cpp	cpp/plugins/motionplayer/MotionRenderBackend.cpp:209	PRESERVE_NO_SOURCE_NAME_EVIDENCE	Semantic body/layout evidence exists where mapped; no trustworthy four-target source-level identifier evidence authorizes removing _guess		retain
cubicBezierBasisTable_guess	8	cpp/plugins/motionplayer/MotionLayerExtensions.cpp; cpp/plugins/motionplayer/MotionRenderBackend.cpp; cpp/plugins/motionplayer/MotionRenderBackend.h	cpp/plugins/motionplayer/MotionLayerExtensions.cpp:143	PRESERVE_NO_SOURCE_NAME_EVIDENCE	Semantic body/layout evidence exists where mapped; no trustworthy four-target source-level identifier evidence authorizes removing _guess	analysis/motionplayer_bezier_basis_tessellation_four_binary_2026-08-27.md; analysis/motionplayer_d3d_mesh_submit_repeat_cells_four_binary_2026-08-27.md	retain
cubicBezierBasis_guess	5	cpp/plugins/motionplayer/MotionBezierPatch.h	cpp/plugins/motionplayer/MotionBezierPatch.h:20	PRESERVE_NO_SOURCE_NAME_EVIDENCE	Semantic body/layout evidence exists where mapped; no trustworthy four-target source-level identifier evidence authorizes removing _guess		retain
cubicBezierListHorizontalWeights_guess	2	cpp/plugins/motionplayer/MotionLayerExtensions.cpp	cpp/plugins/motionplayer/MotionLayerExtensions.cpp:282	PRESERVE_NO_SOURCE_NAME_EVIDENCE	Semantic body/layout evidence exists where mapped; no trustworthy four-target source-level identifier evidence authorizes removing _guess		retain
cubicBezierListVerticalWeights_guess	2	cpp/plugins/motionplayer/MotionLayerExtensions.cpp	cpp/plugins/motionplayer/MotionLayerExtensions.cpp:293	PRESERVE_NO_SOURCE_NAME_EVIDENCE	Semantic body/layout evidence exists where mapped; no trustworthy four-target source-level identifier evidence authorizes removing _guess		retain
cubicBezierSingleHorizontalWeights_guess	2	cpp/plugins/motionplayer/MotionLayerExtensions.cpp	cpp/plugins/motionplayer/MotionLayerExtensions.cpp:260	PRESERVE_NO_SOURCE_NAME_EVIDENCE	Semantic body/layout evidence exists where mapped; no trustworthy four-target source-level identifier evidence authorizes removing _guess		retain
cubicBezierSingleVerticalWeights_guess	2	cpp/plugins/motionplayer/MotionLayerExtensions.cpp	cpp/plugins/motionplayer/MotionLayerExtensions.cpp:271	PRESERVE_NO_SOURCE_NAME_EVIDENCE	Semantic body/layout evidence exists where mapped; no trustworthy four-target source-level identifier evidence authorizes removing _guess		retain
currentDispatchForDifferentialTest_guess	1	cpp/plugins/motionplayer/Player.h	cpp/plugins/motionplayer/Player.h:1174	TEST_ONLY_LOCAL_LABEL	Unregistered test seam; not a claimed reference source identifier		retain
dampAnchorOpacity_guess	2	cpp/plugins/motionplayer/PlayerUpdateAnchor.cpp; cpp/plugins/motionplayer/PlayerUpdateLayersInternal.h	cpp/plugins/motionplayer/PlayerUpdateAnchor.cpp:95	PRESERVE_NO_SOURCE_NAME_EVIDENCE	Semantic body/layout evidence exists where mapped; no trustworthy four-target source-level identifier evidence authorizes removing _guess		retain
dampAnchorPackedColor_guess	2	cpp/plugins/motionplayer/PlayerUpdateAnchor.cpp; cpp/plugins/motionplayer/PlayerUpdateLayersInternal.h	cpp/plugins/motionplayer/PlayerUpdateAnchor.cpp:143	PRESERVE_NO_SOURCE_NAME_EVIDENCE	Semantic body/layout evidence exists where mapped; no trustworthy four-target source-level identifier evidence authorizes removing _guess		retain
decodeKrkrAtlasRecord_guess	2	cpp/plugins/motionplayer/PlayerResource.cpp	cpp/plugins/motionplayer/PlayerResource.cpp:301	PRESERVE_NO_SOURCE_NAME_EVIDENCE	Semantic body/layout evidence exists where mapped; no trustworthy four-target source-level identifier evidence authorizes removing _guess		retain
decodeObjSourceRL32_guess	2	cpp/plugins/motionplayer/SourceCache.cpp	cpp/plugins/motionplayer/SourceCache.cpp:266	PRESERVE_NO_SOURCE_NAME_EVIDENCE	Semantic body/layout evidence exists where mapped; no trustworthy four-target source-level identifier evidence authorizes removing _guess		retain
decodeObjSourceRL8_guess	2	cpp/plugins/motionplayer/SourceCache.cpp	cpp/plugins/motionplayer/SourceCache.cpp:241	PRESERVE_NO_SOURCE_NAME_EVIDENCE	Semantic body/layout evidence exists where mapped; no trustworthy four-target source-level identifier evidence authorizes removing _guess		retain
decodePsbRL32_guess	2	cpp/plugins/motionplayer/PlayerResource.cpp	cpp/plugins/motionplayer/PlayerResource.cpp:269	PRESERVE_NO_SOURCE_NAME_EVIDENCE	Semantic body/layout evidence exists where mapped; no trustworthy four-target source-level identifier evidence authorizes removing _guess		retain
decodePsbRL8_guess	2	cpp/plugins/motionplayer/PlayerResource.cpp	cpp/plugins/motionplayer/PlayerResource.cpp:238	PRESERVE_NO_SOURCE_NAME_EVIDENCE	Semantic body/layout evidence exists where mapped; no trustworthy four-target source-level identifier evidence authorizes removing _guess		retain
decrementWrapping32_guess	5	cpp/plugins/motionplayer/PlayerFrameProgress.cpp; cpp/plugins/motionplayer/PlayerUpdateLayerEval.cpp	cpp/plugins/motionplayer/PlayerFrameProgress.cpp:189	PRESERVE_NO_SOURCE_NAME_EVIDENCE	Semantic body/layout evidence exists where mapped; no trustworthy four-target source-level identifier evidence authorizes removing _guess		retain
defaultBezierPatchPoints_guess	9	cpp/plugins/motionplayer/MotionBezierPatch.h; cpp/plugins/motionplayer/PlayerUpdateLayerEval.cpp; cpp/plugins/motionplayer/PlayerUpdateLayersInternal.h; cpp/plugins/motionplayer/main.cpp	cpp/plugins/motionplayer/MotionBezierPatch.h:75	PRESERVE_NO_SOURCE_NAME_EVIDENCE	Semantic body/layout evidence exists where mapped; no trustworthy four-target source-level identifier evidence authorizes removing _guess		retain
defaultHint_guess	4	cpp/plugins/motionplayer/PlayerResource.cpp	cpp/plugins/motionplayer/PlayerResource.cpp:899	PRESERVE_NO_SOURCE_NAME_EVIDENCE	Semantic body/layout evidence exists where mapped; no trustworthy four-target source-level identifier evidence authorizes removing _guess		retain
deformChildByParentBezierPatch_guess	2	cpp/plugins/motionplayer/PlayerUpdateLayerEval.cpp; cpp/plugins/motionplayer/PlayerUpdateLayersInternal.h	cpp/plugins/motionplayer/PlayerUpdateLayerEval.cpp:1459	PRESERVE_NO_SOURCE_NAME_EVIDENCE	Semantic body/layout evidence exists where mapped; no trustworthy four-target source-level identifier evidence authorizes removing _guess		retain
deltaTimeForDifferentialTest_guess	1	cpp/plugins/motionplayer/Player.h	cpp/plugins/motionplayer/Player.h:835	TEST_ONLY_LOCAL_LABEL	Unregistered test seam; not a claimed reference source identifier		retain
dispatchFindSource_guess	4	cpp/plugins/motionplayer/Player.h; cpp/plugins/motionplayer/PlayerRender.cpp; cpp/plugins/motionplayer/PlayerResource.cpp	cpp/plugins/motionplayer/Player.h:1304	PRESERVE_NO_SOURCE_NAME_EVIDENCE	Semantic body/layout evidence exists where mapped; no trustworthy four-target source-level identifier evidence authorizes removing _guess		retain
dispatchPendingEventsForDifferentialTest_guess	1	cpp/plugins/motionplayer/Player.h	cpp/plugins/motionplayer/Player.h:1185	TEST_ONLY_LOCAL_LABEL	Unregistered test seam; not a claimed reference source identifier		retain
dispatchPendingEvents_guess	4	cpp/plugins/motionplayer/Player.h; cpp/plugins/motionplayer/PlayerFrameProgress.cpp	cpp/plugins/motionplayer/Player.h:568	PRESERVE_NO_SOURCE_NAME_EVIDENCE	Semantic body/layout evidence exists where mapped; no trustworthy four-target source-level identifier evidence authorizes removing _guess		retain
divisionMemberHint_guess	5	cpp/plugins/motionplayer/MotionDispatch.h; cpp/plugins/motionplayer/PlayerLayerQuery.cpp; cpp/plugins/motionplayer/PlayerTimeline.cpp; cpp/plugins/motionplayer/RuntimeSupport.cpp	cpp/plugins/motionplayer/MotionDispatch.h:184	PRESERVE_NO_SOURCE_NAME_EVIDENCE	Semantic body/layout evidence exists where mapped; no trustworthy four-target source-level identifier evidence authorizes removing _guess		retain
divxMemberHint_guess	3	cpp/plugins/motionplayer/MotionDispatch.h; cpp/plugins/motionplayer/PlayerLayerQuery.cpp; cpp/plugins/motionplayer/RuntimeSupport.cpp	cpp/plugins/motionplayer/MotionDispatch.h:101	PRESERVE_NO_SOURCE_NAME_EVIDENCE	Semantic body/layout evidence exists where mapped; no trustworthy four-target source-level identifier evidence authorizes removing _guess		retain
divyMemberHint_guess	3	cpp/plugins/motionplayer/MotionDispatch.h; cpp/plugins/motionplayer/PlayerLayerQuery.cpp; cpp/plugins/motionplayer/RuntimeSupport.cpp	cpp/plugins/motionplayer/MotionDispatch.h:102	PRESERVE_NO_SOURCE_NAME_EVIDENCE	Semantic body/layout evidence exists where mapped; no trustworthy four-target source-level identifier evidence authorizes removing _guess		retain
dormantRecord64_guess	1	cpp/plugins/motionplayer/MotionNode.h	cpp/plugins/motionplayer/MotionNode.h:287	PRESERVE_NO_SOURCE_NAME_EVIDENCE	Semantic body/layout evidence exists where mapped; no trustworthy four-target source-level identifier evidence authorizes removing _guess		retain
dormantString_guess	1	cpp/plugins/motionplayer/MotionNode.h	cpp/plugins/motionplayer/MotionNode.h:271	PRESERVE_NO_SOURCE_NAME_EVIDENCE	Semantic body/layout evidence exists where mapped; no trustworthy four-target source-level identifier evidence authorizes removing _guess		retain
doubleToUnsignedIntTowardZeroSaturated_guess	6	cpp/plugins/motionplayer/PlayerInternal.h; cpp/plugins/motionplayer/PlayerRenderInternal.cpp; cpp/plugins/motionplayer/PlayerUpdateLayerEval.cpp; cpp/plugins/motionplayer/PlayerUpdateLayersInternal.h	cpp/plugins/motionplayer/PlayerInternal.h:382	PRESERVE_NO_SOURCE_NAME_EVIDENCE	Semantic body/layout evidence exists where mapped; no trustworthy four-target source-level identifier evidence authorizes removing _guess	analysis/motionplayer_fp_to_integer_saturation_truncation_wrap_rounding_four_binary_2026-08-28.md	retain
drawBezierControlFrame_guess	2	cpp/plugins/motionplayer/MotionLayerExtensions.cpp	cpp/plugins/motionplayer/MotionLayerExtensions.cpp:621	PRESERVE_NO_SOURCE_NAME_EVIDENCE	Semantic body/layout evidence exists where mapped; no trustworthy four-target source-level identifier evidence authorizes removing _guess		retain
drawBezierPatchFrameMemberHint_guess	3	cpp/plugins/motionplayer/MotionDispatch.h; cpp/plugins/motionplayer/PlayerRenderInternal.cpp; cpp/plugins/motionplayer/RuntimeSupport.cpp	cpp/plugins/motionplayer/MotionDispatch.h:243	PRESERVE_NO_SOURCE_NAME_EVIDENCE	Semantic body/layout evidence exists where mapped; no trustworthy four-target source-level identifier evidence authorizes removing _guess		retain
drawBezierPatchMeshFrameMemberHint_guess	3	cpp/plugins/motionplayer/MotionDispatch.h; cpp/plugins/motionplayer/PlayerRenderInternal.cpp; cpp/plugins/motionplayer/RuntimeSupport.cpp	cpp/plugins/motionplayer/MotionDispatch.h:242	PRESERVE_NO_SOURCE_NAME_EVIDENCE	Semantic body/layout evidence exists where mapped; no trustworthy four-target source-level identifier evidence authorizes removing _guess		retain
drawBeziersMemberHint_guess	5	cpp/plugins/motionplayer/MotionLayerExtensions.cpp	cpp/plugins/motionplayer/MotionLayerExtensions.cpp:26	PRESERVE_NO_SOURCE_NAME_EVIDENCE	Semantic body/layout evidence exists where mapped; no trustworthy four-target source-level identifier evidence authorizes removing _guess		retain
drawGridDebug_guess	3	cpp/plugins/motionplayer/MotionLayerExtensions.cpp	cpp/plugins/motionplayer/MotionLayerExtensions.cpp:527	PRESERVE_NO_SOURCE_NAME_EVIDENCE	Semantic body/layout evidence exists where mapped; no trustworthy four-target source-level identifier evidence authorizes removing _guess		retain
drawGridFrame_guess	3	cpp/plugins/motionplayer/MotionLayerExtensions.cpp	cpp/plugins/motionplayer/MotionLayerExtensions.cpp:455	PRESERVE_NO_SOURCE_NAME_EVIDENCE	Semantic body/layout evidence exists where mapped; no trustworthy four-target source-level identifier evidence authorizes removing _guess		retain
drawLayerMemberHint_guess	3	cpp/plugins/motionplayer/MotionDispatch.h; cpp/plugins/motionplayer/RuntimeSupport.cpp; cpp/plugins/motionplayer/SourceCache.cpp	cpp/plugins/motionplayer/MotionDispatch.h:289	PRESERVE_NO_SOURCE_NAME_EVIDENCE	Semantic body/layout evidence exists where mapped; no trustworthy four-target source-level identifier evidence authorizes removing _guess		retain
drawLineMemberHint_guess	3	cpp/plugins/motionplayer/MotionDispatch.h; cpp/plugins/motionplayer/PlayerRenderInternal.cpp; cpp/plugins/motionplayer/RuntimeSupport.cpp	cpp/plugins/motionplayer/MotionDispatch.h:244	PRESERVE_NO_SOURCE_NAME_EVIDENCE	Semantic body/layout evidence exists where mapped; no trustworthy four-target source-level identifier evidence authorizes removing _guess		retain
drawLinesMemberHint_guess	5	cpp/plugins/motionplayer/MotionLayerExtensions.cpp	cpp/plugins/motionplayer/MotionLayerExtensions.cpp:25	PRESERVE_NO_SOURCE_NAME_EVIDENCE	Semantic body/layout evidence exists where mapped; no trustworthy four-target source-level identifier evidence authorizes removing _guess		retain
drawMeshFrameMemberHint_guess	3	cpp/plugins/motionplayer/MotionDispatch.h; cpp/plugins/motionplayer/PlayerRenderInternal.cpp; cpp/plugins/motionplayer/RuntimeSupport.cpp	cpp/plugins/motionplayer/MotionDispatch.h:241	PRESERVE_NO_SOURCE_NAME_EVIDENCE	Semantic body/layout evidence exists where mapped; no trustworthy four-target source-level identifier evidence authorizes removing _guess		retain
drawRenderItemFrame_guess	5	cpp/plugins/motionplayer/PlayerRenderExecute.cpp; cpp/plugins/motionplayer/PlayerRenderInternal.cpp; cpp/plugins/motionplayer/PlayerRenderInternal.h; cpp/plugins/motionplayer/PlayerRenderTargets.cpp	cpp/plugins/motionplayer/PlayerRenderExecute.cpp:700	PRESERVE_NO_SOURCE_NAME_EVIDENCE	Semantic body/layout evidence exists where mapped; no trustworthy four-target source-level identifier evidence authorizes removing _guess		retain
drawToLayerRecursive_guess	5	cpp/plugins/motionplayer/EmotePlayer.cpp; cpp/plugins/motionplayer/Player.h; cpp/plugins/motionplayer/PlayerTimeline.cpp; cpp/plugins/motionplayer/main.cpp	cpp/plugins/motionplayer/EmotePlayer.cpp:549	PRESERVE_BINDING_LOCAL_LABEL	The script name/binding is four-target evidenced, but the stripped binaries do not expose this local C++ source identifier	analysis/motionplayer_player_clear_four_binary_2026-08-26.md; analysis/motionplayer_registration_strings_arguments_bindings_final_reconciliation_2026-08-27.md	retain
drawToTexture_guess	3	cpp/plugins/motionplayer/EmotePlayer.cpp; cpp/plugins/motionplayer/Player.h; cpp/plugins/motionplayer/PlayerRenderTargets.cpp	cpp/plugins/motionplayer/EmotePlayer.cpp:173	PRESERVE_NO_SOURCE_NAME_EVIDENCE	Semantic body/layout evidence exists where mapped; no trustworthy four-target source-level identifier evidence authorizes removing _guess		retain
emitPreparedLeafLayerCopy_guess	3	cpp/plugins/motionplayer/Player.h; cpp/plugins/motionplayer/PlayerRenderExecute.cpp	cpp/plugins/motionplayer/Player.h:660	PRESERVE_NO_SOURCE_NAME_EVIDENCE	Semantic body/layout evidence exists where mapped; no trustworthy four-target source-level identifier evidence authorizes removing _guess	analysis/motionplayer_build_render_commands_four_binary_2026-08-27.md	retain
emoteBustChainBRateHint_guess	3	cpp/plugins/motionplayer/EmoteSpring.cpp; cpp/plugins/motionplayer/MotionDispatch.h; cpp/plugins/motionplayer/RuntimeSupport.cpp	cpp/plugins/motionplayer/EmoteSpring.cpp:351	PRESERVE_NO_SOURCE_NAME_EVIDENCE	Semantic body/layout evidence exists where mapped; no trustworthy four-target source-level identifier evidence authorizes removing _guess		retain
emoteBustChainBendSpdHint_guess	3	cpp/plugins/motionplayer/EmoteSpring.cpp; cpp/plugins/motionplayer/MotionDispatch.h; cpp/plugins/motionplayer/RuntimeSupport.cpp	cpp/plugins/motionplayer/EmoteSpring.cpp:360	PRESERVE_NO_SOURCE_NAME_EVIDENCE	Semantic body/layout evidence exists where mapped; no trustworthy four-target source-level identifier evidence authorizes removing _guess		retain
emoteBustChainBendVolHint_guess	3	cpp/plugins/motionplayer/EmoteSpring.cpp; cpp/plugins/motionplayer/MotionDispatch.h; cpp/plugins/motionplayer/RuntimeSupport.cpp	cpp/plugins/motionplayer/EmoteSpring.cpp:363	PRESERVE_NO_SOURCE_NAME_EVIDENCE	Semantic body/layout evidence exists where mapped; no trustworthy four-target source-level identifier evidence authorizes removing _guess		retain
emoteBustChainFrictionXHint_guess	3	cpp/plugins/motionplayer/EmoteSpring.cpp; cpp/plugins/motionplayer/MotionDispatch.h; cpp/plugins/motionplayer/RuntimeSupport.cpp	cpp/plugins/motionplayer/EmoteSpring.cpp:345	PRESERVE_NO_SOURCE_NAME_EVIDENCE	Semantic body/layout evidence exists where mapped; no trustworthy four-target source-level identifier evidence authorizes removing _guess		retain
emoteBustChainFrictionYHint_guess	3	cpp/plugins/motionplayer/EmoteSpring.cpp; cpp/plugins/motionplayer/MotionDispatch.h; cpp/plugins/motionplayer/RuntimeSupport.cpp	cpp/plugins/motionplayer/EmoteSpring.cpp:348	PRESERVE_NO_SOURCE_NAME_EVIDENCE	Semantic body/layout evidence exists where mapped; no trustworthy four-target source-level identifier evidence authorizes removing _guess		retain
emoteBustChainUdEftHint_guess	3	cpp/plugins/motionplayer/EmoteSpring.cpp; cpp/plugins/motionplayer/MotionDispatch.h; cpp/plugins/motionplayer/RuntimeSupport.cpp	cpp/plugins/motionplayer/EmoteSpring.cpp:357	PRESERVE_NO_SOURCE_NAME_EVIDENCE	Semantic body/layout evidence exists where mapped; no trustworthy four-target source-level identifier evidence authorizes removing _guess		retain
emoteBustChainVBoundHint_guess	3	cpp/plugins/motionplayer/EmoteSpring.cpp; cpp/plugins/motionplayer/MotionDispatch.h; cpp/plugins/motionplayer/RuntimeSupport.cpp	cpp/plugins/motionplayer/EmoteSpring.cpp:354	PRESERVE_NO_SOURCE_NAME_EVIDENCE	Semantic body/layout evidence exists where mapped; no trustworthy four-target source-level identifier evidence authorizes removing _guess		retain
emoteControllerBeginFrameHint_guess	5	cpp/plugins/motionplayer/EmoteBlinkController.cpp; cpp/plugins/motionplayer/EmoteEyebrowController.cpp; cpp/plugins/motionplayer/EmoteMouthController.cpp; cpp/plugins/motionplayer/MotionDispatch.h; cpp/plugins/motionplayer/RuntimeSupport.cpp	cpp/plugins/motionplayer/EmoteBlinkController.cpp:58	PRESERVE_NO_SOURCE_NAME_EVIDENCE	Semantic body/layout evidence exists where mapped; no trustworthy four-target source-level identifier evidence authorizes removing _guess		retain
emoteControllerBlinkEnabledHint_guess	3	cpp/plugins/motionplayer/EmoteBlinkController.cpp; cpp/plugins/motionplayer/MotionDispatch.h; cpp/plugins/motionplayer/RuntimeSupport.cpp	cpp/plugins/motionplayer/EmoteBlinkController.cpp:73	PRESERVE_NO_SOURCE_NAME_EVIDENCE	Semantic body/layout evidence exists where mapped; no trustworthy four-target source-level identifier evidence authorizes removing _guess		retain
emoteControllerBlinkFrameCountHint_guess	3	cpp/plugins/motionplayer/EmoteBlinkController.cpp; cpp/plugins/motionplayer/MotionDispatch.h; cpp/plugins/motionplayer/RuntimeSupport.cpp	cpp/plugins/motionplayer/EmoteBlinkController.cpp:70	PRESERVE_NO_SOURCE_NAME_EVIDENCE	Semantic body/layout evidence exists where mapped; no trustworthy four-target source-level identifier evidence authorizes removing _guess		retain
emoteControllerBlinkIntervalMaxHint_guess	3	cpp/plugins/motionplayer/EmoteBlinkController.cpp; cpp/plugins/motionplayer/MotionDispatch.h; cpp/plugins/motionplayer/RuntimeSupport.cpp	cpp/plugins/motionplayer/EmoteBlinkController.cpp:67	PRESERVE_NO_SOURCE_NAME_EVIDENCE	Semantic body/layout evidence exists where mapped; no trustworthy four-target source-level identifier evidence authorizes removing _guess		retain
emoteControllerBlinkIntervalMinHint_guess	3	cpp/plugins/motionplayer/EmoteBlinkController.cpp; cpp/plugins/motionplayer/MotionDispatch.h; cpp/plugins/motionplayer/RuntimeSupport.cpp	cpp/plugins/motionplayer/EmoteBlinkController.cpp:64	PRESERVE_NO_SOURCE_NAME_EVIDENCE	Semantic body/layout evidence exists where mapped; no trustworthy four-target source-level identifier evidence authorizes removing _guess		retain
emoteControllerEdgeHint_guess	4	cpp/plugins/motionplayer/EmoteBlinkController.cpp; cpp/plugins/motionplayer/EmoteEyebrowController.cpp; cpp/plugins/motionplayer/MotionDispatch.h; cpp/plugins/motionplayer/RuntimeSupport.cpp	cpp/plugins/motionplayer/EmoteBlinkController.cpp:90	PRESERVE_NO_SOURCE_NAME_EVIDENCE	Semantic body/layout evidence exists where mapped; no trustworthy four-target source-level identifier evidence authorizes removing _guess		retain
emoteControllerEndFrameHint_guess	3	cpp/plugins/motionplayer/EmoteBlinkController.cpp; cpp/plugins/motionplayer/MotionDispatch.h; cpp/plugins/motionplayer/RuntimeSupport.cpp	cpp/plugins/motionplayer/EmoteBlinkController.cpp:61	PRESERVE_NO_SOURCE_NAME_EVIDENCE	Semantic body/layout evidence exists where mapped; no trustworthy four-target source-level identifier evidence authorizes removing _guess		retain
emoteControllerNodeHint_guess	4	cpp/plugins/motionplayer/EmoteBlinkController.cpp; cpp/plugins/motionplayer/EmoteEyebrowController.cpp; cpp/plugins/motionplayer/MotionDispatch.h; cpp/plugins/motionplayer/RuntimeSupport.cpp	cpp/plugins/motionplayer/EmoteBlinkController.cpp:107	PRESERVE_NO_SOURCE_NAME_EVIDENCE	Semantic body/layout evidence exists where mapped; no trustworthy four-target source-level identifier evidence authorizes removing _guess		retain
emoteEditFlipXMemberHint_guess	3	cpp/plugins/motionplayer/MotionDispatch.h; cpp/plugins/motionplayer/PlayerUpdateLayersInternal.h; cpp/plugins/motionplayer/RuntimeSupport.cpp	cpp/plugins/motionplayer/MotionDispatch.h:205	PRESERVE_NO_SOURCE_NAME_EVIDENCE	Semantic body/layout evidence exists where mapped; no trustworthy four-target source-level identifier evidence authorizes removing _guess		retain
emoteEditFlipYMemberHint_guess	3	cpp/plugins/motionplayer/MotionDispatch.h; cpp/plugins/motionplayer/PlayerUpdateLayersInternal.h; cpp/plugins/motionplayer/RuntimeSupport.cpp	cpp/plugins/motionplayer/MotionDispatch.h:206	PRESERVE_NO_SOURCE_NAME_EVIDENCE	Semantic body/layout evidence exists where mapped; no trustworthy four-target source-level identifier evidence authorizes removing _guess		retain
emoteEditModifiedHint_guess	4	cpp/plugins/motionplayer/MotionDispatch.h; cpp/plugins/motionplayer/PlayerUpdateLayerEval.cpp; cpp/plugins/motionplayer/RuntimeSupport.cpp	cpp/plugins/motionplayer/MotionDispatch.h:196	PRESERVE_NO_SOURCE_NAME_EVIDENCE	Semantic body/layout evidence exists where mapped; no trustworthy four-target source-level identifier evidence authorizes removing _guess		retain
emoteEditPriorDrawMemberHint_guess	3	cpp/plugins/motionplayer/MotionDispatch.h; cpp/plugins/motionplayer/PlayerUpdateGeometry.cpp; cpp/plugins/motionplayer/RuntimeSupport.cpp	cpp/plugins/motionplayer/MotionDispatch.h:204	PRESERVE_NO_SOURCE_NAME_EVIDENCE	Semantic body/layout evidence exists where mapped; no trustworthy four-target source-level identifier evidence authorizes removing _guess		retain
emoteEditSlantXMemberHint_guess	3	cpp/plugins/motionplayer/MotionDispatch.h; cpp/plugins/motionplayer/PlayerUpdateLayersInternal.h; cpp/plugins/motionplayer/RuntimeSupport.cpp	cpp/plugins/motionplayer/MotionDispatch.h:209	PRESERVE_NO_SOURCE_NAME_EVIDENCE	Semantic body/layout evidence exists where mapped; no trustworthy four-target source-level identifier evidence authorizes removing _guess		retain
emoteEditZoomXMemberHint_guess	3	cpp/plugins/motionplayer/MotionDispatch.h; cpp/plugins/motionplayer/PlayerUpdateLayersInternal.h; cpp/plugins/motionplayer/RuntimeSupport.cpp	cpp/plugins/motionplayer/MotionDispatch.h:207	PRESERVE_NO_SOURCE_NAME_EVIDENCE	Semantic body/layout evidence exists where mapped; no trustworthy four-target source-level identifier evidence authorizes removing _guess		retain
emoteEditZoomYMemberHint_guess	3	cpp/plugins/motionplayer/MotionDispatch.h; cpp/plugins/motionplayer/PlayerUpdateLayersInternal.h; cpp/plugins/motionplayer/RuntimeSupport.cpp	cpp/plugins/motionplayer/MotionDispatch.h:208	PRESERVE_NO_SOURCE_NAME_EVIDENCE	Semantic body/layout evidence exists where mapped; no trustworthy four-target source-level identifier evidence authorizes removing _guess		retain
emoteObjectBaseCharaHint_guess	2	cpp/plugins/motionplayer/EmotePlayer.cpp	cpp/plugins/motionplayer/EmotePlayer.cpp:24	PRESERVE_NO_SOURCE_NAME_EVIDENCE	Semantic body/layout evidence exists where mapped; no trustworthy four-target source-level identifier evidence authorizes removing _guess		retain
emoteObjectBaseMotionHint_guess	2	cpp/plugins/motionplayer/EmotePlayer.cpp	cpp/plugins/motionplayer/EmotePlayer.cpp:25	PRESERVE_NO_SOURCE_NAME_EVIDENCE	Semantic body/layout evidence exists where mapped; no trustworthy four-target source-level identifier evidence authorizes removing _guess		retain
emoteSignedInt32TowardZeroSaturated_guess	2	cpp/plugins/motionplayer/EmoteEngine.cpp	cpp/plugins/motionplayer/EmoteEngine.cpp:2555	PRESERVE_NO_SOURCE_NAME_EVIDENCE	Semantic body/layout evidence exists where mapped; no trustworthy four-target source-level identifier evidence authorizes removing _guess		retain
emoteSpringCoefficientHint_guess	3	cpp/plugins/motionplayer/EmoteSpring.cpp; cpp/plugins/motionplayer/MotionDispatch.h; cpp/plugins/motionplayer/RuntimeSupport.cpp	cpp/plugins/motionplayer/EmoteSpring.cpp:314	PRESERVE_NO_SOURCE_NAME_EVIDENCE	Semantic body/layout evidence exists where mapped; no trustworthy four-target source-level identifier evidence authorizes removing _guess		retain
emoteSpringFrictionHint_guess	3	cpp/plugins/motionplayer/EmoteSpring.cpp; cpp/plugins/motionplayer/MotionDispatch.h; cpp/plugins/motionplayer/RuntimeSupport.cpp	cpp/plugins/motionplayer/EmoteSpring.cpp:317	PRESERVE_NO_SOURCE_NAME_EVIDENCE	Semantic body/layout evidence exists where mapped; no trustworthy four-target source-level identifier evidence authorizes removing _guess		retain
emoteSpringGravityHint_guess	4	cpp/plugins/motionplayer/EmoteSpring.cpp; cpp/plugins/motionplayer/MotionDispatch.h; cpp/plugins/motionplayer/RuntimeSupport.cpp	cpp/plugins/motionplayer/EmoteSpring.cpp:311	PRESERVE_NO_SOURCE_NAME_EVIDENCE	Semantic body/layout evidence exists where mapped; no trustworthy four-target source-level identifier evidence authorizes removing _guess		retain
emoteSpringScaleXHint_guess	4	cpp/plugins/motionplayer/EmoteSpring.cpp; cpp/plugins/motionplayer/MotionDispatch.h; cpp/plugins/motionplayer/RuntimeSupport.cpp	cpp/plugins/motionplayer/EmoteSpring.cpp:320	PRESERVE_NO_SOURCE_NAME_EVIDENCE	Semantic body/layout evidence exists where mapped; no trustworthy four-target source-level identifier evidence authorizes removing _guess		retain
emoteSpringScaleYHint_guess	4	cpp/plugins/motionplayer/EmoteSpring.cpp; cpp/plugins/motionplayer/MotionDispatch.h; cpp/plugins/motionplayer/RuntimeSupport.cpp	cpp/plugins/motionplayer/EmoteSpring.cpp:323	PRESERVE_NO_SOURCE_NAME_EVIDENCE	Semantic body/layout evidence exists where mapped; no trustworthy four-target source-level identifier evidence authorizes removing _guess		retain
emoteTransitionFactor_guess	2	cpp/plugins/motionplayer/EmoteEngine.cpp	cpp/plugins/motionplayer/EmoteEngine.cpp:2542	PRESERVE_NO_SOURCE_NAME_EVIDENCE	Semantic body/layout evidence exists where mapped; no trustworthy four-target source-level identifier evidence authorizes removing _guess		retain
emoteVariableRangeMaxHint_guess	4	cpp/plugins/motionplayer/EmoteEngine.cpp; cpp/plugins/motionplayer/EmotePlayer.cpp; cpp/plugins/motionplayer/MotionDispatch.h; cpp/plugins/motionplayer/RuntimeSupport.cpp	cpp/plugins/motionplayer/EmoteEngine.cpp:2134	PRESERVE_NO_SOURCE_NAME_EVIDENCE	Semantic body/layout evidence exists where mapped; no trustworthy four-target source-level identifier evidence authorizes removing _guess		retain
emoteVariableRangeMinHint_guess	4	cpp/plugins/motionplayer/EmoteEngine.cpp; cpp/plugins/motionplayer/EmotePlayer.cpp; cpp/plugins/motionplayer/MotionDispatch.h; cpp/plugins/motionplayer/RuntimeSupport.cpp	cpp/plugins/motionplayer/EmoteEngine.cpp:2131	PRESERVE_NO_SOURCE_NAME_EVIDENCE	Semantic body/layout evidence exists where mapped; no trustworthy four-target source-level identifier evidence authorizes removing _guess		retain
endLayerPass_guess	5	cpp/plugins/motionplayer/PlayerRenderExecute.cpp; cpp/plugins/motionplayer/PlayerRenderTargets.cpp; cpp/plugins/motionplayer/SeparateLayerAdaptor.cpp; cpp/plugins/motionplayer/SeparateLayerAdaptor.h	cpp/plugins/motionplayer/PlayerRenderExecute.cpp:502	PRESERVE_NO_SOURCE_NAME_EVIDENCE	Semantic body/layout evidence exists where mapped; no trustworthy four-target source-level identifier evidence authorizes removing _guess		retain
endStencil_guess	4	cpp/plugins/motionplayer/MotionRenderBackend.cpp; cpp/plugins/motionplayer/MotionRenderBackend.h; cpp/plugins/motionplayer/PlayerRenderTargets.cpp; cpp/plugins/motionplayer/PrivateMotionGLL.cpp	cpp/plugins/motionplayer/MotionRenderBackend.cpp:514	PRESERVE_NO_SOURCE_NAME_EVIDENCE	Semantic body/layout evidence exists where mapped; no trustworthy four-target source-level identifier evidence authorizes removing _guess		retain
endValue_guess	3	cpp/plugins/motionplayer/EmoteEngine.cpp; cpp/plugins/motionplayer/EmoteLoopController.cpp; cpp/plugins/motionplayer/EmoteLoopController.h	cpp/plugins/motionplayer/EmoteEngine.cpp:2075	PRESERVE_NO_SOURCE_NAME_EVIDENCE	Semantic body/layout evidence exists where mapped; no trustworthy four-target source-level identifier evidence authorizes removing _guess		retain
engineBaseLayerHint_guess	3	cpp/plugins/motionplayer/EmoteEngine.cpp	cpp/plugins/motionplayer/EmoteEngine.cpp:101	PRESERVE_NO_SOURCE_NAME_EVIDENCE	Semantic body/layout evidence exists where mapped; no trustworthy four-target source-level identifier evidence authorizes removing _guess		retain
engineBendRHint_guess	2	cpp/plugins/motionplayer/EmoteEngine.cpp	cpp/plugins/motionplayer/EmoteEngine.cpp:103	PRESERVE_NO_SOURCE_NAME_EVIDENCE	Semantic body/layout evidence exists where mapped; no trustworthy four-target source-level identifier evidence authorizes removing _guess		retain
engineBendSHint_guess	2	cpp/plugins/motionplayer/EmoteEngine.cpp	cpp/plugins/motionplayer/EmoteEngine.cpp:104	PRESERVE_NO_SOURCE_NAME_EVIDENCE	Semantic body/layout evidence exists where mapped; no trustworthy four-target source-level identifier evidence authorizes removing _guess		retain
engineBpHint_guess	2	cpp/plugins/motionplayer/EmoteEngine.cpp	cpp/plugins/motionplayer/EmoteEngine.cpp:105	PRESERVE_NO_SOURCE_NAME_EVIDENCE	Semantic body/layout evidence exists where mapped; no trustworthy four-target source-level identifier evidence authorizes removing _guess		retain
engineEnabledHint_guess	10	cpp/plugins/motionplayer/EmoteEngine.cpp	cpp/plugins/motionplayer/EmoteEngine.cpp:78	PRESERVE_NO_SOURCE_NAME_EVIDENCE	Semantic body/layout evidence exists where mapped; no trustworthy four-target source-level identifier evidence authorizes removing _guess		retain
engineFrameListHint_guess	3	cpp/plugins/motionplayer/EmoteEngine.cpp	cpp/plugins/motionplayer/EmoteEngine.cpp:89	PRESERVE_NO_SOURCE_NAME_EVIDENCE	Semantic body/layout evidence exists where mapped; no trustworthy four-target source-level identifier evidence authorizes removing _guess		retain
engineLabelHint_guess	23	cpp/plugins/motionplayer/EmoteEngine.cpp	cpp/plugins/motionplayer/EmoteEngine.cpp:79	PRESERVE_NO_SOURCE_NAME_EVIDENCE	Semantic body/layout evidence exists where mapped; no trustworthy four-target source-level identifier evidence authorizes removing _guess		retain
engineOfsHint_guess	3	cpp/plugins/motionplayer/EmoteEngine.cpp	cpp/plugins/motionplayer/EmoteEngine.cpp:100	PRESERVE_NO_SOURCE_NAME_EVIDENCE	Semantic body/layout evidence exists where mapped; no trustworthy four-target source-level identifier evidence authorizes removing _guess		retain
engineOpHint_guess	3	cpp/plugins/motionplayer/EmoteEngine.cpp	cpp/plugins/motionplayer/EmoteEngine.cpp:97	PRESERVE_NO_SOURCE_NAME_EVIDENCE	Semantic body/layout evidence exists where mapped; no trustworthy four-target source-level identifier evidence authorizes removing _guess		retain
enginePHint_guess	3	cpp/plugins/motionplayer/EmoteEngine.cpp	cpp/plugins/motionplayer/EmoteEngine.cpp:98	PRESERVE_NO_SOURCE_NAME_EVIDENCE	Semantic body/layout evidence exists where mapped; no trustworthy four-target source-level identifier evidence authorizes removing _guess		retain
engineParamHint_guess	3	cpp/plugins/motionplayer/EmoteEngine.cpp	cpp/plugins/motionplayer/EmoteEngine.cpp:96	PRESERVE_NO_SOURCE_NAME_EVIDENCE	Semantic body/layout evidence exists where mapped; no trustworthy four-target source-level identifier evidence authorizes removing _guess		retain
enginePointXHint_guess	2	cpp/plugins/motionplayer/EmoteEngine.cpp	cpp/plugins/motionplayer/EmoteEngine.cpp:107	PRESERVE_NO_SOURCE_NAME_EVIDENCE	Semantic body/layout evidence exists where mapped; no trustworthy four-target source-level identifier evidence authorizes removing _guess		retain
enginePointYHint_guess	2	cpp/plugins/motionplayer/EmoteEngine.cpp	cpp/plugins/motionplayer/EmoteEngine.cpp:108	PRESERVE_NO_SOURCE_NAME_EVIDENCE	Semantic body/layout evidence exists where mapped; no trustworthy four-target source-level identifier evidence authorizes removing _guess		retain
enginePointZHint_guess	2	cpp/plugins/motionplayer/EmoteEngine.cpp	cpp/plugins/motionplayer/EmoteEngine.cpp:109	PRESERVE_NO_SOURCE_NAME_EVIDENCE	Semantic body/layout evidence exists where mapped; no trustworthy four-target source-level identifier evidence authorizes removing _guess		retain
enginePvHint_guess	3	cpp/plugins/motionplayer/EmoteEngine.cpp	cpp/plugins/motionplayer/EmoteEngine.cpp:99	PRESERVE_NO_SOURCE_NAME_EVIDENCE	Semantic body/layout evidence exists where mapped; no trustworthy four-target source-level identifier evidence authorizes removing _guess		retain
engineRemoveHint_guess	2	cpp/plugins/motionplayer/EmoteEngine.cpp	cpp/plugins/motionplayer/EmoteEngine.cpp:91	PRESERVE_NO_SOURCE_NAME_EVIDENCE	Semantic body/layout evidence exists where mapped; no trustworthy four-target source-level identifier evidence authorizes removing _guess		retain
engineStateBaseHint_guess	3	cpp/plugins/motionplayer/EmoteEngine.cpp	cpp/plugins/motionplayer/EmoteEngine.cpp:118	PRESERVE_NO_SOURCE_NAME_EVIDENCE	Semantic body/layout evidence exists where mapped; no trustworthy four-target source-level identifier evidence authorizes removing _guess		retain
engineStateEyeHint_guess	3	cpp/plugins/motionplayer/EmoteEngine.cpp	cpp/plugins/motionplayer/EmoteEngine.cpp:114	PRESERVE_NO_SOURCE_NAME_EVIDENCE	Semantic body/layout evidence exists where mapped; no trustworthy four-target source-level identifier evidence authorizes removing _guess		retain
engineStateEyebrowHint_guess	3	cpp/plugins/motionplayer/EmoteEngine.cpp	cpp/plugins/motionplayer/EmoteEngine.cpp:115	PRESERVE_NO_SOURCE_NAME_EVIDENCE	Semantic body/layout evidence exists where mapped; no trustworthy four-target source-level identifier evidence authorizes removing _guess		retain
engineStateOuterForceHint_guess	3	cpp/plugins/motionplayer/EmoteEngine.cpp	cpp/plugins/motionplayer/EmoteEngine.cpp:119	PRESERVE_NO_SOURCE_NAME_EVIDENCE	Semantic body/layout evidence exists where mapped; no trustworthy four-target source-level identifier evidence authorizes removing _guess		retain
engineStateSelectorHint_guess	3	cpp/plugins/motionplayer/EmoteEngine.cpp	cpp/plugins/motionplayer/EmoteEngine.cpp:117	PRESERVE_NO_SOURCE_NAME_EVIDENCE	Semantic body/layout evidence exists where mapped; no trustworthy four-target source-level identifier evidence authorizes removing _guess		retain
engineStateTimelineHint_guess	3	cpp/plugins/motionplayer/EmoteEngine.cpp	cpp/plugins/motionplayer/EmoteEngine.cpp:113	PRESERVE_NO_SOURCE_NAME_EVIDENCE	Semantic body/layout evidence exists where mapped; no trustworthy four-target source-level identifier evidence authorizes removing _guess		retain
engineStateTransitionHint_guess	3	cpp/plugins/motionplayer/EmoteEngine.cpp	cpp/plugins/motionplayer/EmoteEngine.cpp:116	PRESERVE_NO_SOURCE_NAME_EVIDENCE	Semantic body/layout evidence exists where mapped; no trustworthy four-target source-level identifier evidence authorizes removing _guess		retain
engineTalkLabelHint_guess	2	cpp/plugins/motionplayer/EmoteEngine.cpp	cpp/plugins/motionplayer/EmoteEngine.cpp:80	PRESERVE_NO_SOURCE_NAME_EVIDENCE	Semantic body/layout evidence exists where mapped; no trustworthy four-target source-level identifier evidence authorizes removing _guess		retain
engineTypeHint_guess	3	cpp/plugins/motionplayer/EmoteEngine.cpp	cpp/plugins/motionplayer/EmoteEngine.cpp:88	PRESERVE_NO_SOURCE_NAME_EVIDENCE	Semantic body/layout evidence exists where mapped; no trustworthy four-target source-level identifier evidence authorizes removing _guess		retain
engineValueHint_guess	4	cpp/plugins/motionplayer/EmoteEngine.cpp	cpp/plugins/motionplayer/EmoteEngine.cpp:90	PRESERVE_NO_SOURCE_NAME_EVIDENCE	Semantic body/layout evidence exists where mapped; no trustworthy four-target source-level identifier evidence authorizes removing _guess		retain
engineVarLrHint_guess	4	cpp/plugins/motionplayer/EmoteEngine.cpp	cpp/plugins/motionplayer/EmoteEngine.cpp:86	PRESERVE_NO_SOURCE_NAME_EVIDENCE	Semantic body/layout evidence exists where mapped; no trustworthy four-target source-level identifier evidence authorizes removing _guess		retain
engineVarLrmHint_guess	2	cpp/plugins/motionplayer/EmoteEngine.cpp	cpp/plugins/motionplayer/EmoteEngine.cpp:106	PRESERVE_NO_SOURCE_NAME_EVIDENCE	Semantic body/layout evidence exists where mapped; no trustworthy four-target source-level identifier evidence authorizes removing _guess		retain
engineVarUdHint_guess	4	cpp/plugins/motionplayer/EmoteEngine.cpp	cpp/plugins/motionplayer/EmoteEngine.cpp:87	PRESERVE_NO_SOURCE_NAME_EVIDENCE	Semantic body/layout evidence exists where mapped; no trustworthy four-target source-level identifier evidence authorizes removing _guess		retain
enqueueActionEvent_guess	8	cpp/plugins/motionplayer/Player.h; cpp/plugins/motionplayer/PlayerFrameProgress.cpp; cpp/plugins/motionplayer/PlayerUpdateLayerEval.cpp	cpp/plugins/motionplayer/Player.h:542	PRESERVE_NO_SOURCE_NAME_EVIDENCE	Semantic body/layout evidence exists where mapped; no trustworthy four-target source-level identifier evidence authorizes removing _guess		retain
enqueueSyncEvent_guess	5	cpp/plugins/motionplayer/Player.h; cpp/plugins/motionplayer/PlayerFrameProgress.cpp	cpp/plugins/motionplayer/Player.h:541	PRESERVE_NO_SOURCE_NAME_EVIDENCE	Semantic body/layout evidence exists where mapped; no trustworthy four-target source-level identifier evidence authorizes removing _guess		retain
ensurePrivateMotionGLL_guess	4	cpp/plugins/motionplayer/PlayerRenderTargets.cpp; cpp/plugins/motionplayer/PrivateMotionGLL.cpp; cpp/plugins/motionplayer/PrivateMotionGLL.h; cpp/plugins/motionplayer/SeparateLayerAdaptor.h	cpp/plugins/motionplayer/PlayerRenderTargets.cpp:1146	PRESERVE_NO_SOURCE_NAME_EVIDENCE	Semantic body/layout evidence exists where mapped; no trustworthy four-target source-level identifier evidence authorizes removing _guess		retain
ensureRootNode_guess	4	cpp/plugins/motionplayer/Player.h; cpp/plugins/motionplayer/PlayerCore.cpp; cpp/plugins/motionplayer/RuntimeSupport.cpp; cpp/plugins/motionplayer/RuntimeSupport.h	cpp/plugins/motionplayer/Player.h:598	PRESERVE_NO_SOURCE_NAME_EVIDENCE	Semantic body/layout evidence exists where mapped; no trustworthy four-target source-level identifier evidence authorizes removing _guess		retain
ensureTexture_guess	3	cpp/plugins/motionplayer/SourceCache.cpp; cpp/plugins/motionplayer/SourceCache.h	cpp/plugins/motionplayer/SourceCache.cpp:340	PRESERVE_NO_SOURCE_NAME_EVIDENCE	Semantic body/layout evidence exists where mapped; no trustworthy four-target source-level identifier evidence authorizes removing _guess	analysis/motionplayer_dead_value_noop_refcount_uninitialized_inactive_tail_four_binary_2026-08-28.md	retain
eraseNonRootNodesAndClearLabelMap_guess	4	cpp/plugins/motionplayer/Player.h; cpp/plugins/motionplayer/PlayerMotionLoad.cpp; cpp/plugins/motionplayer/RuntimeSupport.cpp; cpp/plugins/motionplayer/RuntimeSupport.h	cpp/plugins/motionplayer/Player.h:599	PRESERVE_NO_SOURCE_NAME_EVIDENCE	Semantic body/layout evidence exists where mapped; no trustworthy four-target source-level identifier evidence authorizes removing _guess	analysis/motionplayer_motionnode_prepared_item_deque_lifetime_four_binary_2026-08-27.md	retain
evalCascadeWeightForDifferentialTest_guess	1	cpp/plugins/motionplayer/Player.h	cpp/plugins/motionplayer/Player.h:1267	TEST_ONLY_LOCAL_LABEL	Unregistered test seam; not a claimed reference source identifier		retain
evaluateBezierColumn_guess	3	cpp/plugins/motionplayer/MotionLayerExtensions.cpp	cpp/plugins/motionplayer/MotionLayerExtensions.cpp:608	PRESERVE_NO_SOURCE_NAME_EVIDENCE	Semantic body/layout evidence exists where mapped; no trustworthy four-target source-level identifier evidence authorizes removing _guess		retain
evaluateBezierPatch4x4Neon_guess	2	cpp/plugins/motionplayer/MotionBezierPatch.h	cpp/plugins/motionplayer/MotionBezierPatch.h:49	PRESERVE_NO_SOURCE_NAME_EVIDENCE	Semantic body/layout evidence exists where mapped; no trustworthy four-target source-level identifier evidence authorizes removing _guess		retain
evaluateBezierPatch4x4Scalar_guess	2	cpp/plugins/motionplayer/MotionBezierPatch.h	cpp/plugins/motionplayer/MotionBezierPatch.h:32	PRESERVE_NO_SOURCE_NAME_EVIDENCE	Semantic body/layout evidence exists where mapped; no trustworthy four-target source-level identifier evidence authorizes removing _guess		retain
evaluateBezierPatchVector_guess	9	cpp/plugins/motionplayer/MotionBezierPatch.h; cpp/plugins/motionplayer/PlayerUpdateGeometry.cpp; cpp/plugins/motionplayer/PlayerUpdateLayersInternal.h	cpp/plugins/motionplayer/MotionBezierPatch.h:105	PRESERVE_NO_SOURCE_NAME_EVIDENCE	Semantic body/layout evidence exists where mapped; no trustworthy four-target source-level identifier evidence authorizes removing _guess		retain
evaluateBezierRow_guess	3	cpp/plugins/motionplayer/MotionLayerExtensions.cpp	cpp/plugins/motionplayer/MotionLayerExtensions.cpp:595	PRESERVE_NO_SOURCE_NAME_EVIDENCE	Semantic body/layout evidence exists where mapped; no trustworthy four-target source-level identifier evidence authorizes removing _guess		retain
evaluatePositionControlCurve_guess	2	cpp/plugins/motionplayer/PlayerInternal.h	cpp/plugins/motionplayer/PlayerInternal.h:167	PRESERVE_NO_SOURCE_NAME_EVIDENCE	Semantic body/layout evidence exists where mapped; no trustworthy four-target source-level identifier evidence authorizes removing _guess		retain
evaluatePositionInterpolation_guess	6	cpp/plugins/motionplayer/PlayerInternal.h; cpp/plugins/motionplayer/PlayerUpdateChildMotion.cpp; cpp/plugins/motionplayer/PlayerUpdateLayerEval.cpp; cpp/plugins/motionplayer/PlayerUpdateParticles.cpp	cpp/plugins/motionplayer/PlayerInternal.h:287	PRESERVE_NO_SOURCE_NAME_EVIDENCE	Semantic body/layout evidence exists where mapped; no trustworthy four-target source-level identifier evidence authorizes removing _guess		retain
evaluateTimelineForDifferentialTest_guess	1	cpp/plugins/motionplayer/Player.h	cpp/plugins/motionplayer/Player.h:1234	TEST_ONLY_LOCAL_LABEL	Unregistered test seam; not a claimed reference source identifier		retain
evaluateTimeline_guess	6	cpp/plugins/motionplayer/Player.h; cpp/plugins/motionplayer/PlayerFrameProgress.cpp; cpp/plugins/motionplayer/PlayerInternal.h; cpp/plugins/motionplayer/PlayerUpdateLayerEval.cpp	cpp/plugins/motionplayer/Player.h:104	PRESERVE_NO_SOURCE_NAME_EVIDENCE	Semantic body/layout evidence exists where mapped; no trustworthy four-target source-level identifier evidence authorizes removing _guess		retain
evaluateTimelinesForJoinSnapshot_guess	3	cpp/plugins/motionplayer/Player.h; cpp/plugins/motionplayer/PlayerFrameProgress.cpp	cpp/plugins/motionplayer/Player.h:775	PRESERVE_NO_SOURCE_NAME_EVIDENCE	Semantic body/layout evidence exists where mapped; no trustworthy four-target source-level identifier evidence authorizes removing _guess		retain
evaluateVariableTrackEasing_guess	10	cpp/plugins/motionplayer/PlayerFrameProgress.cpp; cpp/plugins/motionplayer/PlayerInternal.h; cpp/plugins/motionplayer/PlayerRenderItems.cpp; cpp/plugins/motionplayer/PlayerUpdateLayerEval.cpp; cpp/plugins/motionplayer/PlayerUpdateLayersInternal.h	cpp/plugins/motionplayer/PlayerFrameProgress.cpp:52	PRESERVE_NO_SOURCE_NAME_EVIDENCE	Semantic body/layout evidence exists where mapped; no trustworthy four-target source-level identifier evidence authorizes removing _guess		retain
evaluationFrameForDifferentialTest_guess	1	cpp/plugins/motionplayer/Player.h	cpp/plugins/motionplayer/Player.h:828	TEST_ONLY_LOCAL_LABEL	Unregistered test seam; not a claimed reference source identifier		retain
executeLayerRenderCommandsForDifferentialTest_guess	1	cpp/plugins/motionplayer/Player.h	cpp/plugins/motionplayer/Player.h:1108	TEST_ONLY_LOCAL_LABEL	Unregistered test seam; not a claimed reference source identifier		retain
eyebrowTrackOvershoots_guess	2	cpp/plugins/motionplayer/EmoteEyebrowController.cpp	cpp/plugins/motionplayer/EmoteEyebrowController.cpp:18	PRESERVE_NO_SOURCE_NAME_EVIDENCE	Semantic body/layout evidence exists where mapped; no trustworthy four-target source-level identifier evidence authorizes removing _guess		retain
fadeInTimelineRawCallback_guess	3	cpp/plugins/motionplayer/EmotePlayer.cpp; cpp/plugins/motionplayer/EmotePlayer.h; cpp/plugins/motionplayer/main.cpp	cpp/plugins/motionplayer/EmotePlayer.cpp:832	PRESERVE_BINDING_LOCAL_LABEL	The script name/binding is four-target evidenced, but the stripped binaries do not expose this local C++ source identifier		retain
fadeInTimeline_guess	4	cpp/plugins/motionplayer/EmoteEngine.cpp; cpp/plugins/motionplayer/EmoteEngine.h; cpp/plugins/motionplayer/EmotePlayer.cpp	cpp/plugins/motionplayer/EmoteEngine.cpp:2993	PRESERVE_NO_SOURCE_NAME_EVIDENCE	Semantic body/layout evidence exists where mapped; no trustworthy four-target source-level identifier evidence authorizes removing _guess		retain
fadeOutTimelineRawCallback_guess	3	cpp/plugins/motionplayer/EmotePlayer.cpp; cpp/plugins/motionplayer/EmotePlayer.h; cpp/plugins/motionplayer/main.cpp	cpp/plugins/motionplayer/EmotePlayer.cpp:853	PRESERVE_BINDING_LOCAL_LABEL	The script name/binding is four-target evidenced, but the stripped binaries do not expose this local C++ source identifier		retain
fillRectMemberHint_guess	8	cpp/plugins/motionplayer/MotionDispatch.h; cpp/plugins/motionplayer/MotionLayerExtensions.cpp; cpp/plugins/motionplayer/PlayerRenderInternal.cpp; cpp/plugins/motionplayer/PlayerTimeline.cpp; cpp/plugins/motionplayer/RuntimeSupport.cpp; cpp/plugins/motionplayer/SourceCache.cpp	cpp/plugins/motionplayer/MotionDispatch.h:296	PRESERVE_NO_SOURCE_NAME_EVIDENCE	Semantic body/layout evidence exists where mapped; no trustworthy four-target source-level identifier evidence authorizes removing _guess		retain
finalizeParameterTable_guess	5	cpp/plugins/motionplayer/Player.h; cpp/plugins/motionplayer/PlayerCore.cpp; cpp/plugins/motionplayer/PlayerVariable.cpp	cpp/plugins/motionplayer/Player.h:603	PRESERVE_NO_SOURCE_NAME_EVIDENCE	Semantic body/layout evidence exists where mapped; no trustworthy four-target source-level identifier evidence authorizes removing _guess		retain
findMotionMemberHint_guess	4	cpp/plugins/motionplayer/MotionDispatch.h; cpp/plugins/motionplayer/PlayerCore.cpp; cpp/plugins/motionplayer/RuntimeSupport.cpp	cpp/plugins/motionplayer/MotionDispatch.h:179	PRESERVE_NO_SOURCE_NAME_EVIDENCE	Semantic body/layout evidence exists where mapped; no trustworthy four-target source-level identifier evidence authorizes removing _guess		retain
findNodeByRawLabel_guess	11	cpp/plugins/motionplayer/NodeTree.cpp; cpp/plugins/motionplayer/Player.h; cpp/plugins/motionplayer/PlayerLayerQuery.cpp; cpp/plugins/motionplayer/PlayerUpdateChildMotion.cpp; cpp/plugins/motionplayer/PlayerUpdateGeometry.cpp; cpp/plugins/motionplayer/PlayerUpdateParticles.cpp	cpp/plugins/motionplayer/NodeTree.cpp:319	PRESERVE_NO_SOURCE_NAME_EVIDENCE	Semantic body/layout evidence exists where mapped; no trustworthy four-target source-level identifier evidence authorizes removing _guess	analysis/motionplayer_layergetter_player_producers_and_borrowed_lifetime_four_binary_2026-08-26.md; analysis/motionplayer_raw_label_resolver_caller_closure_four_binary_2026-08-27.md	retain
findSourceForDifferentialTest_guess	1	cpp/plugins/motionplayer/Player.h	cpp/plugins/motionplayer/Player.h:823	TEST_ONLY_LOCAL_LABEL	Unregistered test seam; not a claimed reference source identifier		retain
findSourceForNode_guess	9	cpp/plugins/motionplayer/Player.h; cpp/plugins/motionplayer/PlayerFrameProgress.cpp; cpp/plugins/motionplayer/PlayerResource.cpp; cpp/plugins/motionplayer/PlayerUpdateLayerEval.cpp; cpp/plugins/motionplayer/ResourceManager.h; cpp/plugins/motionplayer/SourceCache.h	cpp/plugins/motionplayer/Player.h:785	PRESERVE_NO_SOURCE_NAME_EVIDENCE	Semantic body/layout evidence exists where mapped; no trustworthy four-target source-level identifier evidence authorizes removing _guess	analysis/motionplayer_player_find_source_for_node_four_binary_2026-08-27.md	retain
findSourceMemberHint_guess	2	cpp/plugins/motionplayer/PlayerRender.cpp	cpp/plugins/motionplayer/PlayerRender.cpp:22	PRESERVE_NO_SOURCE_NAME_EVIDENCE	Semantic body/layout evidence exists where mapped; no trustworthy four-target source-level identifier evidence authorizes removing _guess		retain
findWinSourceGroup_guess	2	cpp/plugins/motionplayer/PlayerResource.cpp	cpp/plugins/motionplayer/PlayerResource.cpp:60	PRESERVE_NO_SOURCE_NAME_EVIDENCE	Semantic body/layout evidence exists where mapped; no trustworthy four-target source-level identifier evidence authorizes removing _guess		retain
floatToSignedIntTowardZeroSaturated_guess	22	cpp/plugins/motionplayer/PlayerRenderExecute.cpp; cpp/plugins/motionplayer/PlayerRenderInternal.h; cpp/plugins/motionplayer/PlayerRenderTargets.cpp	cpp/plugins/motionplayer/PlayerRenderExecute.cpp:18	PRESERVE_NO_SOURCE_NAME_EVIDENCE	Semantic body/layout evidence exists where mapped; no trustworthy four-target source-level identifier evidence authorizes removing _guess	analysis/motionplayer_fp_to_integer_saturation_truncation_wrap_rounding_four_binary_2026-08-28.md	retain
flush_guess	6	cpp/plugins/motionplayer/MotionRenderBackend.cpp; cpp/plugins/motionplayer/MotionRenderBackend.h; cpp/plugins/motionplayer/PlayerRenderTargets.cpp	cpp/plugins/motionplayer/MotionRenderBackend.cpp:747	PRESERVE_NO_SOURCE_NAME_EVIDENCE	Semantic body/layout evidence exists where mapped; no trustworthy four-target source-level identifier evidence authorizes removing _guess		retain
foldVariableRangeRecursive_guess	4	cpp/plugins/motionplayer/Player.h; cpp/plugins/motionplayer/PlayerVariable.cpp	cpp/plugins/motionplayer/Player.h:583	PRESERVE_NO_SOURCE_NAME_EVIDENCE	Semantic body/layout evidence exists where mapped; no trustworthy four-target source-level identifier evidence authorizes removing _guess		retain
g_PrivateMotionGLLClassId_guess	7	cpp/plugins/motionplayer/PrivateMotionGLL.cpp	cpp/plugins/motionplayer/PrivateMotionGLL.cpp:29	PRESERVE_NO_SOURCE_NAME_EVIDENCE	Semantic body/layout evidence exists where mapped; no trustworthy four-target source-level identifier evidence authorizes removing _guess		retain
g_sharedD3DAdaptor_guess	4	cpp/plugins/motionplayer/PlayerRenderInternal.cpp	cpp/plugins/motionplayer/PlayerRenderInternal.cpp:37	PRESERVE_NO_SOURCE_NAME_EVIDENCE	Semantic body/layout evidence exists where mapped; no trustworthy four-target source-level identifier evidence authorizes removing _guess	analysis/motionplayer_d3dadaptor_lifecycle_clear_four_binary_2026-08-27.md	retain
getAnimating_guess	5	cpp/plugins/motionplayer/EmoteEngine.cpp; cpp/plugins/motionplayer/EmoteEngine.h; cpp/plugins/motionplayer/EmotePlayer.cpp; cpp/plugins/motionplayer/EmotePlayer.h; cpp/plugins/motionplayer/main.cpp	cpp/plugins/motionplayer/EmoteEngine.cpp:1339	PRESERVE_BINDING_LOCAL_LABEL	The script name/binding is four-target evidenced, but the stripped binaries do not expose this local C++ source identifier		retain
getCachedTextureCount_guess	1	cpp/plugins/motionplayer/D3DAdaptor.h	cpp/plugins/motionplayer/D3DAdaptor.h:93	PRESERVE_NO_SOURCE_NAME_EVIDENCE	Semantic body/layout evidence exists where mapped; no trustworthy four-target source-level identifier evidence authorizes removing _guess		retain
getDiffTimelineLabelAt_guess	3	cpp/plugins/motionplayer/EmoteEngine.cpp; cpp/plugins/motionplayer/EmoteEngine.h; cpp/plugins/motionplayer/EmotePlayer.cpp	cpp/plugins/motionplayer/EmoteEngine.cpp:3032	PRESERVE_NO_SOURCE_NAME_EVIDENCE	Semantic body/layout evidence exists where mapped; no trustworthy four-target source-level identifier evidence authorizes removing _guess		retain
getDiffTimelineLabelList_guess	3	cpp/plugins/motionplayer/EmoteEngine.cpp; cpp/plugins/motionplayer/EmoteEngine.h; cpp/plugins/motionplayer/main.cpp	cpp/plugins/motionplayer/EmoteEngine.cpp:3103	PRESERVE_BINDING_LOCAL_LABEL	The script name/binding is four-target evidenced, but the stripped binaries do not expose this local C++ source identifier		retain
getIntegerProperty_guess	9	cpp/plugins/motionplayer/SeparateLayerAdaptor.cpp	cpp/plugins/motionplayer/SeparateLayerAdaptor.cpp:65	PRESERVE_NO_SOURCE_NAME_EVIDENCE	Semantic body/layout evidence exists where mapped; no trustworthy four-target source-level identifier evidence authorizes removing _guess		retain
getInternalWorkspaceDimension_guess	6	cpp/plugins/motionplayer/PlayerRenderInternal.h; cpp/plugins/motionplayer/PlayerRenderTargets.cpp	cpp/plugins/motionplayer/PlayerRenderInternal.h:184	PRESERVE_NO_SOURCE_NAME_EVIDENCE	Semantic body/layout evidence exists where mapped; no trustworthy four-target source-level identifier evidence authorizes removing _guess	analysis/motionplayer_accurate_sla_post_draw_four_binary_2026-08-27.md; analysis/motionplayer_internal_render_layer_materializer_four_binary_2026-08-27.md	retain
getLayerClassDispatchVariant_guess	3	cpp/plugins/motionplayer/PlayerRenderInternal.cpp; cpp/plugins/motionplayer/PlayerRenderInternal.h	cpp/plugins/motionplayer/PlayerRenderInternal.cpp:81	PRESERVE_NO_SOURCE_NAME_EVIDENCE	Semantic body/layout evidence exists where mapped; no trustworthy four-target source-level identifier evidence authorizes removing _guess	analysis/motionplayer_player_clear_four_binary_2026-08-26.md	retain
getLoopTimeline_guess	4	cpp/plugins/motionplayer/EmoteEngine.cpp; cpp/plugins/motionplayer/EmoteEngine.h; cpp/plugins/motionplayer/EmotePlayer.cpp; cpp/plugins/motionplayer/main.cpp	cpp/plugins/motionplayer/EmoteEngine.cpp:3065	PRESERVE_BINDING_LOCAL_LABEL	The script name/binding is four-target evidenced, but the stripped binaries do not expose this local C++ source identifier		retain
getMainTimelineLabelAt_guess	3	cpp/plugins/motionplayer/EmoteEngine.cpp; cpp/plugins/motionplayer/EmoteEngine.h; cpp/plugins/motionplayer/EmotePlayer.cpp	cpp/plugins/motionplayer/EmoteEngine.cpp:3018	PRESERVE_NO_SOURCE_NAME_EVIDENCE	Semantic body/layout evidence exists where mapped; no trustworthy four-target source-level identifier evidence authorizes removing _guess		retain
getMainTimelineLabelList_guess	3	cpp/plugins/motionplayer/EmoteEngine.cpp; cpp/plugins/motionplayer/EmoteEngine.h; cpp/plugins/motionplayer/main.cpp	cpp/plugins/motionplayer/EmoteEngine.cpp:3089	PRESERVE_BINDING_LOCAL_LABEL	The script name/binding is four-target evidenced, but the stripped binaries do not expose this local C++ source identifier		retain
getPlayingTimelineFlagsAt_guess	3	cpp/plugins/motionplayer/EmoteEngine.cpp; cpp/plugins/motionplayer/EmoteEngine.h; cpp/plugins/motionplayer/EmotePlayer.cpp	cpp/plugins/motionplayer/EmoteEngine.cpp:3052	PRESERVE_NO_SOURCE_NAME_EVIDENCE	Semantic body/layout evidence exists where mapped; no trustworthy four-target source-level identifier evidence authorizes removing _guess		retain
getPlayingTimelineInfoList_guess	3	cpp/plugins/motionplayer/EmoteEngine.cpp; cpp/plugins/motionplayer/EmoteEngine.h; cpp/plugins/motionplayer/main.cpp	cpp/plugins/motionplayer/EmoteEngine.cpp:3114	PRESERVE_BINDING_LOCAL_LABEL	The script name/binding is four-target evidenced, but the stripped binaries do not expose this local C++ source identifier		retain
getPlayingTimelineLabelAt_guess	4	cpp/plugins/motionplayer/EmoteEngine.cpp; cpp/plugins/motionplayer/EmoteEngine.h; cpp/plugins/motionplayer/EmotePlayer.cpp	cpp/plugins/motionplayer/EmoteEngine.cpp:3044	PRESERVE_NO_SOURCE_NAME_EVIDENCE	Semantic body/layout evidence exists where mapped; no trustworthy four-target source-level identifier evidence authorizes removing _guess		retain
getPrivateOpenGLRenderManager_guess	27	cpp/plugins/motionplayer/D3DAdaptor.cpp; cpp/plugins/motionplayer/MotionRenderBackend.cpp; cpp/plugins/motionplayer/MotionRenderBackend.h; cpp/plugins/motionplayer/PlayerRenderTargets.cpp; cpp/plugins/motionplayer/PrivateMotionGLL.cpp	cpp/plugins/motionplayer/D3DAdaptor.cpp:36	PRESERVE_NO_SOURCE_NAME_EVIDENCE	Semantic body/layout evidence exists where mapped; no trustworthy four-target source-level identifier evidence authorizes removing _guess	analysis/motionplayer_private_opengl_manager_d3d_render_envelope_four_binary_2026-08-27.md	retain
getRenderSourceDimension_guess	3	cpp/plugins/motionplayer/SourceCache.cpp	cpp/plugins/motionplayer/SourceCache.cpp:120	PRESERVE_NO_SOURCE_NAME_EVIDENCE	Semantic body/layout evidence exists where mapped; no trustworthy four-target source-level identifier evidence authorizes removing _guess		retain
getRenderSourcePropertyInt_guess	5	cpp/plugins/motionplayer/PlayerRenderExecute.cpp	cpp/plugins/motionplayer/PlayerRenderExecute.cpp:58	PRESERVE_NO_SOURCE_NAME_EVIDENCE	Semantic body/layout evidence exists where mapped; no trustworthy four-target source-level identifier evidence authorizes removing _guess		retain
getRenderTexture_guess	3	cpp/plugins/motionplayer/D3DAdaptor.cpp; cpp/plugins/motionplayer/D3DAdaptor.h; cpp/plugins/motionplayer/SourceCache.cpp	cpp/plugins/motionplayer/D3DAdaptor.cpp:206	PRESERVE_NO_SOURCE_NAME_EVIDENCE	Semantic body/layout evidence exists where mapped; no trustworthy four-target source-level identifier evidence authorizes removing _guess	analysis/motionplayer_d3d_source_getter_texture_map_insert_four_binary_2026-08-27.md	retain
getRootModified_guess	3	cpp/plugins/motionplayer/EmotePlayer.h; cpp/plugins/motionplayer/Player.h; cpp/plugins/motionplayer/PlayerCore.cpp	cpp/plugins/motionplayer/EmotePlayer.h:363	PRESERVE_NO_SOURCE_NAME_EVIDENCE	Semantic body/layout evidence exists where mapped; no trustworthy four-target source-level identifier evidence authorizes removing _guess		retain
getTimelineBlendRatio_guess	5	cpp/plugins/motionplayer/EmoteEngine.cpp; cpp/plugins/motionplayer/EmoteEngine.h; cpp/plugins/motionplayer/EmotePlayer.cpp; cpp/plugins/motionplayer/EmotePlayer.h; cpp/plugins/motionplayer/main.cpp	cpp/plugins/motionplayer/EmoteEngine.cpp:3006	PRESERVE_BINDING_LOCAL_LABEL	The script name/binding is four-target evidenced, but the stripped binaries do not expose this local C++ source identifier		retain
getTimelinePlayingRawCallback_guess	3	cpp/plugins/motionplayer/EmotePlayer.cpp; cpp/plugins/motionplayer/EmotePlayer.h; cpp/plugins/motionplayer/main.cpp	cpp/plugins/motionplayer/EmotePlayer.cpp:787	PRESERVE_BINDING_LOCAL_LABEL	The script name/binding is four-target evidenced, but the stripped binaries do not expose this local C++ source identifier		retain
getTimelineTotalFrameCount_guess	4	cpp/plugins/motionplayer/EmoteEngine.cpp; cpp/plugins/motionplayer/EmoteEngine.h; cpp/plugins/motionplayer/EmotePlayer.cpp; cpp/plugins/motionplayer/main.cpp	cpp/plugins/motionplayer/EmoteEngine.cpp:3079	PRESERVE_BINDING_LOCAL_LABEL	The script name/binding is four-target evidenced, but the stripped binaries do not expose this local C++ source identifier		retain
getVariableRange_guess	3	cpp/plugins/motionplayer/EmotePlayer.cpp; cpp/plugins/motionplayer/Player.h; cpp/plugins/motionplayer/PlayerVariable.cpp	cpp/plugins/motionplayer/EmotePlayer.cpp:897	PRESERVE_NO_SOURCE_NAME_EVIDENCE	Semantic body/layout evidence exists where mapped; no trustworthy four-target source-level identifier evidence authorizes removing _guess		retain
growProjectedPaintBox_guess	2	cpp/plugins/motionplayer/PlayerRenderItems.cpp	cpp/plugins/motionplayer/PlayerRenderItems.cpp:206	PRESERVE_NO_SOURCE_NAME_EVIDENCE	Semantic body/layout evidence exists where mapped; no trustworthy four-target source-level identifier evidence authorizes removing _guess	analysis/motionplayer_player_prepared_projection_four_binary_2026-08-27.md	retain
hasEmoteEdit_guess	11	cpp/plugins/motionplayer/MotionNode.h; cpp/plugins/motionplayer/PlayerRenderItems.cpp; cpp/plugins/motionplayer/PlayerUpdateGeometry.cpp; cpp/plugins/motionplayer/PlayerUpdateLayerEval.cpp	cpp/plugins/motionplayer/MotionNode.h:378	PRESERVE_NO_SOURCE_NAME_EVIDENCE	Semantic body/layout evidence exists where mapped; no trustworthy four-target source-level identifier evidence authorizes removing _guess	analysis/motionplayer_motionnode_source_order_four_binary_2026-08-27.md	retain
hasVariableLabelScope_guess	3	cpp/plugins/motionplayer/EmoteEngine.cpp; cpp/plugins/motionplayer/Player.h; cpp/plugins/motionplayer/PlayerVariable.cpp	cpp/plugins/motionplayer/EmoteEngine.cpp:2574	PRESERVE_NO_SOURCE_NAME_EVIDENCE	Semantic body/layout evidence exists where mapped; no trustworthy four-target source-level identifier evidence authorizes removing _guess		retain
heightMemberHint_guess	19	cpp/plugins/motionplayer/MotionDispatch.h; cpp/plugins/motionplayer/MotionLayerExtensions.cpp; cpp/plugins/motionplayer/PlayerCore.cpp; cpp/plugins/motionplayer/PlayerLayerQuery.cpp; cpp/plugins/motionplayer/PlayerRenderExecute.cpp; cpp/plugins/motionplayer/PlayerRenderTargets.cpp; cpp/plugins/motionplayer/PlayerResource.cpp; cpp/plugins/motionplayer/PlayerUpdateLayersInternal.h; cpp/plugins/motionplayer/ResourceManager.cpp; cpp/plugins/motionplayer/RuntimeSupport.cpp; cpp/plugins/motionplayer/SourceCache.cpp	cpp/plugins/motionplayer/MotionDispatch.h:14	PRESERVE_NO_SOURCE_NAME_EVIDENCE	Semantic body/layout evidence exists where mapped; no trustworthy four-target source-level identifier evidence authorizes removing _guess		retain
hitTestLayerByRawLabel_guess	4	cpp/plugins/motionplayer/EmotePlayer.cpp; cpp/plugins/motionplayer/Player.h; cpp/plugins/motionplayer/PlayerLayerQuery.cpp	cpp/plugins/motionplayer/EmotePlayer.cpp:496	PRESERVE_NO_SOURCE_NAME_EVIDENCE	Semantic body/layout evidence exists where mapped; no trustworthy four-target source-level identifier evidence authorizes removing _guess	analysis/motionplayer_raw_label_resolver_caller_closure_four_binary_2026-08-27.md	retain
hitThresholdMemberHint_guess	4	cpp/plugins/motionplayer/MotionDispatch.h; cpp/plugins/motionplayer/RuntimeSupport.cpp; cpp/plugins/motionplayer/SeparateLayerAdaptor.cpp	cpp/plugins/motionplayer/MotionDispatch.h:311	PRESERVE_NO_SOURCE_NAME_EVIDENCE	Semantic body/layout evidence exists where mapped; no trustworthy four-target source-level identifier evidence authorizes removing _guess		retain
includePatchPoint_guess	3	cpp/plugins/motionplayer/MotionLayerExtensions.cpp	cpp/plugins/motionplayer/MotionLayerExtensions.cpp:202	PRESERVE_NO_SOURCE_NAME_EVIDENCE	Semantic body/layout evidence exists where mapped; no trustworthy four-target source-level identifier evidence authorizes removing _guess		retain
includePointInBounds_guess	6	cpp/plugins/motionplayer/MotionRenderBackend.cpp	cpp/plugins/motionplayer/MotionRenderBackend.cpp:182	PRESERVE_NO_SOURCE_NAME_EVIDENCE	Semantic body/layout evidence exists where mapped; no trustworthy four-target source-level identifier evidence authorizes removing _guess		retain
incrementWrapping32_guess	8	cpp/plugins/motionplayer/PlayerFrameProgress.cpp; cpp/plugins/motionplayer/PlayerUpdateLayerEval.cpp	cpp/plugins/motionplayer/PlayerFrameProgress.cpp:183	PRESERVE_NO_SOURCE_NAME_EVIDENCE	Semantic body/layout evidence exists where mapped; no trustworthy four-target source-level identifier evidence authorizes removing _guess		retain
initEmoteMotion_guess	7	cpp/plugins/motionplayer/Player.h; cpp/plugins/motionplayer/PlayerCore.cpp; cpp/plugins/motionplayer/PlayerFrameProgress.cpp; cpp/plugins/motionplayer/PlayerTimeline.cpp; cpp/plugins/motionplayer/PlayerUpdateChildMotion.cpp; cpp/plugins/motionplayer/PlayerUpdateParticles.cpp	cpp/plugins/motionplayer/Player.h:587	PRESERVE_NO_SOURCE_NAME_EVIDENCE	Semantic body/layout evidence exists where mapped; no trustworthy four-target source-level identifier evidence authorizes removing _guess	analysis/motionplayer_player_playback_state_machine_four_binary_2026-08-27.md	retain
initJoinSnapshot_guess	3	cpp/plugins/motionplayer/MotionNode.h; cpp/plugins/motionplayer/PlayerFrameProgress.cpp	cpp/plugins/motionplayer/MotionNode.h:224	PRESERVE_NO_SOURCE_NAME_EVIDENCE	Semantic body/layout evidence exists where mapped; no trustworthy four-target source-level identifier evidence authorizes removing _guess		retain
initNonEmoteMotionForDifferentialTest_guess	1	cpp/plugins/motionplayer/Player.h	cpp/plugins/motionplayer/Player.h:1079	TEST_ONLY_LOCAL_LABEL	Unregistered test seam; not a claimed reference source identifier		retain
initNonEmoteMotion_guess	5	cpp/plugins/motionplayer/Player.h; cpp/plugins/motionplayer/PlayerCore.cpp; cpp/plugins/motionplayer/PlayerTimeline.cpp	cpp/plugins/motionplayer/Player.h:586	PRESERVE_NO_SOURCE_NAME_EVIDENCE	Semantic body/layout evidence exists where mapped; no trustworthy four-target source-level identifier evidence authorizes removing _guess	analysis/motionplayer_player_playback_state_machine_four_binary_2026-08-27.md	retain
initVariablesForDifferentialTest_guess	1	cpp/plugins/motionplayer/Player.h	cpp/plugins/motionplayer/Player.h:1083	TEST_ONLY_LOCAL_LABEL	Unregistered test seam; not a claimed reference source identifier		retain
initialNodeFrameIndexForTime_guess	2	cpp/plugins/motionplayer/PlayerUpdateLayerEval.cpp	cpp/plugins/motionplayer/PlayerUpdateLayerEval.cpp:784	PRESERVE_NO_SOURCE_NAME_EVIDENCE	Semantic body/layout evidence exists where mapped; no trustworthy four-target source-level identifier evidence authorizes removing _guess		retain
initialNonChainEvaluationTime_guess	3	cpp/plugins/motionplayer/Player.h; cpp/plugins/motionplayer/PlayerCore.cpp	cpp/plugins/motionplayer/Player.h:101	PRESERVE_NO_SOURCE_NAME_EVIDENCE	Semantic body/layout evidence exists where mapped; no trustworthy four-target source-level identifier evidence authorizes removing _guess		retain
initializeBezierPatchRuntime_guess	2	cpp/plugins/motionplayer/MotionBezierPatch.h; cpp/plugins/motionplayer/main.cpp	cpp/plugins/motionplayer/MotionBezierPatch.h:79	PRESERVE_NO_SOURCE_NAME_EVIDENCE	Semantic body/layout evidence exists where mapped; no trustworthy four-target source-level identifier evidence authorizes removing _guess	analysis/motionplayer_player_ncb_surface_and_constructor_four_binary_2026-08-26.md	retain
initializeNodeFromLayer_guess	2	cpp/plugins/motionplayer/NodeTree.cpp	cpp/plugins/motionplayer/NodeTree.cpp:81	PRESERVE_NO_SOURCE_NAME_EVIDENCE	Semantic body/layout evidence exists where mapped; no trustworthy four-target source-level identifier evidence authorizes removing _guess	analysis/motionplayer_dead_value_noop_refcount_uninitialized_inactive_tail_four_binary_2026-08-28.md	retain
initializeNodeTimelineSlots_guess	6	cpp/plugins/motionplayer/Player.h; cpp/plugins/motionplayer/PlayerInternal.h; cpp/plugins/motionplayer/PlayerUpdateLayerEval.cpp	cpp/plugins/motionplayer/Player.h:106	PRESERVE_NO_SOURCE_NAME_EVIDENCE	Semantic body/layout evidence exists where mapped; no trustworthy four-target source-level identifier evidence authorizes removing _guess		retain
initializeOuterBoundsFromFirstPoint_guess	2	cpp/plugins/motionplayer/MotionRenderBackend.cpp	cpp/plugins/motionplayer/MotionRenderBackend.cpp:170	PRESERVE_NO_SOURCE_NAME_EVIDENCE	Semantic body/layout evidence exists where mapped; no trustworthy four-target source-level identifier evidence authorizes removing _guess		retain
initializeTimelineControllers_guess	3	cpp/plugins/motionplayer/EmoteEngine.cpp; cpp/plugins/motionplayer/EmoteEngine.h	cpp/plugins/motionplayer/EmoteEngine.cpp:2788	PRESERVE_NO_SOURCE_NAME_EVIDENCE	Semantic body/layout evidence exists where mapped; no trustworthy four-target source-level identifier evidence authorizes removing _guess		retain
initializeTimelineState_guess	4	cpp/plugins/motionplayer/EmoteEngine.cpp; cpp/plugins/motionplayer/EmoteEngine.h	cpp/plugins/motionplayer/EmoteEngine.cpp:2692	PRESERVE_NO_SOURCE_NAME_EVIDENCE	Semantic body/layout evidence exists where mapped; no trustworthy four-target source-level identifier evidence authorizes removing _guess		retain
initializeType3ChildState_guess	3	cpp/plugins/motionplayer/NodeTree.cpp; cpp/plugins/motionplayer/Player.h; cpp/plugins/motionplayer/PlayerMotionLoad.cpp	cpp/plugins/motionplayer/NodeTree.cpp:63	PRESERVE_NO_SOURCE_NAME_EVIDENCE	Semantic body/layout evidence exists where mapped; no trustworthy four-target source-level identifier evidence authorizes removing _guess		retain
interpolateMeshPoints_guess	2	cpp/plugins/motionplayer/PlayerUpdateLayerEval.cpp	cpp/plugins/motionplayer/PlayerUpdateLayerEval.cpp:38	PRESERVE_NO_SOURCE_NAME_EVIDENCE	Semantic body/layout evidence exists where mapped; no trustworthy four-target source-level identifier evidence authorizes removing _guess		retain
interpolatePackedColor_guess	11	cpp/plugins/motionplayer/PlayerInternal.h; cpp/plugins/motionplayer/PlayerRenderItems.cpp; cpp/plugins/motionplayer/PlayerUpdateLayerEval.cpp	cpp/plugins/motionplayer/PlayerInternal.h:160	PRESERVE_NO_SOURCE_NAME_EVIDENCE	Semantic body/layout evidence exists where mapped; no trustworthy four-target source-level identifier evidence authorizes removing _guess		retain
interpolateParticlePayload_guess	2	cpp/plugins/motionplayer/PlayerUpdateLayerEval.cpp	cpp/plugins/motionplayer/PlayerUpdateLayerEval.cpp:155	PRESERVE_NO_SOURCE_NAME_EVIDENCE	Semantic body/layout evidence exists where mapped; no trustworthy four-target source-level identifier evidence authorizes removing _guess		retain
interpolateScalarWithCurve_guess	10	cpp/plugins/motionplayer/PlayerUpdateLayerEval.cpp	cpp/plugins/motionplayer/PlayerUpdateLayerEval.cpp:84	PRESERVE_NO_SOURCE_NAME_EVIDENCE	Semantic body/layout evidence exists where mapped; no trustworthy four-target source-level identifier evidence authorizes removing _guess		retain
interpolateTimelineMeshPayload_guess	2	cpp/plugins/motionplayer/PlayerUpdateLayerEval.cpp	cpp/plugins/motionplayer/PlayerUpdateLayerEval.cpp:117	PRESERVE_NO_SOURCE_NAME_EVIDENCE	Semantic body/layout evidence exists where mapped; no trustworthy four-target source-level identifier evidence authorizes removing _guess		retain
interpolateTimelinePayload_guess	2	cpp/plugins/motionplayer/PlayerUpdateLayerEval.cpp	cpp/plugins/motionplayer/PlayerUpdateLayerEval.cpp:172	PRESERVE_NO_SOURCE_NAME_EVIDENCE	Semantic body/layout evidence exists where mapped; no trustworthy four-target source-level identifier evidence authorizes removing _guess		retain
interpolateVarTrackValues_guess	4	cpp/plugins/motionplayer/Player.h; cpp/plugins/motionplayer/PlayerFrameProgress.cpp; cpp/plugins/motionplayer/PlayerUpdateLayerEval.cpp	cpp/plugins/motionplayer/Player.h:771	PRESERVE_NO_SOURCE_NAME_EVIDENCE	Semantic body/layout evidence exists where mapped; no trustworthy four-target source-level identifier evidence authorizes removing _guess		retain
invalidateObjectVariant_guess	2	cpp/plugins/motionplayer/SeparateLayerAdaptor.cpp	cpp/plugins/motionplayer/SeparateLayerAdaptor.cpp:37	PRESERVE_NO_SOURCE_NAME_EVIDENCE	Semantic body/layout evidence exists where mapped; no trustworthy four-target source-level identifier evidence authorizes removing _guess		retain
invalidatePayloadLayerVariant_guess	2	cpp/plugins/motionplayer/SeparateLayerAdaptor.cpp	cpp/plugins/motionplayer/SeparateLayerAdaptor.cpp:45	PRESERVE_NO_SOURCE_NAME_EVIDENCE	Semantic body/layout evidence exists where mapped; no trustworthy four-target source-level identifier evidence authorizes removing _guess		retain
invalidateRetainedChildrenBeforeClear_guess	3	cpp/plugins/motionplayer/PlayerFrameProgress.cpp; cpp/plugins/motionplayer/internal/value_structs.h	cpp/plugins/motionplayer/PlayerFrameProgress.cpp:205	PRESERVE_NO_SOURCE_NAME_EVIDENCE	Semantic body/layout evidence exists where mapped; no trustworthy four-target source-level identifier evidence authorizes removing _guess		retain
isExistMotionMemberHint_guess	2	cpp/plugins/motionplayer/PlayerResource.cpp	cpp/plugins/motionplayer/PlayerResource.cpp:881	PRESERVE_NO_SOURCE_NAME_EVIDENCE	Semantic body/layout evidence exists where mapped; no trustworthy four-target source-level identifier evidence authorizes removing _guess		retain
isTimelinePlaying_guess	6	cpp/plugins/motionplayer/EmoteEngine.cpp; cpp/plugins/motionplayer/EmoteEngine.h; cpp/plugins/motionplayer/EmotePlayer.cpp	cpp/plugins/motionplayer/EmoteEngine.cpp:2967	PRESERVE_NO_SOURCE_NAME_EVIDENCE	Semantic body/layout evidence exists where mapped; no trustworthy four-target source-level identifier evidence authorizes removing _guess		retain
isValidMemberHint_guess	4	cpp/plugins/motionplayer/MotionDispatch.h; cpp/plugins/motionplayer/PlayerCore.cpp; cpp/plugins/motionplayer/RuntimeSupport.cpp	cpp/plugins/motionplayer/MotionDispatch.h:262	PRESERVE_NO_SOURCE_NAME_EVIDENCE	Semantic body/layout evidence exists where mapped; no trustworthy four-target source-level identifier evidence authorizes removing _guess		retain
kCameraConstraintExtent_guess	7	cpp/plugins/motionplayer/PlayerUpdateGeometry.cpp; cpp/plugins/motionplayer/PlayerUpdateLayersInternal.h	cpp/plugins/motionplayer/PlayerUpdateGeometry.cpp:23	PRESERVE_NO_SOURCE_NAME_EVIDENCE	Semantic body/layout evidence exists where mapped; no trustworthy four-target source-level identifier evidence authorizes removing _guess		retain
labelCopy_guess	3	cpp/plugins/motionplayer/EmoteEngine.h	cpp/plugins/motionplayer/EmoteEngine.h:138	PRESERVE_NO_SOURCE_NAME_EVIDENCE	Semantic body/layout evidence exists where mapped; no trustworthy four-target source-level identifier evidence authorizes removing _guess		retain
layerClassMemberHint_guess	3	cpp/plugins/motionplayer/MotionDispatch.h; cpp/plugins/motionplayer/RuntimeSupport.cpp	cpp/plugins/motionplayer/MotionDispatch.h:304	PRESERVE_NO_SOURCE_NAME_EVIDENCE	Semantic body/layout evidence exists where mapped; no trustworthy four-target source-level identifier evidence authorizes removing _guess		retain
layerFromObject_guess	3	cpp/plugins/motionplayer/MotionLayerExtensions.cpp	cpp/plugins/motionplayer/MotionLayerExtensions.cpp:451	PRESERVE_NO_SOURCE_NAME_EVIDENCE	Semantic body/layout evidence exists where mapped; no trustworthy four-target source-level identifier evidence authorizes removing _guess		retain
layerFromVariant_guess	3	cpp/plugins/motionplayer/MotionLayerExtensions.cpp	cpp/plugins/motionplayer/MotionLayerExtensions.cpp:447	PRESERVE_NO_SOURCE_NAME_EVIDENCE	Semantic body/layout evidence exists where mapped; no trustworthy four-target source-level identifier evidence authorizes removing _guess		retain
layerGetterBranchVisible_guess	3	cpp/plugins/motionplayer/MotionNode.h; cpp/plugins/motionplayer/PlayerLayerQuery.cpp	cpp/plugins/motionplayer/MotionNode.h:280	PRESERVE_NO_SOURCE_NAME_EVIDENCE	Semantic body/layout evidence exists where mapped; no trustworthy four-target source-level identifier evidence authorizes removing _guess		retain
layerGetterVisible_guess	3	cpp/plugins/motionplayer/MotionNode.h; cpp/plugins/motionplayer/PlayerLayerQuery.cpp	cpp/plugins/motionplayer/MotionNode.h:279	PRESERVE_NO_SOURCE_NAME_EVIDENCE	Semantic body/layout evidence exists where mapped; no trustworthy four-target source-level identifier evidence authorizes removing _guess		retain
leftMemberHint_guess	11	cpp/plugins/motionplayer/MotionDispatch.h; cpp/plugins/motionplayer/MotionLayerExtensions.cpp; cpp/plugins/motionplayer/PlayerCore.cpp; cpp/plugins/motionplayer/PlayerLayerQuery.cpp; cpp/plugins/motionplayer/PlayerResource.cpp; cpp/plugins/motionplayer/RuntimeSupport.cpp; cpp/plugins/motionplayer/SeparateLayerAdaptor.cpp; cpp/plugins/motionplayer/SourceCache.cpp	cpp/plugins/motionplayer/MotionDispatch.h:21	PRESERVE_NO_SOURCE_NAME_EVIDENCE	Semantic body/layout evidence exists where mapped; no trustworthy four-target source-level identifier evidence authorizes removing _guess		retain
lerpTintChannel_guess	13	cpp/plugins/motionplayer/SourceCache.cpp	cpp/plugins/motionplayer/SourceCache.cpp:66	PRESERVE_NO_SOURCE_NAME_EVIDENCE	Semantic body/layout evidence exists where mapped; no trustworthy four-target source-level identifier evidence authorizes removing _guess		retain
linkType3ChildPlayer_guess	3	cpp/plugins/motionplayer/NodeTree.cpp; cpp/plugins/motionplayer/Player.h; cpp/plugins/motionplayer/PlayerMotionLoad.cpp	cpp/plugins/motionplayer/NodeTree.cpp:54	PRESERVE_NO_SOURCE_NAME_EVIDENCE	Semantic body/layout evidence exists where mapped; no trustworthy four-target source-level identifier evidence authorizes removing _guess		retain
loadKrkrAtlasSource_guess	5	cpp/plugins/motionplayer/Player.h; cpp/plugins/motionplayer/PlayerResource.cpp; cpp/plugins/motionplayer/ResourceManager.h; cpp/plugins/motionplayer/SourceCache.cpp	cpp/plugins/motionplayer/Player.h:790	PRESERVE_NO_SOURCE_NAME_EVIDENCE	Semantic body/layout evidence exists where mapped; no trustworthy four-target source-level identifier evidence authorizes removing _guess	analysis/motionplayer_krkr_atlas_imagepacker_four_binary_2026-08-27.md	retain
loadMotionResultForDifferentialTest_guess	1	cpp/plugins/motionplayer/Player.h	cpp/plugins/motionplayer/Player.h:1155	TEST_ONLY_LOCAL_LABEL	Unregistered test seam; not a claimed reference source identifier		retain
loadMotionResult_guess	5	cpp/plugins/motionplayer/Player.h; cpp/plugins/motionplayer/PlayerCore.cpp; cpp/plugins/motionplayer/PlayerTimeline.cpp	cpp/plugins/motionplayer/Player.h:561	PRESERVE_NO_SOURCE_NAME_EVIDENCE	Semantic body/layout evidence exists where mapped; no trustworthy four-target source-level identifier evidence authorizes removing _guess	analysis/motionplayer_player_playback_state_machine_four_binary_2026-08-27.md	retain
loadRenderSourceLayerFromItem_guess	4	cpp/plugins/motionplayer/PlayerRenderTargets.cpp; cpp/plugins/motionplayer/SourceCache.cpp; cpp/plugins/motionplayer/SourceCache.h	cpp/plugins/motionplayer/PlayerRenderTargets.cpp:722	PRESERVE_NO_SOURCE_NAME_EVIDENCE	Semantic body/layout evidence exists where mapped; no trustworthy four-target source-level identifier evidence authorizes removing _guess		retain
loadRenderSourceTextureForItem_guess	3	cpp/plugins/motionplayer/PlayerRenderTargets.cpp; cpp/plugins/motionplayer/SourceCache.cpp; cpp/plugins/motionplayer/SourceCache.h	cpp/plugins/motionplayer/PlayerRenderTargets.cpp:969	PRESERVE_NO_SOURCE_NAME_EVIDENCE	Semantic body/layout evidence exists where mapped; no trustworthy four-target source-level identifier evidence authorizes removing _guess	analysis/motionplayer_d3d_source_getter_texture_map_insert_four_binary_2026-08-27.md	retain
loadRenderSourceTextureFromItem_guess	4	cpp/plugins/motionplayer/PlayerRenderTargets.cpp; cpp/plugins/motionplayer/SourceCache.cpp; cpp/plugins/motionplayer/SourceCache.h	cpp/plugins/motionplayer/PlayerRenderTargets.cpp:580	PRESERVE_NO_SOURCE_NAME_EVIDENCE	Semantic body/layout evidence exists where mapped; no trustworthy four-target source-level identifier evidence authorizes removing _guess		retain
loadSourceMemberHint_guess	3	cpp/plugins/motionplayer/MotionDispatch.h; cpp/plugins/motionplayer/RuntimeSupport.cpp; cpp/plugins/motionplayer/SourceCache.cpp	cpp/plugins/motionplayer/MotionDispatch.h:219	PRESERVE_NO_SOURCE_NAME_EVIDENCE	Semantic body/layout evidence exists where mapped; no trustworthy four-target source-level identifier evidence authorizes removing _guess		retain
loadWinAtlasTexture_guess	2	cpp/plugins/motionplayer/PlayerResource.cpp	cpp/plugins/motionplayer/PlayerResource.cpp:74	PRESERVE_NO_SOURCE_NAME_EVIDENCE	Semantic body/layout evidence exists where mapped; no trustworthy four-target source-level identifier evidence authorizes removing _guess		retain
loopTransitionListHint_guess	2	cpp/plugins/motionplayer/EmoteEngine.cpp	cpp/plugins/motionplayer/EmoteEngine.cpp:84	PRESERVE_NO_SOURCE_NAME_EVIDENCE	Semantic body/layout evidence exists where mapped; no trustworthy four-target source-level identifier evidence authorizes removing _guess		retain
loopVarLoopHint_guess	2	cpp/plugins/motionplayer/EmoteEngine.cpp	cpp/plugins/motionplayer/EmoteEngine.cpp:85	PRESERVE_NO_SOURCE_NAME_EVIDENCE	Semantic body/layout evidence exists where mapped; no trustworthy four-target source-level identifier evidence authorizes removing _guess		retain
makeCalcMeshPointArray_guess	3	cpp/plugins/motionplayer/PlayerLayerQuery.cpp	cpp/plugins/motionplayer/PlayerLayerQuery.cpp:135	PRESERVE_NO_SOURCE_NAME_EVIDENCE	Semantic body/layout evidence exists where mapped; no trustworthy four-target source-level identifier evidence authorizes removing _guess		retain
makeCalcRealArray_guess	3	cpp/plugins/motionplayer/PlayerLayerQuery.cpp	cpp/plugins/motionplayer/PlayerLayerQuery.cpp:126	PRESERVE_NO_SOURCE_NAME_EVIDENCE	Semantic body/layout evidence exists where mapped; no trustworthy four-target source-level identifier evidence authorizes removing _guess		retain
makePatchBoundsDictionary_guess	3	cpp/plugins/motionplayer/MotionLayerExtensions.cpp	cpp/plugins/motionplayer/MotionLayerExtensions.cpp:221	PRESERVE_NO_SOURCE_NAME_EVIDENCE	Semantic body/layout evidence exists where mapped; no trustworthy four-target source-level identifier evidence authorizes removing _guess		retain
makeRepeatedSoftwareBitmap_guess	2	cpp/plugins/motionplayer/MotionRenderBackend.cpp	cpp/plugins/motionplayer/MotionRenderBackend.cpp:48	PRESERVE_NO_SOURCE_NAME_EVIDENCE	Semantic body/layout evidence exists where mapped; no trustworthy four-target source-level identifier evidence authorizes removing _guess		retain
mapMeshPointThroughAncestor_guess	2	cpp/plugins/motionplayer/PlayerUpdateGeometry.cpp; cpp/plugins/motionplayer/PlayerUpdateLayersInternal.h	cpp/plugins/motionplayer/PlayerUpdateGeometry.cpp:431	PRESERVE_NO_SOURCE_NAME_EVIDENCE	Semantic body/layout evidence exists where mapped; no trustworthy four-target source-level identifier evidence authorizes removing _guess		retain
mapMeshPositionThroughAncestor_guess	4	cpp/plugins/motionplayer/PlayerUpdateGeometry.cpp; cpp/plugins/motionplayer/PlayerUpdateLayersInternal.h	cpp/plugins/motionplayer/PlayerUpdateGeometry.cpp:223	PRESERVE_NO_SOURCE_NAME_EVIDENCE	Semantic body/layout evidence exists where mapped; no trustworthy four-target source-level identifier evidence authorizes removing _guess		retain
markD3DStencilMaskChain_guess	2	cpp/plugins/motionplayer/PlayerRenderTargets.cpp	cpp/plugins/motionplayer/PlayerRenderTargets.cpp:227	PRESERVE_NO_SOURCE_NAME_EVIDENCE	Semantic body/layout evidence exists where mapped; no trustworthy four-target source-level identifier evidence authorizes removing _guess		retain
maskMemberHint_guess	5	cpp/plugins/motionplayer/MotionDispatch.h; cpp/plugins/motionplayer/PlayerUpdateLayerEval.cpp; cpp/plugins/motionplayer/RuntimeSupport.cpp	cpp/plugins/motionplayer/MotionDispatch.h:109	PRESERVE_NO_SOURCE_NAME_EVIDENCE	Semantic body/layout evidence exists where mapped; no trustworthy four-target source-level identifier evidence authorizes removing _guess		retain
materializeInternalRenderLayers_guess	4	cpp/plugins/motionplayer/Player.h; cpp/plugins/motionplayer/PlayerRenderTargets.cpp	cpp/plugins/motionplayer/Player.h:677	PRESERVE_NO_SOURCE_NAME_EVIDENCE	Semantic body/layout evidence exists where mapped; no trustworthy four-target source-level identifier evidence authorizes removing _guess	analysis/motionplayer_accurate_sla_post_draw_four_binary_2026-08-27.md; analysis/motionplayer_internal_render_layer_materializer_four_binary_2026-08-27.md	retain
mergeNodeFrameContent_guess	8	cpp/plugins/motionplayer/Player.h; cpp/plugins/motionplayer/PlayerUpdateLayerEval.cpp	cpp/plugins/motionplayer/Player.h:116	PRESERVE_NO_SOURCE_NAME_EVIDENCE	Semantic body/layout evidence exists where mapped; no trustworthy four-target source-level identifier evidence authorizes removing _guess		retain
mergeVariableTrackSlot_guess	8	cpp/plugins/motionplayer/Player.h; cpp/plugins/motionplayer/PlayerFrameProgress.cpp	cpp/plugins/motionplayer/Player.h:112	PRESERVE_NO_SOURCE_NAME_EVIDENCE	Semantic body/layout evidence exists where mapped; no trustworthy four-target source-level identifier evidence authorizes removing _guess		retain
meshCopyMemberHint_guess	3	cpp/plugins/motionplayer/MotionDispatch.h; cpp/plugins/motionplayer/PlayerRenderInternal.cpp; cpp/plugins/motionplayer/RuntimeSupport.cpp	cpp/plugins/motionplayer/MotionDispatch.h:233	PRESERVE_NO_SOURCE_NAME_EVIDENCE	Semantic body/layout evidence exists where mapped; no trustworthy four-target source-level identifier evidence authorizes removing _guess		retain
meshDivisionCounterWordToInt_guess	5	cpp/plugins/motionplayer/PlayerUpdateGeometry.cpp; cpp/plugins/motionplayer/PlayerUpdateLayersInternal.h	cpp/plugins/motionplayer/PlayerUpdateGeometry.cpp:368	PRESERVE_NO_SOURCE_NAME_EVIDENCE	Semantic body/layout evidence exists where mapped; no trustworthy four-target source-level identifier evidence authorizes removing _guess	analysis/motionplayer_fp_to_integer_saturation_truncation_wrap_rounding_four_binary_2026-08-28.md	retain
meshDoubleToUnsignedTowardZeroSaturated_guess	9	cpp/plugins/motionplayer/PlayerUpdateGeometry.cpp; cpp/plugins/motionplayer/PlayerUpdateLayersInternal.h	cpp/plugins/motionplayer/PlayerUpdateGeometry.cpp:357	PRESERVE_NO_SOURCE_NAME_EVIDENCE	Semantic body/layout evidence exists where mapped; no trustworthy four-target source-level identifier evidence authorizes removing _guess		retain
meshInheritanceSeparator_guess	9	cpp/plugins/motionplayer/MotionNode.h; cpp/plugins/motionplayer/PlayerLayerQuery.cpp; cpp/plugins/motionplayer/PlayerUpdateChildMotion.cpp; cpp/plugins/motionplayer/PlayerUpdateGeometry.cpp; cpp/plugins/motionplayer/PlayerUpdateParticles.cpp	cpp/plugins/motionplayer/MotionNode.h:316	PRESERVE_NO_SOURCE_NAME_EVIDENCE	Semantic body/layout evidence exists where mapped; no trustworthy four-target source-level identifier evidence authorizes removing _guess		retain
meshMemberHint_guess	5	cpp/plugins/motionplayer/MotionDispatch.h; cpp/plugins/motionplayer/PlayerLayerQuery.cpp; cpp/plugins/motionplayer/PlayerUpdateLayerEval.cpp; cpp/plugins/motionplayer/RuntimeSupport.cpp	cpp/plugins/motionplayer/MotionDispatch.h:139	PRESERVE_NO_SOURCE_NAME_EVIDENCE	Semantic body/layout evidence exists where mapped; no trustworthy four-target source-level identifier evidence authorizes removing _guess		retain
meshTransformMemberHint_guess	3	cpp/plugins/motionplayer/MotionDispatch.h; cpp/plugins/motionplayer/PlayerLayerQuery.cpp; cpp/plugins/motionplayer/RuntimeSupport.cpp	cpp/plugins/motionplayer/MotionDispatch.h:97	PRESERVE_NO_SOURCE_NAME_EVIDENCE	Semantic body/layout evidence exists where mapped; no trustworthy four-target source-level identifier evidence authorizes removing _guess		retain
meshVertexPassDirty_guess	4	cpp/plugins/motionplayer/MotionNode.h; cpp/plugins/motionplayer/PlayerUpdateGeometry.cpp	cpp/plugins/motionplayer/MotionNode.h:317	PRESERVE_NO_SOURCE_NAME_EVIDENCE	Semantic body/layout evidence exists where mapped; no trustworthy four-target source-level identifier evidence authorizes removing _guess		retain
metadataBustControlHint_guess	2	cpp/plugins/motionplayer/EmoteEngine.cpp	cpp/plugins/motionplayer/EmoteEngine.cpp:58	PRESERVE_NO_SOURCE_NAME_EVIDENCE	Semantic body/layout evidence exists where mapped; no trustworthy four-target source-level identifier evidence authorizes removing _guess		retain
metadataClampControlHint_guess	2	cpp/plugins/motionplayer/EmoteEngine.cpp	cpp/plugins/motionplayer/EmoteEngine.cpp:66	PRESERVE_NO_SOURCE_NAME_EVIDENCE	Semantic body/layout evidence exists where mapped; no trustworthy four-target source-level identifier evidence authorizes removing _guess		retain
metadataEyeControlHint_guess	2	cpp/plugins/motionplayer/EmoteEngine.cpp	cpp/plugins/motionplayer/EmoteEngine.cpp:61	PRESERVE_NO_SOURCE_NAME_EVIDENCE	Semantic body/layout evidence exists where mapped; no trustworthy four-target source-level identifier evidence authorizes removing _guess		retain
metadataEyebrowControlHint_guess	2	cpp/plugins/motionplayer/EmoteEngine.cpp	cpp/plugins/motionplayer/EmoteEngine.cpp:62	PRESERVE_NO_SOURCE_NAME_EVIDENCE	Semantic body/layout evidence exists where mapped; no trustworthy four-target source-level identifier evidence authorizes removing _guess		retain
metadataHairControlHint_guess	2	cpp/plugins/motionplayer/EmoteEngine.cpp	cpp/plugins/motionplayer/EmoteEngine.cpp:59	PRESERVE_NO_SOURCE_NAME_EVIDENCE	Semantic body/layout evidence exists where mapped; no trustworthy four-target source-level identifier evidence authorizes removing _guess		retain
metadataLoopControlHint_guess	2	cpp/plugins/motionplayer/EmoteEngine.cpp	cpp/plugins/motionplayer/EmoteEngine.cpp:65	PRESERVE_NO_SOURCE_NAME_EVIDENCE	Semantic body/layout evidence exists where mapped; no trustworthy four-target source-level identifier evidence authorizes removing _guess		retain
metadataMirrorControlHint_guess	2	cpp/plugins/motionplayer/EmoteEngine.cpp	cpp/plugins/motionplayer/EmoteEngine.cpp:67	PRESERVE_NO_SOURCE_NAME_EVIDENCE	Semantic body/layout evidence exists where mapped; no trustworthy four-target source-level identifier evidence authorizes removing _guess		retain
metadataMirrorHint_guess	2	cpp/plugins/motionplayer/EmoteEngine.cpp	cpp/plugins/motionplayer/EmoteEngine.cpp:56	PRESERVE_NO_SOURCE_NAME_EVIDENCE	Semantic body/layout evidence exists where mapped; no trustworthy four-target source-level identifier evidence authorizes removing _guess		retain
metadataMouthControlHint_guess	2	cpp/plugins/motionplayer/EmoteEngine.cpp	cpp/plugins/motionplayer/EmoteEngine.cpp:63	PRESERVE_NO_SOURCE_NAME_EVIDENCE	Semantic body/layout evidence exists where mapped; no trustworthy four-target source-level identifier evidence authorizes removing _guess		retain
metadataPartsControlHint_guess	2	cpp/plugins/motionplayer/EmoteEngine.cpp	cpp/plugins/motionplayer/EmoteEngine.cpp:60	PRESERVE_NO_SOURCE_NAME_EVIDENCE	Semantic body/layout evidence exists where mapped; no trustworthy four-target source-level identifier evidence authorizes removing _guess		retain
metadataScaleHint_guess	2	cpp/plugins/motionplayer/EmoteEngine.cpp	cpp/plugins/motionplayer/EmoteEngine.cpp:57	PRESERVE_NO_SOURCE_NAME_EVIDENCE	Semantic body/layout evidence exists where mapped; no trustworthy four-target source-level identifier evidence authorizes removing _guess		retain
metadataTimelineControlHint_guess	2	cpp/plugins/motionplayer/EmoteEngine.cpp	cpp/plugins/motionplayer/EmoteEngine.cpp:68	PRESERVE_NO_SOURCE_NAME_EVIDENCE	Semantic body/layout evidence exists where mapped; no trustworthy four-target source-level identifier evidence authorizes removing _guess		retain
metadataTransitionControlHint_guess	2	cpp/plugins/motionplayer/EmoteEngine.cpp	cpp/plugins/motionplayer/EmoteEngine.cpp:64	PRESERVE_NO_SOURCE_NAME_EVIDENCE	Semantic body/layout evidence exists where mapped; no trustworthy four-target source-level identifier evidence authorizes removing _guess		retain
mirrorForceVisibleGeometry_guess	2	cpp/plugins/motionplayer/PlayerUpdateGeometry.cpp; cpp/plugins/motionplayer/PlayerUpdateLayersInternal.h	cpp/plugins/motionplayer/PlayerUpdateGeometry.cpp:496	PRESERVE_NO_SOURCE_NAME_EVIDENCE	Semantic body/layout evidence exists where mapped; no trustworthy four-target source-level identifier evidence authorizes removing _guess		retain
mirrorVariableMatchListHint_guess	2	cpp/plugins/motionplayer/EmoteEngine.cpp	cpp/plugins/motionplayer/EmoteEngine.cpp:141	PRESERVE_NO_SOURCE_NAME_EVIDENCE	Semantic body/layout evidence exists where mapped; no trustworthy four-target source-level identifier evidence authorizes removing _guess		retain
motionLayerClipHeightMemberHint_guess	3	cpp/plugins/motionplayer/MotionLayerExtensions.cpp	cpp/plugins/motionplayer/MotionLayerExtensions.cpp:30	PRESERVE_NO_SOURCE_NAME_EVIDENCE	Semantic body/layout evidence exists where mapped; no trustworthy four-target source-level identifier evidence authorizes removing _guess		retain
motionLayerClipLeftMemberHint_guess	3	cpp/plugins/motionplayer/MotionLayerExtensions.cpp	cpp/plugins/motionplayer/MotionLayerExtensions.cpp:27	PRESERVE_NO_SOURCE_NAME_EVIDENCE	Semantic body/layout evidence exists where mapped; no trustworthy four-target source-level identifier evidence authorizes removing _guess		retain
motionLayerClipTopMemberHint_guess	3	cpp/plugins/motionplayer/MotionLayerExtensions.cpp	cpp/plugins/motionplayer/MotionLayerExtensions.cpp:28	PRESERVE_NO_SOURCE_NAME_EVIDENCE	Semantic body/layout evidence exists where mapped; no trustworthy four-target source-level identifier evidence authorizes removing _guess		retain
motionLayerClipWidthMemberHint_guess	3	cpp/plugins/motionplayer/MotionLayerExtensions.cpp	cpp/plugins/motionplayer/MotionLayerExtensions.cpp:29	PRESERVE_NO_SOURCE_NAME_EVIDENCE	Semantic body/layout evidence exists where mapped; no trustworthy four-target source-level identifier evidence authorizes removing _guess		retain
motionLayerHoldAlphaMemberHint_guess	5	cpp/plugins/motionplayer/MotionLayerExtensions.cpp	cpp/plugins/motionplayer/MotionLayerExtensions.cpp:31	PRESERVE_NO_SOURCE_NAME_EVIDENCE	Semantic body/layout evidence exists where mapped; no trustworthy four-target source-level identifier evidence authorizes removing _guess		retain
motionListMemberHint_guess	3	cpp/plugins/motionplayer/MotionDispatch.h; cpp/plugins/motionplayer/PlayerTimeline.cpp; cpp/plugins/motionplayer/RuntimeSupport.cpp	cpp/plugins/motionplayer/MotionDispatch.h:185	PRESERVE_NO_SOURCE_NAME_EVIDENCE	Semantic body/layout evidence exists where mapped; no trustworthy four-target source-level identifier evidence authorizes removing _guess		retain
motionMemberHint_guess	5	cpp/plugins/motionplayer/MotionDispatch.h; cpp/plugins/motionplayer/PlayerCore.cpp; cpp/plugins/motionplayer/PlayerUpdateLayerEval.cpp; cpp/plugins/motionplayer/RuntimeSupport.cpp	cpp/plugins/motionplayer/MotionDispatch.h:145	PRESERVE_NO_SOURCE_NAME_EVIDENCE	Semantic body/layout evidence exists where mapped; no trustworthy four-target source-level identifier evidence authorizes removing _guess		retain
motionSubNodeApplyOriginOffset_guess	2	cpp/plugins/motionplayer/PlayerUpdateChildMotion.cpp; cpp/plugins/motionplayer/PlayerUpdateLayersInternal.h	cpp/plugins/motionplayer/PlayerUpdateChildMotion.cpp:287	PRESERVE_NO_SOURCE_NAME_EVIDENCE	Semantic body/layout evidence exists where mapped; no trustworthy four-target source-level identifier evidence authorizes removing _guess		retain
motionSubNodeBlendAngleOffset_guess	2	cpp/plugins/motionplayer/PlayerUpdateChildMotion.cpp; cpp/plugins/motionplayer/PlayerUpdateLayersInternal.h	cpp/plugins/motionplayer/PlayerUpdateChildMotion.cpp:160	PRESERVE_NO_SOURCE_NAME_EVIDENCE	Semantic body/layout evidence exists where mapped; no trustworthy four-target source-level identifier evidence authorizes removing _guess		retain
motionSubNodeClampTimeAtZero_guess	2	cpp/plugins/motionplayer/PlayerUpdateChildMotion.cpp; cpp/plugins/motionplayer/PlayerUpdateLayersInternal.h	cpp/plugins/motionplayer/PlayerUpdateChildMotion.cpp:121	PRESERVE_NO_SOURCE_NAME_EVIDENCE	Semantic body/layout evidence exists where mapped; no trustworthy four-target source-level identifier evidence authorizes removing _guess		retain
motionSubNodeConsumeReplayFlag_guess	2	cpp/plugins/motionplayer/PlayerUpdateChildMotion.cpp; cpp/plugins/motionplayer/PlayerUpdateLayersInternal.h	cpp/plugins/motionplayer/PlayerUpdateChildMotion.cpp:62	PRESERVE_NO_SOURCE_NAME_EVIDENCE	Semantic body/layout evidence exists where mapped; no trustworthy four-target source-level identifier evidence authorizes removing _guess		retain
motionSubNodeNeedsTeardown_guess	2	cpp/plugins/motionplayer/PlayerUpdateChildMotion.cpp; cpp/plugins/motionplayer/PlayerUpdateLayersInternal.h	cpp/plugins/motionplayer/PlayerUpdateChildMotion.cpp:47	PRESERVE_NO_SOURCE_NAME_EVIDENCE	Semantic body/layout evidence exists where mapped; no trustworthy four-target source-level identifier evidence authorizes removing _guess		retain
mtxMemberHint_guess	3	cpp/plugins/motionplayer/MotionDispatch.h; cpp/plugins/motionplayer/PlayerLayerQuery.cpp; cpp/plugins/motionplayer/RuntimeSupport.cpp	cpp/plugins/motionplayer/MotionDispatch.h:94	PRESERVE_NO_SOURCE_NAME_EVIDENCE	Semantic body/layout evidence exists where mapped; no trustworthy four-target source-level identifier evidence authorizes removing _guess		retain
multipliedGridPointCount_guess	2	cpp/plugins/motionplayer/MotionLayerExtensions.cpp	cpp/plugins/motionplayer/MotionLayerExtensions.cpp:51	PRESERVE_NO_SOURCE_NAME_EVIDENCE	Semantic body/layout evidence exists where mapped; no trustworthy four-target source-level identifier evidence authorizes removing _guess		retain
multiplyOpacityWordsDivide255_guess	4	cpp/plugins/motionplayer/PlayerUpdateLayerEval.cpp; cpp/plugins/motionplayer/PlayerUpdateLayersInternal.h	cpp/plugins/motionplayer/PlayerUpdateLayerEval.cpp:1451	PRESERVE_NO_SOURCE_NAME_EVIDENCE	Semantic body/layout evidence exists where mapped; no trustworthy four-target source-level identifier evidence authorizes removing _guess	analysis/motionplayer_fp_to_integer_saturation_truncation_wrap_rounding_four_binary_2026-08-28.md; analysis/motionplayer_player_update_layers_phase1_phase2_four_binary_2026-08-27.md	retain
multiplyPackedColorWeights_guess	4	cpp/plugins/motionplayer/PlayerInternal.h; cpp/plugins/motionplayer/PlayerRenderItems.cpp	cpp/plugins/motionplayer/PlayerInternal.h:48	PRESERVE_NO_SOURCE_NAME_EVIDENCE	Semantic body/layout evidence exists where mapped; no trustworthy four-target source-level identifier evidence authorizes removing _guess		retain
multiplyTintChannel_guess	5	cpp/plugins/motionplayer/SourceCache.cpp	cpp/plugins/motionplayer/SourceCache.cpp:75	PRESERVE_NO_SOURCE_NAME_EVIDENCE	Semantic body/layout evidence exists where mapped; no trustworthy four-target source-level identifier evidence authorizes removing _guess		retain
narrowAndNegateCameraNodeDelta_guess	3	cpp/plugins/motionplayer/PlayerUpdateGeometry.cpp; cpp/plugins/motionplayer/PlayerUpdateLayersInternal.h	cpp/plugins/motionplayer/PlayerUpdateGeometry.cpp:563	PRESERVE_NO_SOURCE_NAME_EVIDENCE	Semantic body/layout evidence exists where mapped; no trustworthy four-target source-level identifier evidence authorizes removing _guess		retain
neutralColorMemberHint_guess	4	cpp/plugins/motionplayer/MotionDispatch.h; cpp/plugins/motionplayer/MotionLayerExtensions.cpp; cpp/plugins/motionplayer/PlayerRenderExecute.cpp; cpp/plugins/motionplayer/RuntimeSupport.cpp	cpp/plugins/motionplayer/MotionDispatch.h:297	PRESERVE_NO_SOURCE_NAME_EVIDENCE	Semantic body/layout evidence exists where mapped; no trustworthy four-target source-level identifier evidence authorizes removing _guess		retain
nodeEmoteEditMemberHint_guess	4	cpp/plugins/motionplayer/MotionDispatch.h; cpp/plugins/motionplayer/NodeTree.cpp; cpp/plugins/motionplayer/RuntimeSupport.cpp	cpp/plugins/motionplayer/MotionDispatch.h:186	PRESERVE_NO_SOURCE_NAME_EVIDENCE	Semantic body/layout evidence exists where mapped; no trustworthy four-target source-level identifier evidence authorizes removing _guess		retain
nodeFrameAccMemberHint_guess	3	cpp/plugins/motionplayer/MotionDispatch.h; cpp/plugins/motionplayer/PlayerUpdateLayerEval.cpp; cpp/plugins/motionplayer/RuntimeSupport.cpp	cpp/plugins/motionplayer/MotionDispatch.h:135	PRESERVE_NO_SOURCE_NAME_EVIDENCE	Semantic body/layout evidence exists where mapped; no trustworthy four-target source-level identifier evidence authorizes removing _guess		retain
nodeFrameAmaxMemberHint_guess	3	cpp/plugins/motionplayer/MotionDispatch.h; cpp/plugins/motionplayer/PlayerUpdateLayerEval.cpp; cpp/plugins/motionplayer/RuntimeSupport.cpp	cpp/plugins/motionplayer/MotionDispatch.h:161	PRESERVE_NO_SOURCE_NAME_EVIDENCE	Semantic body/layout evidence exists where mapped; no trustworthy four-target source-level identifier evidence authorizes removing _guess		retain
nodeFrameAminMemberHint_guess	3	cpp/plugins/motionplayer/MotionDispatch.h; cpp/plugins/motionplayer/PlayerUpdateLayerEval.cpp; cpp/plugins/motionplayer/RuntimeSupport.cpp	cpp/plugins/motionplayer/MotionDispatch.h:160	PRESERVE_NO_SOURCE_NAME_EVIDENCE	Semantic body/layout evidence exists where mapped; no trustworthy four-target source-level identifier evidence authorizes removing _guess		retain
nodeFrameAnchorMemberHint_guess	3	cpp/plugins/motionplayer/MotionDispatch.h; cpp/plugins/motionplayer/PlayerUpdateLayerEval.cpp; cpp/plugins/motionplayer/RuntimeSupport.cpp	cpp/plugins/motionplayer/MotionDispatch.h:168	PRESERVE_NO_SOURCE_NAME_EVIDENCE	Semantic body/layout evidence exists where mapped; no trustworthy four-target source-level identifier evidence authorizes removing _guess		retain
nodeFrameBmMemberHint_guess	3	cpp/plugins/motionplayer/MotionDispatch.h; cpp/plugins/motionplayer/PlayerUpdateLayerEval.cpp; cpp/plugins/motionplayer/RuntimeSupport.cpp	cpp/plugins/motionplayer/MotionDispatch.h:122	PRESERVE_NO_SOURCE_NAME_EVIDENCE	Semantic body/layout evidence exists where mapped; no trustworthy four-target source-level identifier evidence authorizes removing _guess		retain
nodeFrameBpMemberHint_guess	3	cpp/plugins/motionplayer/MotionDispatch.h; cpp/plugins/motionplayer/PlayerUpdateLayerEval.cpp; cpp/plugins/motionplayer/RuntimeSupport.cpp	cpp/plugins/motionplayer/MotionDispatch.h:143	PRESERVE_NO_SOURCE_NAME_EVIDENCE	Semantic body/layout evidence exists where mapped; no trustworthy four-target source-level identifier evidence authorizes removing _guess		retain
nodeFrameCameraMemberHint_guess	3	cpp/plugins/motionplayer/MotionDispatch.h; cpp/plugins/motionplayer/PlayerUpdateLayerEval.cpp; cpp/plugins/motionplayer/RuntimeSupport.cpp	cpp/plugins/motionplayer/MotionDispatch.h:165	PRESERVE_NO_SOURCE_NAME_EVIDENCE	Semantic body/layout evidence exists where mapped; no trustworthy four-target source-level identifier evidence authorizes removing _guess		retain
nodeFrameCcMemberHint_guess	3	cpp/plugins/motionplayer/MotionDispatch.h; cpp/plugins/motionplayer/PlayerUpdateLayerEval.cpp; cpp/plugins/motionplayer/RuntimeSupport.cpp	cpp/plugins/motionplayer/MotionDispatch.h:141	PRESERVE_NO_SOURCE_NAME_EVIDENCE	Semantic body/layout evidence exists where mapped; no trustworthy four-target source-level identifier evidence authorizes removing _guess		retain
nodeFrameCccMemberHint_guess	3	cpp/plugins/motionplayer/MotionDispatch.h; cpp/plugins/motionplayer/PlayerUpdateLayerEval.cpp; cpp/plugins/motionplayer/RuntimeSupport.cpp	cpp/plugins/motionplayer/MotionDispatch.h:133	PRESERVE_NO_SOURCE_NAME_EVIDENCE	Semantic body/layout evidence exists where mapped; no trustworthy four-target source-level identifier evidence authorizes removing _guess		retain
nodeFrameCpMemberHint_guess	3	cpp/plugins/motionplayer/MotionDispatch.h; cpp/plugins/motionplayer/PlayerUpdateLayerEval.cpp; cpp/plugins/motionplayer/RuntimeSupport.cpp	cpp/plugins/motionplayer/MotionDispatch.h:138	PRESERVE_NO_SOURCE_NAME_EVIDENCE	Semantic body/layout evidence exists where mapped; no trustworthy four-target source-level identifier evidence authorizes removing _guess		retain
nodeFrameDocmplMemberHint_guess	3	cpp/plugins/motionplayer/MotionDispatch.h; cpp/plugins/motionplayer/PlayerUpdateLayerEval.cpp; cpp/plugins/motionplayer/RuntimeSupport.cpp	cpp/plugins/motionplayer/MotionDispatch.h:148	PRESERVE_NO_SOURCE_NAME_EVIDENCE	Semantic body/layout evidence exists where mapped; no trustworthy four-target source-level identifier evidence authorizes removing _guess		retain
nodeFrameDofstMemberHint_guess	3	cpp/plugins/motionplayer/MotionDispatch.h; cpp/plugins/motionplayer/PlayerUpdateLayerEval.cpp; cpp/plugins/motionplayer/RuntimeSupport.cpp	cpp/plugins/motionplayer/MotionDispatch.h:149	PRESERVE_NO_SOURCE_NAME_EVIDENCE	Semantic body/layout evidence exists where mapped; no trustworthy four-target source-level identifier evidence authorizes removing _guess		retain
nodeFrameDtMemberHint_guess	4	cpp/plugins/motionplayer/MotionDispatch.h; cpp/plugins/motionplayer/PlayerUpdateLayerEval.cpp; cpp/plugins/motionplayer/RuntimeSupport.cpp	cpp/plugins/motionplayer/MotionDispatch.h:147	PRESERVE_NO_SOURCE_NAME_EVIDENCE	Semantic body/layout evidence exists where mapped; no trustworthy four-target source-level identifier evidence authorizes removing _guess		retain
nodeFrameDtgtMemberHint_guess	4	cpp/plugins/motionplayer/MotionDispatch.h; cpp/plugins/motionplayer/PlayerUpdateLayerEval.cpp; cpp/plugins/motionplayer/RuntimeSupport.cpp	cpp/plugins/motionplayer/MotionDispatch.h:150	PRESERVE_NO_SOURCE_NAME_EVIDENCE	Semantic body/layout evidence exists where mapped; no trustworthy four-target source-level identifier evidence authorizes removing _guess		retain
nodeFrameFeedbackMemberHint_guess	3	cpp/plugins/motionplayer/MotionDispatch.h; cpp/plugins/motionplayer/PlayerUpdateLayerEval.cpp; cpp/plugins/motionplayer/RuntimeSupport.cpp	cpp/plugins/motionplayer/MotionDispatch.h:169	PRESERVE_NO_SOURCE_NAME_EVIDENCE	Semantic body/layout evidence exists where mapped; no trustworthy four-target source-level identifier evidence authorizes removing _guess		retain
nodeFrameFlagsMemberHint_guess	3	cpp/plugins/motionplayer/MotionDispatch.h; cpp/plugins/motionplayer/PlayerUpdateLayerEval.cpp; cpp/plugins/motionplayer/RuntimeSupport.cpp	cpp/plugins/motionplayer/MotionDispatch.h:146	PRESERVE_NO_SOURCE_NAME_EVIDENCE	Semantic body/layout evidence exists where mapped; no trustworthy four-target source-level identifier evidence authorizes removing _guess		retain
nodeFrameFmaxMemberHint_guess	3	cpp/plugins/motionplayer/MotionDispatch.h; cpp/plugins/motionplayer/PlayerUpdateLayerEval.cpp; cpp/plugins/motionplayer/RuntimeSupport.cpp	cpp/plugins/motionplayer/MotionDispatch.h:157	PRESERVE_NO_SOURCE_NAME_EVIDENCE	Semantic body/layout evidence exists where mapped; no trustworthy four-target source-level identifier evidence authorizes removing _guess		retain
nodeFrameFminMemberHint_guess	3	cpp/plugins/motionplayer/MotionDispatch.h; cpp/plugins/motionplayer/PlayerUpdateLayerEval.cpp; cpp/plugins/motionplayer/RuntimeSupport.cpp	cpp/plugins/motionplayer/MotionDispatch.h:156	PRESERVE_NO_SOURCE_NAME_EVIDENCE	Semantic body/layout evidence exists where mapped; no trustworthy four-target source-level identifier evidence authorizes removing _guess		retain
nodeFrameFovMemberHint_guess	3	cpp/plugins/motionplayer/MotionDispatch.h; cpp/plugins/motionplayer/PlayerUpdateLayerEval.cpp; cpp/plugins/motionplayer/RuntimeSupport.cpp	cpp/plugins/motionplayer/MotionDispatch.h:166	PRESERVE_NO_SOURCE_NAME_EVIDENCE	Semantic body/layout evidence exists where mapped; no trustworthy four-target source-level identifier evidence authorizes removing _guess		retain
nodeFrameFxMemberHint_guess	3	cpp/plugins/motionplayer/MotionDispatch.h; cpp/plugins/motionplayer/PlayerUpdateLayerEval.cpp; cpp/plugins/motionplayer/RuntimeSupport.cpp	cpp/plugins/motionplayer/MotionDispatch.h:125	PRESERVE_NO_SOURCE_NAME_EVIDENCE	Semantic body/layout evidence exists where mapped; no trustworthy four-target source-level identifier evidence authorizes removing _guess		retain
nodeFrameFyMemberHint_guess	3	cpp/plugins/motionplayer/MotionDispatch.h; cpp/plugins/motionplayer/PlayerUpdateLayerEval.cpp; cpp/plugins/motionplayer/RuntimeSupport.cpp	cpp/plugins/motionplayer/MotionDispatch.h:126	PRESERVE_NO_SOURCE_NAME_EVIDENCE	Semantic body/layout evidence exists where mapped; no trustworthy four-target source-level identifier evidence authorizes removing _guess		retain
nodeFrameListMemberHint_guess	3	cpp/plugins/motionplayer/MotionDispatch.h; cpp/plugins/motionplayer/NodeTree.cpp; cpp/plugins/motionplayer/RuntimeSupport.cpp	cpp/plugins/motionplayer/MotionDispatch.h:192	PRESERVE_NO_SOURCE_NAME_EVIDENCE	Semantic body/layout evidence exists where mapped; no trustworthy four-target source-level identifier evidence authorizes removing _guess		retain
nodeFrameLoopMemberHint_guess	3	cpp/plugins/motionplayer/MotionDispatch.h; cpp/plugins/motionplayer/PlayerUpdateLayerEval.cpp; cpp/plugins/motionplayer/RuntimeSupport.cpp	cpp/plugins/motionplayer/MotionDispatch.h:153	PRESERVE_NO_SOURCE_NAME_EVIDENCE	Semantic body/layout evidence exists where mapped; no trustworthy four-target source-level identifier evidence authorizes removing _guess		retain
nodeFrameMccMemberHint_guess	3	cpp/plugins/motionplayer/MotionDispatch.h; cpp/plugins/motionplayer/PlayerUpdateLayerEval.cpp; cpp/plugins/motionplayer/RuntimeSupport.cpp	cpp/plugins/motionplayer/MotionDispatch.h:142	PRESERVE_NO_SOURCE_NAME_EVIDENCE	Semantic body/layout evidence exists where mapped; no trustworthy four-target source-level identifier evidence authorizes removing _guess		retain
nodeFrameModelMemberHint_guess	3	cpp/plugins/motionplayer/MotionDispatch.h; cpp/plugins/motionplayer/PlayerUpdateLayerEval.cpp; cpp/plugins/motionplayer/RuntimeSupport.cpp	cpp/plugins/motionplayer/MotionDispatch.h:152	PRESERVE_NO_SOURCE_NAME_EVIDENCE	Semantic body/layout evidence exists where mapped; no trustworthy four-target source-level identifier evidence authorizes removing _guess		retain
nodeFrameObjMemberHint_guess	3	cpp/plugins/motionplayer/MotionDispatch.h; cpp/plugins/motionplayer/PlayerUpdateLayerEval.cpp; cpp/plugins/motionplayer/RuntimeSupport.cpp	cpp/plugins/motionplayer/MotionDispatch.h:140	PRESERVE_NO_SOURCE_NAME_EVIDENCE	Semantic body/layout evidence exists where mapped; no trustworthy four-target source-level identifier evidence authorizes removing _guess		retain
nodeFrameOccMemberHint_guess	3	cpp/plugins/motionplayer/MotionDispatch.h; cpp/plugins/motionplayer/PlayerUpdateLayerEval.cpp; cpp/plugins/motionplayer/RuntimeSupport.cpp	cpp/plugins/motionplayer/MotionDispatch.h:134	PRESERVE_NO_SOURCE_NAME_EVIDENCE	Semantic body/layout evidence exists where mapped; no trustworthy four-target source-level identifier evidence authorizes removing _guess		retain
nodeFrameOpaMemberHint_guess	3	cpp/plugins/motionplayer/MotionDispatch.h; cpp/plugins/motionplayer/PlayerUpdateLayerEval.cpp; cpp/plugins/motionplayer/RuntimeSupport.cpp	cpp/plugins/motionplayer/MotionDispatch.h:124	PRESERVE_NO_SOURCE_NAME_EVIDENCE	Semantic body/layout evidence exists where mapped; no trustworthy four-target source-level identifier evidence authorizes removing _guess		retain
nodeFrameOxMemberHint_guess	3	cpp/plugins/motionplayer/MotionDispatch.h; cpp/plugins/motionplayer/PlayerUpdateLayerEval.cpp; cpp/plugins/motionplayer/RuntimeSupport.cpp	cpp/plugins/motionplayer/MotionDispatch.h:119	PRESERVE_NO_SOURCE_NAME_EVIDENCE	Semantic body/layout evidence exists where mapped; no trustworthy four-target source-level identifier evidence authorizes removing _guess		retain
nodeFrameOyMemberHint_guess	3	cpp/plugins/motionplayer/MotionDispatch.h; cpp/plugins/motionplayer/PlayerUpdateLayerEval.cpp; cpp/plugins/motionplayer/RuntimeSupport.cpp	cpp/plugins/motionplayer/MotionDispatch.h:120	PRESERVE_NO_SOURCE_NAME_EVIDENCE	Semantic body/layout evidence exists where mapped; no trustworthy four-target source-level identifier evidence authorizes removing _guess		retain
nodeFramePrtMemberHint_guess	3	cpp/plugins/motionplayer/MotionDispatch.h; cpp/plugins/motionplayer/PlayerUpdateLayerEval.cpp; cpp/plugins/motionplayer/RuntimeSupport.cpp	cpp/plugins/motionplayer/MotionDispatch.h:154	PRESERVE_NO_SOURCE_NAME_EVIDENCE	Semantic body/layout evidence exists where mapped; no trustworthy four-target source-level identifier evidence authorizes removing _guess		retain
nodeFrameRangeMemberHint_guess	3	cpp/plugins/motionplayer/MotionDispatch.h; cpp/plugins/motionplayer/PlayerUpdateLayerEval.cpp; cpp/plugins/motionplayer/RuntimeSupport.cpp	cpp/plugins/motionplayer/MotionDispatch.h:164	PRESERVE_NO_SOURCE_NAME_EVIDENCE	Semantic body/layout evidence exists where mapped; no trustworthy four-target source-level identifier evidence authorizes removing _guess		retain
nodeFrameSccMemberHint_guess	3	cpp/plugins/motionplayer/MotionDispatch.h; cpp/plugins/motionplayer/PlayerUpdateLayerEval.cpp; cpp/plugins/motionplayer/RuntimeSupport.cpp	cpp/plugins/motionplayer/MotionDispatch.h:137	PRESERVE_NO_SOURCE_NAME_EVIDENCE	Semantic body/layout evidence exists where mapped; no trustworthy four-target source-level identifier evidence authorizes removing _guess		retain
nodeFrameSelectionTime_guess	3	cpp/plugins/motionplayer/PlayerUpdateLayerEval.cpp	cpp/plugins/motionplayer/PlayerUpdateLayerEval.cpp:814	PRESERVE_NO_SOURCE_NAME_EVIDENCE	Semantic body/layout evidence exists where mapped; no trustworthy four-target source-level identifier evidence authorizes removing _guess		retain
nodeFrameSxMemberHint_guess	3	cpp/plugins/motionplayer/MotionDispatch.h; cpp/plugins/motionplayer/PlayerUpdateLayerEval.cpp; cpp/plugins/motionplayer/RuntimeSupport.cpp	cpp/plugins/motionplayer/MotionDispatch.h:130	PRESERVE_NO_SOURCE_NAME_EVIDENCE	Semantic body/layout evidence exists where mapped; no trustworthy four-target source-level identifier evidence authorizes removing _guess		retain
nodeFrameSyMemberHint_guess	3	cpp/plugins/motionplayer/MotionDispatch.h; cpp/plugins/motionplayer/PlayerUpdateLayerEval.cpp; cpp/plugins/motionplayer/RuntimeSupport.cpp	cpp/plugins/motionplayer/MotionDispatch.h:131	PRESERVE_NO_SOURCE_NAME_EVIDENCE	Semantic body/layout evidence exists where mapped; no trustworthy four-target source-level identifier evidence authorizes removing _guess		retain
nodeFrameTargetMemberHint_guess	4	cpp/plugins/motionplayer/MotionDispatch.h; cpp/plugins/motionplayer/PlayerUpdateLayerEval.cpp; cpp/plugins/motionplayer/RuntimeSupport.cpp	cpp/plugins/motionplayer/MotionDispatch.h:167	PRESERVE_NO_SOURCE_NAME_EVIDENCE	Semantic body/layout evidence exists where mapped; no trustworthy four-target source-level identifier evidence authorizes removing _guess		retain
nodeFrameTiMemberHint_guess	3	cpp/plugins/motionplayer/MotionDispatch.h; cpp/plugins/motionplayer/PlayerUpdateLayerEval.cpp; cpp/plugins/motionplayer/RuntimeSupport.cpp	cpp/plugins/motionplayer/MotionDispatch.h:132	PRESERVE_NO_SOURCE_NAME_EVIDENCE	Semantic body/layout evidence exists where mapped; no trustworthy four-target source-level identifier evidence authorizes removing _guess		retain
nodeFrameTimeOffsetMemberHint_guess	4	cpp/plugins/motionplayer/MotionDispatch.h; cpp/plugins/motionplayer/PlayerUpdateLayerEval.cpp; cpp/plugins/motionplayer/RuntimeSupport.cpp	cpp/plugins/motionplayer/MotionDispatch.h:151	PRESERVE_NO_SOURCE_NAME_EVIDENCE	Semantic body/layout evidence exists where mapped; no trustworthy four-target source-level identifier evidence authorizes removing _guess		retain
nodeFrameTimespanMemberHint_guess	3	cpp/plugins/motionplayer/MotionDispatch.h; cpp/plugins/motionplayer/PlayerUpdateLayerEval.cpp; cpp/plugins/motionplayer/RuntimeSupport.cpp	cpp/plugins/motionplayer/MotionDispatch.h:170	PRESERVE_NO_SOURCE_NAME_EVIDENCE	Semantic body/layout evidence exists where mapped; no trustworthy four-target source-level identifier evidence authorizes removing _guess		retain
nodeFrameTriggerMemberHint_guess	3	cpp/plugins/motionplayer/MotionDispatch.h; cpp/plugins/motionplayer/PlayerUpdateLayerEval.cpp; cpp/plugins/motionplayer/RuntimeSupport.cpp	cpp/plugins/motionplayer/MotionDispatch.h:155	PRESERVE_NO_SOURCE_NAME_EVIDENCE	Semantic body/layout evidence exists where mapped; no trustworthy four-target source-level identifier evidence authorizes removing _guess		retain
nodeFrameVmaxMemberHint_guess	3	cpp/plugins/motionplayer/MotionDispatch.h; cpp/plugins/motionplayer/PlayerUpdateLayerEval.cpp; cpp/plugins/motionplayer/RuntimeSupport.cpp	cpp/plugins/motionplayer/MotionDispatch.h:159	PRESERVE_NO_SOURCE_NAME_EVIDENCE	Semantic body/layout evidence exists where mapped; no trustworthy four-target source-level identifier evidence authorizes removing _guess		retain
nodeFrameVminMemberHint_guess	3	cpp/plugins/motionplayer/MotionDispatch.h; cpp/plugins/motionplayer/PlayerUpdateLayerEval.cpp; cpp/plugins/motionplayer/RuntimeSupport.cpp	cpp/plugins/motionplayer/MotionDispatch.h:158	PRESERVE_NO_SOURCE_NAME_EVIDENCE	Semantic body/layout evidence exists where mapped; no trustworthy four-target source-level identifier evidence authorizes removing _guess		retain
nodeFrameZccMemberHint_guess	3	cpp/plugins/motionplayer/MotionDispatch.h; cpp/plugins/motionplayer/PlayerUpdateLayerEval.cpp; cpp/plugins/motionplayer/RuntimeSupport.cpp	cpp/plugins/motionplayer/MotionDispatch.h:136	PRESERVE_NO_SOURCE_NAME_EVIDENCE	Semantic body/layout evidence exists where mapped; no trustworthy four-target source-level identifier evidence authorizes removing _guess		retain
nodeFrameZmaxMemberHint_guess	3	cpp/plugins/motionplayer/MotionDispatch.h; cpp/plugins/motionplayer/PlayerUpdateLayerEval.cpp; cpp/plugins/motionplayer/RuntimeSupport.cpp	cpp/plugins/motionplayer/MotionDispatch.h:163	PRESERVE_NO_SOURCE_NAME_EVIDENCE	Semantic body/layout evidence exists where mapped; no trustworthy four-target source-level identifier evidence authorizes removing _guess		retain
nodeFrameZminMemberHint_guess	3	cpp/plugins/motionplayer/MotionDispatch.h; cpp/plugins/motionplayer/PlayerUpdateLayerEval.cpp; cpp/plugins/motionplayer/RuntimeSupport.cpp	cpp/plugins/motionplayer/MotionDispatch.h:162	PRESERVE_NO_SOURCE_NAME_EVIDENCE	Semantic body/layout evidence exists where mapped; no trustworthy four-target source-level identifier evidence authorizes removing _guess		retain
nodeFrameZxMemberHint_guess	3	cpp/plugins/motionplayer/MotionDispatch.h; cpp/plugins/motionplayer/PlayerUpdateLayerEval.cpp; cpp/plugins/motionplayer/RuntimeSupport.cpp	cpp/plugins/motionplayer/MotionDispatch.h:128	PRESERVE_NO_SOURCE_NAME_EVIDENCE	Semantic body/layout evidence exists where mapped; no trustworthy four-target source-level identifier evidence authorizes removing _guess		retain
nodeFrameZyMemberHint_guess	3	cpp/plugins/motionplayer/MotionDispatch.h; cpp/plugins/motionplayer/PlayerUpdateLayerEval.cpp; cpp/plugins/motionplayer/RuntimeSupport.cpp	cpp/plugins/motionplayer/MotionDispatch.h:129	PRESERVE_NO_SOURCE_NAME_EVIDENCE	Semantic body/layout evidence exists where mapped; no trustworthy four-target source-level identifier evidence authorizes removing _guess		retain
nodeGroundCorrectionMemberHint_guess	3	cpp/plugins/motionplayer/MotionDispatch.h; cpp/plugins/motionplayer/NodeTree.cpp; cpp/plugins/motionplayer/RuntimeSupport.cpp	cpp/plugins/motionplayer/MotionDispatch.h:191	PRESERVE_NO_SOURCE_NAME_EVIDENCE	Semantic body/layout evidence exists where mapped; no trustworthy four-target source-level identifier evidence authorizes removing _guess		retain
nodeInheritMaskMemberHint_guess	3	cpp/plugins/motionplayer/MotionDispatch.h; cpp/plugins/motionplayer/NodeTree.cpp; cpp/plugins/motionplayer/RuntimeSupport.cpp	cpp/plugins/motionplayer/MotionDispatch.h:193	PRESERVE_NO_SOURCE_NAME_EVIDENCE	Semantic body/layout evidence exists where mapped; no trustworthy four-target source-level identifier evidence authorizes removing _guess		retain
nodeJoinTargetMemberHint_guess	3	cpp/plugins/motionplayer/MotionDispatch.h; cpp/plugins/motionplayer/NodeTree.cpp; cpp/plugins/motionplayer/RuntimeSupport.cpp	cpp/plugins/motionplayer/MotionDispatch.h:190	PRESERVE_NO_SOURCE_NAME_EVIDENCE	Semantic body/layout evidence exists where mapped; no trustworthy four-target source-level identifier evidence authorizes removing _guess		retain
nodeLabelMemberHint_guess	3	cpp/plugins/motionplayer/MotionDispatch.h; cpp/plugins/motionplayer/NodeTree.cpp; cpp/plugins/motionplayer/RuntimeSupport.cpp	cpp/plugins/motionplayer/MotionDispatch.h:187	PRESERVE_NO_SOURCE_NAME_EVIDENCE	Semantic body/layout evidence exists where mapped; no trustworthy four-target source-level identifier evidence authorizes removing _guess		retain
nodeRequireLayerIdMemberHint_guess	4	cpp/plugins/motionplayer/MotionDispatch.h; cpp/plugins/motionplayer/NodeTree.cpp; cpp/plugins/motionplayer/PlayerRenderTargets.cpp; cpp/plugins/motionplayer/RuntimeSupport.cpp	cpp/plugins/motionplayer/MotionDispatch.h:195	PRESERVE_NO_SOURCE_NAME_EVIDENCE	Semantic body/layout evidence exists where mapped; no trustworthy four-target source-level identifier evidence authorizes removing _guess		retain
nodeTransformOrderMemberHint_guess	3	cpp/plugins/motionplayer/MotionDispatch.h; cpp/plugins/motionplayer/NodeTree.cpp; cpp/plugins/motionplayer/RuntimeSupport.cpp	cpp/plugins/motionplayer/MotionDispatch.h:194	PRESERVE_NO_SOURCE_NAME_EVIDENCE	Semantic body/layout evidence exists where mapped; no trustworthy four-target source-level identifier evidence authorizes removing _guess		retain
normalizeParameterValue_guess	4	cpp/plugins/motionplayer/PlayerInternal.h; cpp/plugins/motionplayer/PlayerVariable.cpp	cpp/plugins/motionplayer/PlayerInternal.h:71	PRESERVE_NO_SOURCE_NAME_EVIDENCE	Semantic body/layout evidence exists where mapped; no trustworthy four-target source-level identifier evidence authorizes removing _guess		retain
observeIncrementalStreamsForDifferentialTest_guess	1	cpp/plugins/motionplayer/Player.h	cpp/plugins/motionplayer/Player.h:956	TEST_ONLY_LOCAL_LABEL	Unregistered test seam; not a claimed reference source identifier		retain
observeVariableTrackIncrementalForDifferentialTest_guess	1	cpp/plugins/motionplayer/Player.h	cpp/plugins/motionplayer/Player.h:1045	TEST_ONLY_LOCAL_LABEL	Unregistered test seam; not a claimed reference source identifier		retain
onActionMemberHint_guess	3	cpp/plugins/motionplayer/MotionDispatch.h; cpp/plugins/motionplayer/PlayerFrameProgress.cpp; cpp/plugins/motionplayer/RuntimeSupport.cpp	cpp/plugins/motionplayer/MotionDispatch.h:226	PRESERVE_NO_SOURCE_NAME_EVIDENCE	Semantic body/layout evidence exists where mapped; no trustworthy four-target source-level identifier evidence authorizes removing _guess		retain
onFindMotionMemberHint_guess	4	cpp/plugins/motionplayer/MotionDispatch.h; cpp/plugins/motionplayer/PlayerCore.cpp; cpp/plugins/motionplayer/RuntimeSupport.cpp	cpp/plugins/motionplayer/MotionDispatch.h:178	PRESERVE_NO_SOURCE_NAME_EVIDENCE	Semantic body/layout evidence exists where mapped; no trustworthy four-target source-level identifier evidence authorizes removing _guess		retain
onGroundCorrectionMemberHint_guess	3	cpp/plugins/motionplayer/MotionDispatch.h; cpp/plugins/motionplayer/PlayerUpdateLayersInternal.h; cpp/plugins/motionplayer/RuntimeSupport.cpp	cpp/plugins/motionplayer/MotionDispatch.h:197	PRESERVE_NO_SOURCE_NAME_EVIDENCE	Semantic body/layout evidence exists where mapped; no trustworthy four-target source-level identifier evidence authorizes removing _guess		retain
onSyncMemberHint_guess	3	cpp/plugins/motionplayer/MotionDispatch.h; cpp/plugins/motionplayer/PlayerFrameProgress.cpp; cpp/plugins/motionplayer/RuntimeSupport.cpp	cpp/plugins/motionplayer/MotionDispatch.h:225	PRESERVE_NO_SOURCE_NAME_EVIDENCE	Semantic body/layout evidence exists where mapped; no trustworthy four-target source-level identifier evidence authorizes removing _guess		retain
opacityMemberHint_guess	6	cpp/plugins/motionplayer/MotionDispatch.h; cpp/plugins/motionplayer/PlayerLayerQuery.cpp; cpp/plugins/motionplayer/PlayerRenderTargets.cpp; cpp/plugins/motionplayer/RuntimeSupport.cpp; cpp/plugins/motionplayer/SeparateLayerAdaptor.cpp	cpp/plugins/motionplayer/MotionDispatch.h:261	PRESERVE_NO_SOURCE_NAME_EVIDENCE	Semantic body/layout evidence exists where mapped; no trustworthy four-target source-level identifier evidence authorizes removing _guess		retain
operateAffineMemberHint_guess	3	cpp/plugins/motionplayer/MotionDispatch.h; cpp/plugins/motionplayer/PlayerRenderInternal.cpp; cpp/plugins/motionplayer/RuntimeSupport.cpp	cpp/plugins/motionplayer/MotionDispatch.h:240	PRESERVE_NO_SOURCE_NAME_EVIDENCE	Semantic body/layout evidence exists where mapped; no trustworthy four-target source-level identifier evidence authorizes removing _guess		retain
operateBezierPatchMemberHint_guess	3	cpp/plugins/motionplayer/MotionDispatch.h; cpp/plugins/motionplayer/PlayerRenderInternal.cpp; cpp/plugins/motionplayer/RuntimeSupport.cpp	cpp/plugins/motionplayer/MotionDispatch.h:239	PRESERVE_NO_SOURCE_NAME_EVIDENCE	Semantic body/layout evidence exists where mapped; no trustworthy four-target source-level identifier evidence authorizes removing _guess		retain
operateMeshMemberHint_guess	3	cpp/plugins/motionplayer/MotionDispatch.h; cpp/plugins/motionplayer/PlayerRenderInternal.cpp; cpp/plugins/motionplayer/RuntimeSupport.cpp	cpp/plugins/motionplayer/MotionDispatch.h:238	PRESERVE_NO_SOURCE_NAME_EVIDENCE	Semantic body/layout evidence exists where mapped; no trustworthy four-target source-level identifier evidence authorizes removing _guess		retain
operatePrivateMotionGLLAffine_guess	2	cpp/plugins/motionplayer/PrivateMotionGLL.cpp	cpp/plugins/motionplayer/PrivateMotionGLL.cpp:162	PRESERVE_NO_SOURCE_NAME_EVIDENCE	Semantic body/layout evidence exists where mapped; no trustworthy four-target source-level identifier evidence authorizes removing _guess		retain
operatePrivateMotionGLLMesh_guess	3	cpp/plugins/motionplayer/PrivateMotionGLL.cpp	cpp/plugins/motionplayer/PrivateMotionGLL.cpp:208	PRESERVE_NO_SOURCE_NAME_EVIDENCE	Semantic body/layout evidence exists where mapped; no trustworthy four-target source-level identifier evidence authorizes removing _guess		retain
operateRectMemberHint_guess	4	cpp/plugins/motionplayer/MotionDispatch.h; cpp/plugins/motionplayer/PlayerRenderInternal.cpp; cpp/plugins/motionplayer/RuntimeSupport.cpp; cpp/plugins/motionplayer/SourceCache.cpp	cpp/plugins/motionplayer/MotionDispatch.h:292	PRESERVE_NO_SOURCE_NAME_EVIDENCE	Semantic body/layout evidence exists where mapped; no trustworthy four-target source-level identifier evidence authorizes removing _guess		retain
orderShapeAxis_guess	3	cpp/plugins/motionplayer/PlayerUpdateGeometry.cpp; cpp/plugins/motionplayer/PlayerUpdateLayersInternal.h	cpp/plugins/motionplayer/PlayerUpdateGeometry.cpp:618	PRESERVE_NO_SOURCE_NAME_EVIDENCE	Semantic body/layout evidence exists where mapped; no trustworthy four-target source-level identifier evidence authorizes removing _guess	analysis/motionplayer_player_shape_aabb_four_binary_2026-08-27.md	retain
originXMemberHint_guess	7	cpp/plugins/motionplayer/MotionDispatch.h; cpp/plugins/motionplayer/PlayerLayerQuery.cpp; cpp/plugins/motionplayer/PlayerResource.cpp; cpp/plugins/motionplayer/PlayerUpdateLayersInternal.h; cpp/plugins/motionplayer/ResourceManager.cpp; cpp/plugins/motionplayer/RuntimeSupport.cpp	cpp/plugins/motionplayer/MotionDispatch.h:15	PRESERVE_NO_SOURCE_NAME_EVIDENCE	Semantic body/layout evidence exists where mapped; no trustworthy four-target source-level identifier evidence authorizes removing _guess		retain
originYMemberHint_guess	7	cpp/plugins/motionplayer/MotionDispatch.h; cpp/plugins/motionplayer/PlayerLayerQuery.cpp; cpp/plugins/motionplayer/PlayerResource.cpp; cpp/plugins/motionplayer/PlayerUpdateLayersInternal.h; cpp/plugins/motionplayer/ResourceManager.cpp; cpp/plugins/motionplayer/RuntimeSupport.cpp	cpp/plugins/motionplayer/MotionDispatch.h:16	PRESERVE_NO_SOURCE_NAME_EVIDENCE	Semantic body/layout evidence exists where mapped; no trustworthy four-target source-level identifier evidence authorizes removing _guess		retain
outerForceStateBustHint_guess	3	cpp/plugins/motionplayer/EmoteEngine.cpp	cpp/plugins/motionplayer/EmoteEngine.cpp:127	PRESERVE_NO_SOURCE_NAME_EVIDENCE	Semantic body/layout evidence exists where mapped; no trustworthy four-target source-level identifier evidence authorizes removing _guess		retain
outerForceStateHairHint_guess	3	cpp/plugins/motionplayer/EmoteEngine.cpp	cpp/plugins/motionplayer/EmoteEngine.cpp:128	PRESERVE_NO_SOURCE_NAME_EVIDENCE	Semantic body/layout evidence exists where mapped; no trustworthy four-target source-level identifier evidence authorizes removing _guess		retain
outerForceStatePartsHint_guess	3	cpp/plugins/motionplayer/EmoteEngine.cpp	cpp/plugins/motionplayer/EmoteEngine.cpp:129	PRESERVE_NO_SOURCE_NAME_EVIDENCE	Semantic body/layout evidence exists where mapped; no trustworthy four-target source-level identifier evidence authorizes removing _guess		retain
packedColorCacheFirst_guess	4	cpp/plugins/motionplayer/PlayerRenderItems.cpp	cpp/plugins/motionplayer/PlayerRenderItems.cpp:21	PRESERVE_NO_SOURCE_NAME_EVIDENCE	Semantic body/layout evidence exists where mapped; no trustworthy four-target source-level identifier evidence authorizes removing _guess		retain
packedColorCacheResult_guess	3	cpp/plugins/motionplayer/PlayerRenderItems.cpp	cpp/plugins/motionplayer/PlayerRenderItems.cpp:23	PRESERVE_NO_SOURCE_NAME_EVIDENCE	Semantic body/layout evidence exists where mapped; no trustworthy four-target source-level identifier evidence authorizes removing _guess		retain
packedColorCacheSecond_guess	4	cpp/plugins/motionplayer/PlayerRenderItems.cpp	cpp/plugins/motionplayer/PlayerRenderItems.cpp:22	PRESERVE_NO_SOURCE_NAME_EVIDENCE	Semantic body/layout evidence exists where mapped; no trustworthy four-target source-level identifier evidence authorizes removing _guess		retain
packedColorInterpolationWeightS32_guess	2	cpp/plugins/motionplayer/PlayerRenderItems.cpp	cpp/plugins/motionplayer/PlayerRenderItems.cpp:50	PRESERVE_NO_SOURCE_NAME_EVIDENCE	Semantic body/layout evidence exists where mapped; no trustworthy four-target source-level identifier evidence authorizes removing _guess	analysis/motionplayer_fp_to_integer_saturation_truncation_wrap_rounding_four_binary_2026-08-28.md	retain
parameterEntryCountForDifferentialTest_guess	1	cpp/plugins/motionplayer/Player.h	cpp/plugins/motionplayer/Player.h:1218	TEST_ONLY_LOCAL_LABEL	Unregistered test seam; not a claimed reference source identifier		retain
parameterEntryForDifferentialTest_guess	1	cpp/plugins/motionplayer/Player.h	cpp/plugins/motionplayer/Player.h:1222	TEST_ONLY_LOCAL_LABEL	Unregistered test seam; not a claimed reference source identifier		retain
parameterMemberHint_guess	3	cpp/plugins/motionplayer/MotionDispatch.h; cpp/plugins/motionplayer/PlayerCore.cpp; cpp/plugins/motionplayer/RuntimeSupport.cpp	cpp/plugins/motionplayer/MotionDispatch.h:263	PRESERVE_NO_SOURCE_NAME_EVIDENCE	Semantic body/layout evidence exists where mapped; no trustworthy four-target source-level identifier evidence authorizes removing _guess		retain
parameterRampCountForDifferentialTest_guess	1	cpp/plugins/motionplayer/Player.h	cpp/plugins/motionplayer/Player.h:1226	TEST_ONLY_LOCAL_LABEL	Unregistered test seam; not a claimed reference source identifier		retain
parameterSignedInt32TowardZeroSaturated_guess	2	cpp/plugins/motionplayer/PlayerVariable.cpp	cpp/plugins/motionplayer/PlayerVariable.cpp:63	PRESERVE_NO_SOURCE_NAME_EVIDENCE	Semantic body/layout evidence exists where mapped; no trustworthy four-target source-level identifier evidence authorizes removing _guess		retain
parameterizeMemberHint_guess	4	cpp/plugins/motionplayer/MotionDispatch.h; cpp/plugins/motionplayer/NodeTree.cpp; cpp/plugins/motionplayer/PlayerCore.cpp; cpp/plugins/motionplayer/RuntimeSupport.cpp	cpp/plugins/motionplayer/MotionDispatch.h:188	PRESERVE_NO_SOURCE_NAME_EVIDENCE	Semantic body/layout evidence exists where mapped; no trustworthy four-target source-level identifier evidence authorizes removing _guess		retain
parseAndTessellateBezierPatch_guess	5	cpp/plugins/motionplayer/MotionLayerExtensions.cpp	cpp/plugins/motionplayer/MotionLayerExtensions.cpp:125	PRESERVE_NO_SOURCE_NAME_EVIDENCE	Semantic body/layout evidence exists where mapped; no trustworthy four-target source-level identifier evidence authorizes removing _guess		retain
parseNodeFrame_guess	8	cpp/plugins/motionplayer/Player.h; cpp/plugins/motionplayer/PlayerUpdateLayerEval.cpp	cpp/plugins/motionplayer/Player.h:114	PRESERVE_NO_SOURCE_NAME_EVIDENCE	Semantic body/layout evidence exists where mapped; no trustworthy four-target source-level identifier evidence authorizes removing _guess		retain
parseParameterListForDifferentialTest_guess	1	cpp/plugins/motionplayer/Player.h	cpp/plugins/motionplayer/Player.h:1213	TEST_ONLY_LOCAL_LABEL	Unregistered test seam; not a claimed reference source identifier		retain
parseParameterList_guess	4	cpp/plugins/motionplayer/Player.h; cpp/plugins/motionplayer/PlayerCore.cpp; cpp/plugins/motionplayer/PlayerVariable.cpp	cpp/plugins/motionplayer/Player.h:602	PRESERVE_NO_SOURCE_NAME_EVIDENCE	Semantic body/layout evidence exists where mapped; no trustworthy four-target source-level identifier evidence authorizes removing _guess		retain
particleArrayAddMemberHint_guess	3	cpp/plugins/motionplayer/MotionDispatch.h; cpp/plugins/motionplayer/MotionNodeBridge.cpp; cpp/plugins/motionplayer/RuntimeSupport.cpp	cpp/plugins/motionplayer/MotionDispatch.h:213	PRESERVE_NO_SOURCE_NAME_EVIDENCE	Semantic body/layout evidence exists where mapped; no trustworthy four-target source-level identifier evidence authorizes removing _guess		retain
particleArrayAdd_guess	3	cpp/plugins/motionplayer/MotionNode.h; cpp/plugins/motionplayer/MotionNodeBridge.cpp; cpp/plugins/motionplayer/PlayerUpdateParticles.cpp	cpp/plugins/motionplayer/MotionNode.h:57	PRESERVE_NO_SOURCE_NAME_EVIDENCE	Semantic body/layout evidence exists where mapped; no trustworthy four-target source-level identifier evidence authorizes removing _guess		retain
particleArrayCount_guess	10	cpp/plugins/motionplayer/MotionNode.h; cpp/plugins/motionplayer/MotionNodeBridge.cpp; cpp/plugins/motionplayer/PlayerLayerQuery.cpp; cpp/plugins/motionplayer/PlayerRenderItems.cpp; cpp/plugins/motionplayer/PlayerUpdateParticles.cpp	cpp/plugins/motionplayer/MotionNode.h:54	PRESERVE_NO_SOURCE_NAME_EVIDENCE	Semantic body/layout evidence exists where mapped; no trustworthy four-target source-level identifier evidence authorizes removing _guess		retain
particleArrayEraseMemberHint_guess	3	cpp/plugins/motionplayer/MotionDispatch.h; cpp/plugins/motionplayer/MotionNodeBridge.cpp; cpp/plugins/motionplayer/RuntimeSupport.cpp	cpp/plugins/motionplayer/MotionDispatch.h:214	PRESERVE_NO_SOURCE_NAME_EVIDENCE	Semantic body/layout evidence exists where mapped; no trustworthy four-target source-level identifier evidence authorizes removing _guess		retain
particleArrayErase_guess	4	cpp/plugins/motionplayer/MotionNode.h; cpp/plugins/motionplayer/MotionNodeBridge.cpp; cpp/plugins/motionplayer/PlayerUpdateParticles.cpp	cpp/plugins/motionplayer/MotionNode.h:59	PRESERVE_NO_SOURCE_NAME_EVIDENCE	Semantic body/layout evidence exists where mapped; no trustworthy four-target source-level identifier evidence authorizes removing _guess		retain
particleArrayGetNativePlayerAt_guess	10	cpp/plugins/motionplayer/MotionNode.h; cpp/plugins/motionplayer/MotionNodeBridge.cpp; cpp/plugins/motionplayer/PlayerLayerQuery.cpp; cpp/plugins/motionplayer/PlayerRenderItems.cpp; cpp/plugins/motionplayer/PlayerUpdateParticles.cpp	cpp/plugins/motionplayer/MotionNode.h:55	PRESERVE_NO_SOURCE_NAME_EVIDENCE	Semantic body/layout evidence exists where mapped; no trustworthy four-target source-level identifier evidence authorizes removing _guess		retain
particleBoundsStrictlyOverlapOutsideRect_guess	3	cpp/plugins/motionplayer/PlayerInternal.h; cpp/plugins/motionplayer/PlayerUpdateParticles.cpp	cpp/plugins/motionplayer/PlayerInternal.h:408	PRESERVE_NO_SOURCE_NAME_EVIDENCE	Semantic body/layout evidence exists where mapped; no trustworthy four-target source-level identifier evidence authorizes removing _guess		retain
particleEmitCountFromDouble_guess	2	cpp/plugins/motionplayer/PlayerUpdateLayersInternal.h; cpp/plugins/motionplayer/PlayerUpdateParticles.cpp	cpp/plugins/motionplayer/PlayerUpdateLayersInternal.h:63	PRESERVE_NO_SOURCE_NAME_EVIDENCE	Semantic body/layout evidence exists where mapped; no trustworthy four-target source-level identifier evidence authorizes removing _guess		retain
particleSourceIndexFromDouble_guess	2	cpp/plugins/motionplayer/PlayerUpdateLayersInternal.h; cpp/plugins/motionplayer/PlayerUpdateParticles.cpp	cpp/plugins/motionplayer/PlayerUpdateLayersInternal.h:67	PRESERVE_NO_SOURCE_NAME_EVIDENCE	Semantic body/layout evidence exists where mapped; no trustworthy four-target source-level identifier evidence authorizes removing _guess		retain
passTimelines_guess	7	cpp/plugins/DrawDeviceD3D.cpp; cpp/plugins/motionplayer/EmoteEngine.cpp; cpp/plugins/motionplayer/EmoteEngine.h; cpp/plugins/motionplayer/EmotePlayer.cpp; cpp/plugins/motionplayer/EmotePlayer.h	cpp/plugins/DrawDeviceD3D.cpp:1834	PRESERVE_BINDING_LOCAL_LABEL	The script name/binding is four-target evidenced, but the stripped binaries do not expose this local C++ source identifier	analysis/motionplayer_registration_strings_arguments_bindings_final_reconciliation_2026-08-27.md	retain
patchMemberHint_guess	4	cpp/plugins/motionplayer/MotionDispatch.h; cpp/plugins/motionplayer/PlayerLayerQuery.cpp; cpp/plugins/motionplayer/RuntimeSupport.cpp	cpp/plugins/motionplayer/MotionDispatch.h:280	PRESERVE_NO_SOURCE_NAME_EVIDENCE	Semantic body/layout evidence exists where mapped; no trustworthy four-target source-level identifier evidence authorizes removing _guess		retain
piledCopyMemberHint_guess	3	cpp/plugins/motionplayer/MotionDispatch.h; cpp/plugins/motionplayer/PlayerRenderTargets.cpp; cpp/plugins/motionplayer/RuntimeSupport.cpp	cpp/plugins/motionplayer/MotionDispatch.h:266	PRESERVE_NO_SOURCE_NAME_EVIDENCE	Semantic body/layout evidence exists where mapped; no trustworthy four-target source-level identifier evidence authorizes removing _guess		retain
playMotionImpl_guess	4	cpp/plugins/motionplayer/Player.h; cpp/plugins/motionplayer/PlayerTimeline.cpp	cpp/plugins/motionplayer/Player.h:569	PRESERVE_NO_SOURCE_NAME_EVIDENCE	Semantic body/layout evidence exists where mapped; no trustworthy four-target source-level identifier evidence authorizes removing _guess	analysis/motionplayer_player_play_progress_raw_four_binary_2026-08-26.md; analysis/motionplayer_player_playback_state_machine_four_binary_2026-08-27.md	retain
playMotion_guess	11	cpp/plugins/motionplayer/EmotePlayer.cpp; cpp/plugins/motionplayer/EmotePlayer.h; cpp/plugins/motionplayer/Player.h; cpp/plugins/motionplayer/PlayerCore.cpp; cpp/plugins/motionplayer/PlayerTimeline.cpp; cpp/plugins/motionplayer/PlayerUpdateChildMotion.cpp; cpp/plugins/motionplayer/PlayerUpdateParticles.cpp	cpp/plugins/motionplayer/EmotePlayer.cpp:105	PRESERVE_NO_SOURCE_NAME_EVIDENCE	Semantic body/layout evidence exists where mapped; no trustworthy four-target source-level identifier evidence authorizes removing _guess	analysis/motionplayer_player_playback_state_machine_four_binary_2026-08-27.md	retain
playTimelineRawCallback_guess	3	cpp/plugins/motionplayer/EmotePlayer.cpp; cpp/plugins/motionplayer/EmotePlayer.h; cpp/plugins/motionplayer/main.cpp	cpp/plugins/motionplayer/EmotePlayer.cpp:762	PRESERVE_BINDING_LOCAL_LABEL	The script name/binding is four-target evidenced, but the stripped binaries do not expose this local C++ source identifier		retain
playTimeline_guess	7	cpp/plugins/motionplayer/EmoteEngine.cpp; cpp/plugins/motionplayer/EmoteEngine.h; cpp/plugins/motionplayer/EmotePlayer.cpp	cpp/plugins/motionplayer/EmoteEngine.cpp:2926	PRESERVE_NO_SOURCE_NAME_EVIDENCE	Semantic body/layout evidence exists where mapped; no trustworthy four-target source-level identifier evidence authorizes removing _guess		retain
playerForDifferentialTest_guess	2	cpp/plugins/motionplayer/EmotePlayer.h	cpp/plugins/motionplayer/EmotePlayer.h:438	TEST_ONLY_LOCAL_LABEL	Unregistered test seam; not a claimed reference source identifier		retain
playerParameterDiscretizationHint_guess	3	cpp/plugins/motionplayer/MotionDispatch.h; cpp/plugins/motionplayer/PlayerVariable.cpp; cpp/plugins/motionplayer/RuntimeSupport.cpp	cpp/plugins/motionplayer/MotionDispatch.h:181	PRESERVE_NO_SOURCE_NAME_EVIDENCE	Semantic body/layout evidence exists where mapped; no trustworthy four-target source-level identifier evidence authorizes removing _guess		retain
playerParameterRangeBeginHint_guess	3	cpp/plugins/motionplayer/MotionDispatch.h; cpp/plugins/motionplayer/PlayerVariable.cpp; cpp/plugins/motionplayer/RuntimeSupport.cpp	cpp/plugins/motionplayer/MotionDispatch.h:182	PRESERVE_NO_SOURCE_NAME_EVIDENCE	Semantic body/layout evidence exists where mapped; no trustworthy four-target source-level identifier evidence authorizes removing _guess		retain
playerParameterRangeEndHint_guess	3	cpp/plugins/motionplayer/MotionDispatch.h; cpp/plugins/motionplayer/PlayerVariable.cpp; cpp/plugins/motionplayer/RuntimeSupport.cpp	cpp/plugins/motionplayer/MotionDispatch.h:183	PRESERVE_NO_SOURCE_NAME_EVIDENCE	Semantic body/layout evidence exists where mapped; no trustworthy four-target source-level identifier evidence authorizes removing _guess		retain
playerRangeMaxHint_guess	2	cpp/plugins/motionplayer/PlayerVariable.cpp	cpp/plugins/motionplayer/PlayerVariable.cpp:12	PRESERVE_NO_SOURCE_NAME_EVIDENCE	Semantic body/layout evidence exists where mapped; no trustworthy four-target source-level identifier evidence authorizes removing _guess		retain
playerRangeMinHint_guess	2	cpp/plugins/motionplayer/PlayerVariable.cpp	cpp/plugins/motionplayer/PlayerVariable.cpp:11	PRESERVE_NO_SOURCE_NAME_EVIDENCE	Semantic body/layout evidence exists where mapped; no trustworthy four-target source-level identifier evidence authorizes removing _guess		retain
pointCoordinateToSignedInt_guess	3	cpp/plugins/motionplayer/MotionRenderBackend.cpp	cpp/plugins/motionplayer/MotionRenderBackend.cpp:128	PRESERVE_NO_SOURCE_NAME_EVIDENCE	Semantic body/layout evidence exists where mapped; no trustworthy four-target source-level identifier evidence authorizes removing _guess		retain
pointInTriangle_guess	3	cpp/plugins/motionplayer/MotionLayerExtensions.cpp	cpp/plugins/motionplayer/MotionLayerExtensions.cpp:324	PRESERVE_NO_SOURCE_NAME_EVIDENCE	Semantic body/layout evidence exists where mapped; no trustworthy four-target source-level identifier evidence authorizes removing _guess		retain
pointLowerBound_guess	9	cpp/plugins/motionplayer/MotionRenderBackend.cpp	cpp/plugins/motionplayer/MotionRenderBackend.cpp:162	PRESERVE_NO_SOURCE_NAME_EVIDENCE	Semantic body/layout evidence exists where mapped; no trustworthy four-target source-level identifier evidence authorizes removing _guess		retain
pointUpperBound_guess	7	cpp/plugins/motionplayer/MotionRenderBackend.cpp	cpp/plugins/motionplayer/MotionRenderBackend.cpp:166	PRESERVE_NO_SOURCE_NAME_EVIDENCE	Semantic body/layout evidence exists where mapped; no trustworthy four-target source-level identifier evidence authorizes removing _guess		retain
populatePrivateMotionGLLPoints_guess	2	cpp/plugins/motionplayer/PlayerRenderTargets.cpp	cpp/plugins/motionplayer/PlayerRenderTargets.cpp:113	PRESERVE_NO_SOURCE_NAME_EVIDENCE	Semantic body/layout evidence exists where mapped; no trustworthy four-target source-level identifier evidence authorizes removing _guess		retain
positionControlPMemberHint_guess	3	cpp/plugins/motionplayer/MotionDispatch.h; cpp/plugins/motionplayer/PlayerInternal.h; cpp/plugins/motionplayer/RuntimeSupport.cpp	cpp/plugins/motionplayer/MotionDispatch.h:303	PRESERVE_NO_SOURCE_NAME_EVIDENCE	Semantic body/layout evidence exists where mapped; no trustworthy four-target source-level identifier evidence authorizes removing _guess		retain
positionControlSMemberHint_guess	3	cpp/plugins/motionplayer/MotionDispatch.h; cpp/plugins/motionplayer/PlayerInternal.h; cpp/plugins/motionplayer/RuntimeSupport.cpp	cpp/plugins/motionplayer/MotionDispatch.h:32	PRESERVE_NO_SOURCE_NAME_EVIDENCE	Semantic body/layout evidence exists where mapped; no trustworthy four-target source-level identifier evidence authorizes removing _guess		retain
positionControlTMemberHint_guess	3	cpp/plugins/motionplayer/MotionDispatch.h; cpp/plugins/motionplayer/PlayerInternal.h; cpp/plugins/motionplayer/RuntimeSupport.cpp	cpp/plugins/motionplayer/MotionDispatch.h:31	PRESERVE_NO_SOURCE_NAME_EVIDENCE	Semantic body/layout evidence exists where mapped; no trustworthy four-target source-level identifier evidence authorizes removing _guess		retain
positionDerivativeSampleTimes_guess	3	cpp/plugins/motionplayer/PlayerUpdateChildMotion.cpp; cpp/plugins/motionplayer/PlayerUpdateLayersInternal.h; cpp/plugins/motionplayer/PlayerUpdateParticles.cpp	cpp/plugins/motionplayer/PlayerUpdateChildMotion.cpp:221	PRESERVE_NO_SOURCE_NAME_EVIDENCE	Semantic body/layout evidence exists where mapped; no trustworthy four-target source-level identifier evidence authorizes removing _guess		retain
preProgress_guess	4	cpp/plugins/motionplayer/EmoteEngine.cpp; cpp/plugins/motionplayer/EmoteEngine.h	cpp/plugins/motionplayer/EmoteEngine.cpp:3232	PRESERVE_NO_SOURCE_NAME_EVIDENCE	Semantic body/layout evidence exists where mapped; no trustworthy four-target source-level identifier evidence authorizes removing _guess		retain
prepareBezierPatchDivision_guess	3	cpp/plugins/motionplayer/PlayerInternal.h; cpp/plugins/motionplayer/PlayerRenderItems.cpp	cpp/plugins/motionplayer/PlayerInternal.h:59	PRESERVE_NO_SOURCE_NAME_EVIDENCE	Semantic body/layout evidence exists where mapped; no trustworthy four-target source-level identifier evidence authorizes removing _guess	analysis/motionplayer_fp_to_integer_saturation_truncation_wrap_rounding_four_binary_2026-08-28.md	retain
prepareD3DRenderItems_guess	2	cpp/plugins/motionplayer/PlayerRenderTargets.cpp	cpp/plugins/motionplayer/PlayerRenderTargets.cpp:326	PRESERVE_NO_SOURCE_NAME_EVIDENCE	Semantic body/layout evidence exists where mapped; no trustworthy four-target source-level identifier evidence authorizes removing _guess		retain
prepareRenderItemsForDifferentialTest_guess	1	cpp/plugins/motionplayer/Player.h	cpp/plugins/motionplayer/Player.h:1100	TEST_ONLY_LOCAL_LABEL	Unregistered test seam; not a claimed reference source identifier		retain
prependAndClearChildPendingEvents_guess	2	cpp/plugins/motionplayer/PlayerUpdateChildMotion.cpp; cpp/plugins/motionplayer/RuntimeSupport.h	cpp/plugins/motionplayer/PlayerUpdateChildMotion.cpp:11	PRESERVE_NO_SOURCE_NAME_EVIDENCE	Semantic body/layout evidence exists where mapped; no trustworthy four-target source-level identifier evidence authorizes removing _guess		retain
primaryLayerMemberHint_guess	5	cpp/plugins/motionplayer/MotionDispatch.h; cpp/plugins/motionplayer/PlayerRenderExecute.cpp; cpp/plugins/motionplayer/RuntimeSupport.cpp; cpp/plugins/motionplayer/SourceCache.cpp	cpp/plugins/motionplayer/MotionDispatch.h:295	PRESERVE_NO_SOURCE_NAME_EVIDENCE	Semantic body/layout evidence exists where mapped; no trustworthy four-target source-level identifier evidence authorizes removing _guess		retain
privateMotionGLLAffineSourceQuad_guess	2	cpp/plugins/motionplayer/PrivateMotionGLL.cpp	cpp/plugins/motionplayer/PrivateMotionGLL.cpp:122	PRESERVE_NO_SOURCE_NAME_EVIDENCE	Semantic body/layout evidence exists where mapped; no trustworthy four-target source-level identifier evidence authorizes removing _guess		retain
privateMotionGLLAffineTargetQuad_guess	2	cpp/plugins/motionplayer/PrivateMotionGLL.cpp	cpp/plugins/motionplayer/PrivateMotionGLL.cpp:102	PRESERVE_NO_SOURCE_NAME_EVIDENCE	Semantic body/layout evidence exists where mapped; no trustworthy four-target source-level identifier evidence authorizes removing _guess		retain
privateMotionGLLClassDispatch_guess	2	cpp/plugins/motionplayer/PrivateMotionGLL.cpp	cpp/plugins/motionplayer/PrivateMotionGLL.cpp:494	PRESERVE_NO_SOURCE_NAME_EVIDENCE	Semantic body/layout evidence exists where mapped; no trustworthy four-target source-level identifier evidence authorizes removing _guess		retain
privateMotionGLLOffsetMeshPoints_guess	3	cpp/plugins/motionplayer/PrivateMotionGLL.cpp	cpp/plugins/motionplayer/PrivateMotionGLL.cpp:138	PRESERVE_NO_SOURCE_NAME_EVIDENCE	Semantic body/layout evidence exists where mapped; no trustworthy four-target source-level identifier evidence authorizes removing _guess		retain
privateMotionGLLOpacity_guess	2	cpp/plugins/motionplayer/PlayerRenderTargets.cpp	cpp/plugins/motionplayer/PlayerRenderTargets.cpp:100	PRESERVE_NO_SOURCE_NAME_EVIDENCE	Semantic body/layout evidence exists where mapped; no trustworthy four-target source-level identifier evidence authorizes removing _guess		retain
privateMotionGLLPackedColorWithOpacity_guess	2	cpp/plugins/motionplayer/PrivateMotionGLL.cpp	cpp/plugins/motionplayer/PrivateMotionGLL.cpp:94	PRESERVE_NO_SOURCE_NAME_EVIDENCE	Semantic body/layout evidence exists where mapped; no trustworthy four-target source-level identifier evidence authorizes removing _guess		retain
privateMotionGLLPointCount_guess	2	cpp/plugins/motionplayer/PrivateMotionGLL.cpp	cpp/plugins/motionplayer/PrivateMotionGLL.cpp:89	PRESERVE_NO_SOURCE_NAME_EVIDENCE	Semantic body/layout evidence exists where mapped; no trustworthy four-target source-level identifier evidence authorizes removing _guess		retain
privateMotionGLLPointsBegin_guess	3	cpp/plugins/motionplayer/PrivateMotionGLL.cpp	cpp/plugins/motionplayer/PrivateMotionGLL.cpp:84	PRESERVE_NO_SOURCE_NAME_EVIDENCE	Semantic body/layout evidence exists where mapped; no trustworthy four-target source-level identifier evidence authorizes removing _guess		retain
privateMotionGLLRenderQueueSize_guess	5	cpp/plugins/motionplayer/PrivateMotionGLL.cpp; cpp/plugins/motionplayer/PrivateMotionGLL.h	cpp/plugins/motionplayer/PrivateMotionGLL.cpp:602	PRESERVE_NO_SOURCE_NAME_EVIDENCE	Semantic body/layout evidence exists where mapped; no trustworthy four-target source-level identifier evidence authorizes removing _guess		retain
privateMotionGLLSourceRect_guess	3	cpp/plugins/motionplayer/PrivateMotionGLL.cpp	cpp/plugins/motionplayer/PrivateMotionGLL.cpp:76	PRESERVE_NO_SOURCE_NAME_EVIDENCE	Semantic body/layout evidence exists where mapped; no trustworthy four-target source-level identifier evidence authorizes removing _guess		retain
privateOpenGLRenderManagerTestOverride_guess	4	cpp/plugins/motionplayer/MotionRenderBackend.cpp	cpp/plugins/motionplayer/MotionRenderBackend.cpp:22	TEST_ONLY_LOCAL_LABEL	Unregistered test seam; not a claimed reference source identifier		retain
progressFrames_guess	5	cpp/plugins/motionplayer/EmoteEngine.cpp; cpp/plugins/motionplayer/Player.h; cpp/plugins/motionplayer/PlayerFrameProgress.cpp	cpp/plugins/motionplayer/EmoteEngine.cpp:1461	PRESERVE_NO_SOURCE_NAME_EVIDENCE	Semantic body/layout evidence exists where mapped; no trustworthy four-target source-level identifier evidence authorizes removing _guess	analysis/motionplayer_player_play_progress_raw_four_binary_2026-08-26.md	retain
projectAndGrowPreparedPoint_guess	4	cpp/plugins/motionplayer/PlayerRenderItems.cpp	cpp/plugins/motionplayer/PlayerRenderItems.cpp:220	PRESERVE_NO_SOURCE_NAME_EVIDENCE	Semantic body/layout evidence exists where mapped; no trustworthy four-target source-level identifier evidence authorizes removing _guess		retain
projectPreparedPoint_guess	2	cpp/plugins/motionplayer/PlayerRenderItems.cpp	cpp/plugins/motionplayer/PlayerRenderItems.cpp:191	PRESERVE_NO_SOURCE_NAME_EVIDENCE	Semantic body/layout evidence exists where mapped; no trustworthy four-target source-level identifier evidence authorizes removing _guess	analysis/motionplayer_player_prepared_projection_four_binary_2026-08-27.md	retain
propagateParticleEvaluatedOpacityToChildRoot_guess	3	cpp/plugins/motionplayer/PlayerInternal.h; cpp/plugins/motionplayer/PlayerUpdateParticles.cpp	cpp/plugins/motionplayer/PlayerInternal.h:389	PRESERVE_NO_SOURCE_NAME_EVIDENCE	Semantic body/layout evidence exists where mapped; no trustworthy four-target source-level identifier evidence authorizes removing _guess		retain
purgeParameterRampMap_guess	3	cpp/plugins/motionplayer/Player.h; cpp/plugins/motionplayer/PlayerCore.cpp; cpp/plugins/motionplayer/PlayerVariable.cpp	cpp/plugins/motionplayer/Player.h:604	PRESERVE_NO_SOURCE_NAME_EVIDENCE	Semantic body/layout evidence exists where mapped; no trustworthy four-target source-level identifier evidence authorizes removing _guess		retain
quantizeCameraNodeOffset_guess	3	cpp/plugins/motionplayer/PlayerUpdateGeometry.cpp; cpp/plugins/motionplayer/PlayerUpdateLayersInternal.h	cpp/plugins/motionplayer/PlayerUpdateGeometry.cpp:570	PRESERVE_NO_SOURCE_NAME_EVIDENCE	Semantic body/layout evidence exists where mapped; no trustworthy four-target source-level identifier evidence authorizes removing _guess		retain
queryPrivateMotionGLLNativeFromVariant_guess	4	cpp/plugins/motionplayer/PrivateMotionGLL.cpp; cpp/plugins/motionplayer/PrivateMotionGLL.h; cpp/plugins/motionplayer/SourceCache.cpp	cpp/plugins/motionplayer/PrivateMotionGLL.cpp:548	PRESERVE_NO_SOURCE_NAME_EVIDENCE	Semantic body/layout evidence exists where mapped; no trustworthy four-target source-level identifier evidence authorizes removing _guess		retain
randomInRange_guess	2	cpp/plugins/motionplayer/Player.h; cpp/plugins/motionplayer/PlayerCore.cpp	cpp/plugins/motionplayer/Player.h:367	PRESERVE_NO_SOURCE_NAME_EVIDENCE	Semantic body/layout evidence exists where mapped; no trustworthy four-target source-level identifier evidence authorizes removing _guess		retain
randomMemberHint_guess	4	cpp/plugins/motionplayer/MotionDispatch.h; cpp/plugins/motionplayer/PlayerCore.cpp; cpp/plugins/motionplayer/ResourceManager.cpp; cpp/plugins/motionplayer/RuntimeSupport.cpp	cpp/plugins/motionplayer/MotionDispatch.h:272	PRESERVE_NO_SOURCE_NAME_EVIDENCE	Semantic body/layout evidence exists where mapped; no trustworthy four-target source-level identifier evidence authorizes removing _guess	analysis/motionplayer_resourcemanager_random_dispatch_four_binary_2026-08-27.md	retain
readBezierControlPoints_guess	5	cpp/plugins/motionplayer/MotionLayerExtensions.cpp	cpp/plugins/motionplayer/MotionLayerExtensions.cpp:100	PRESERVE_NO_SOURCE_NAME_EVIDENCE	Semantic body/layout evidence exists where mapped; no trustworthy four-target source-level identifier evidence authorizes removing _guess		retain
readInitialParameterValue_guess	3	cpp/plugins/motionplayer/Player.h; cpp/plugins/motionplayer/PlayerVariable.cpp	cpp/plugins/motionplayer/Player.h:605	PRESERVE_NO_SOURCE_NAME_EVIDENCE	Semantic body/layout evidence exists where mapped; no trustworthy four-target source-level identifier evidence authorizes removing _guess		retain
readMeshCoordinate_guess	15	cpp/plugins/motionplayer/MotionLayerExtensions.cpp	cpp/plugins/motionplayer/MotionLayerExtensions.cpp:66	PRESERVE_NO_SOURCE_NAME_EVIDENCE	Semantic body/layout evidence exists where mapped; no trustworthy four-target source-level identifier evidence authorizes removing _guess		retain
readMeshPoints_guess	3	cpp/plugins/motionplayer/MotionLayerExtensions.cpp	cpp/plugins/motionplayer/MotionLayerExtensions.cpp:78	PRESERVE_NO_SOURCE_NAME_EVIDENCE	Semantic body/layout evidence exists where mapped; no trustworthy four-target source-level identifier evidence authorizes removing _guess		retain
readSnapshotOrBoundParameterValue_guess	3	cpp/plugins/motionplayer/EmoteEngine.cpp; cpp/plugins/motionplayer/Player.h; cpp/plugins/motionplayer/PlayerVariable.cpp	cpp/plugins/motionplayer/EmoteEngine.cpp:2577	PRESERVE_NO_SOURCE_NAME_EVIDENCE	Semantic body/layout evidence exists where mapped; no trustworthy four-target source-level identifier evidence authorizes removing _guess		retain
rebuildEvalCascadeEntry_guess	5	cpp/plugins/motionplayer/Player.h; cpp/plugins/motionplayer/PlayerFrameProgress.cpp; cpp/plugins/motionplayer/PlayerVariable.cpp	cpp/plugins/motionplayer/Player.h:608	PRESERVE_NO_SOURCE_NAME_EVIDENCE	Semantic body/layout evidence exists where mapped; no trustworthy four-target source-level identifier evidence authorizes removing _guess		retain
refreshFace_guess	5	cpp/plugins/motionplayer/MotionLayerExtensions.cpp; cpp/plugins/motionplayer/MotionLayerExtensions.h	cpp/plugins/motionplayer/MotionLayerExtensions.cpp:966	PRESERVE_NO_SOURCE_NAME_EVIDENCE	Semantic body/layout evidence exists where mapped; no trustworthy four-target source-level identifier evidence authorizes removing _guess		retain
refreshModifiedNodeTimelinesForDifferentialTest_guess	1	cpp/plugins/motionplayer/Player.h	cpp/plugins/motionplayer/Player.h:1192	TEST_ONLY_LOCAL_LABEL	Unregistered test seam; not a claimed reference source identifier		retain
refreshModifiedNodeTimelines_guess	4	cpp/plugins/motionplayer/Player.h; cpp/plugins/motionplayer/PlayerFrameProgress.cpp; cpp/plugins/motionplayer/PlayerUpdateLayerEval.cpp	cpp/plugins/motionplayer/Player.h:724	PRESERVE_NO_SOURCE_NAME_EVIDENCE	Semantic body/layout evidence exists where mapped; no trustworthy four-target source-level identifier evidence authorizes removing _guess		retain
refreshParameterizedNodeTimelinesForDifferentialTest_guess	1	cpp/plugins/motionplayer/Player.h	cpp/plugins/motionplayer/Player.h:1189	TEST_ONLY_LOCAL_LABEL	Unregistered test seam; not a claimed reference source identifier		retain
refreshParameterizedNodeTimelines_guess	5	cpp/plugins/motionplayer/Player.h; cpp/plugins/motionplayer/PlayerFrameProgress.cpp; cpp/plugins/motionplayer/PlayerUpdateLayerEval.cpp	cpp/plugins/motionplayer/Player.h:707	PRESERVE_NO_SOURCE_NAME_EVIDENCE	Semantic body/layout evidence exists where mapped; no trustworthy four-target source-level identifier evidence authorizes removing _guess	analysis/motionplayer_player_frame_progress_events_four_binary_2026-08-27.md	retain
releaseLayerIdMemberHint_guess	3	cpp/plugins/motionplayer/MotionDispatch.h; cpp/plugins/motionplayer/PlayerMotionLoad.cpp; cpp/plugins/motionplayer/RuntimeSupport.cpp	cpp/plugins/motionplayer/MotionDispatch.h:264	PRESERVE_NO_SOURCE_NAME_EVIDENCE	Semantic body/layout evidence exists where mapped; no trustworthy four-target source-level identifier evidence authorizes removing _guess		retain
remapCameraConstraintType_guess	2	cpp/plugins/motionplayer/PlayerUpdateGeometry.cpp; cpp/plugins/motionplayer/PlayerUpdateLayersInternal.h	cpp/plugins/motionplayer/PlayerUpdateGeometry.cpp:44	PRESERVE_NO_SOURCE_NAME_EVIDENCE	Semantic body/layout evidence exists where mapped; no trustworthy four-target source-level identifier evidence authorizes removing _guess		retain
remapPackedColorsForSourceClip_guess	2	cpp/plugins/motionplayer/PlayerRenderItems.cpp	cpp/plugins/motionplayer/PlayerRenderItems.cpp:145	PRESERVE_NO_SOURCE_NAME_EVIDENCE	Semantic body/layout evidence exists where mapped; no trustworthy four-target source-level identifier evidence authorizes removing _guess		retain
removeVariableLabel_guess	6	cpp/plugins/motionplayer/EmoteEngine.cpp; cpp/plugins/motionplayer/EmoteEngine.h	cpp/plugins/motionplayer/EmoteEngine.cpp:1082	PRESERVE_NO_SOURCE_NAME_EVIDENCE	Semantic body/layout evidence exists where mapped; no trustworthy four-target source-level identifier evidence authorizes removing _guess		retain
renderAccurateSeparateLayerAdaptor_guess	3	cpp/plugins/motionplayer/Player.h; cpp/plugins/motionplayer/PlayerRenderTargets.cpp	cpp/plugins/motionplayer/Player.h:625	PRESERVE_NO_SOURCE_NAME_EVIDENCE	Semantic body/layout evidence exists where mapped; no trustworthy four-target source-level identifier evidence authorizes removing _guess		retain
renderBezierPatchCellDivisions_guess	9	cpp/plugins/motionplayer/PlayerRenderExecute.cpp; cpp/plugins/motionplayer/PlayerRenderInternal.cpp; cpp/plugins/motionplayer/PlayerRenderInternal.h; cpp/plugins/motionplayer/PlayerRenderTargets.cpp	cpp/plugins/motionplayer/PlayerRenderExecute.cpp:203	PRESERVE_NO_SOURCE_NAME_EVIDENCE	Semantic body/layout evidence exists where mapped; no trustworthy four-target source-level identifier evidence authorizes removing _guess	analysis/motionplayer_fp_to_integer_saturation_truncation_wrap_rounding_four_binary_2026-08-28.md	retain
renderBezierPatch_guess	4	cpp/plugins/motionplayer/MotionLayerExtensions.cpp; cpp/plugins/motionplayer/MotionLayerExtensions.h	cpp/plugins/motionplayer/MotionLayerExtensions.cpp:1111	PRESERVE_NO_SOURCE_NAME_EVIDENCE	Semantic body/layout evidence exists where mapped; no trustworthy four-target source-level identifier evidence authorizes removing _guess		retain
renderFromPlayer_guess	4	cpp/plugins/motionplayer/D3DAdaptor.h; cpp/plugins/motionplayer/PlayerRenderTargets.cpp	cpp/plugins/motionplayer/D3DAdaptor.h:40	PRESERVE_NO_SOURCE_NAME_EVIDENCE	Semantic body/layout evidence exists where mapped; no trustworthy four-target source-level identifier evidence authorizes removing _guess	analysis/motionplayer_private_opengl_manager_d3d_render_envelope_four_binary_2026-08-27.md	retain
renderMesh_guess	4	cpp/plugins/motionplayer/MotionLayerExtensions.cpp; cpp/plugins/motionplayer/MotionLayerExtensions.h	cpp/plugins/motionplayer/MotionLayerExtensions.cpp:1056	PRESERVE_NO_SOURCE_NAME_EVIDENCE	Semantic body/layout evidence exists where mapped; no trustworthy four-target source-level identifier evidence authorizes removing _guess		retain
renderPreparedItemsToD3DTexture_guess	7	cpp/plugins/motionplayer/Player.h; cpp/plugins/motionplayer/PlayerRenderTargets.cpp	cpp/plugins/motionplayer/Player.h:682	PRESERVE_NO_SOURCE_NAME_EVIDENCE	Semantic body/layout evidence exists where mapped; no trustworthy four-target source-level identifier evidence authorizes removing _guess	analysis/motionplayer_private_opengl_manager_d3d_render_envelope_four_binary_2026-08-27.md	retain
renderQueueSize_guess	2	cpp/plugins/motionplayer/PrivateMotionGLL.cpp	cpp/plugins/motionplayer/PrivateMotionGLL.cpp:362	PRESERVE_NO_SOURCE_NAME_EVIDENCE	Semantic body/layout evidence exists where mapped; no trustworthy four-target source-level identifier evidence authorizes removing _guess		retain
renderToCanvas_guess	3	cpp/plugins/motionplayer/Player.h; cpp/plugins/motionplayer/PlayerDrawDispatch.cpp; cpp/plugins/motionplayer/PlayerRenderTargets.cpp	cpp/plugins/motionplayer/Player.h:610	PRESERVE_NO_SOURCE_NAME_EVIDENCE	Semantic body/layout evidence exists where mapped; no trustworthy four-target source-level identifier evidence authorizes removing _guess	analysis/motionplayer_canvas_coordinator_envelope_four_binary_2026-08-27.md	retain
render_backend_guess	34	cpp/plugins/motionplayer/D3DAdaptor.cpp; cpp/plugins/motionplayer/MotionLayerExtensions.cpp; cpp/plugins/motionplayer/MotionRenderBackend.cpp; cpp/plugins/motionplayer/MotionRenderBackend.h; cpp/plugins/motionplayer/PlayerRenderTargets.cpp; cpp/plugins/motionplayer/PrivateMotionGLL.cpp; cpp/plugins/motionplayer/main.cpp	cpp/plugins/motionplayer/D3DAdaptor.cpp:35	PRESERVE_NO_SOURCE_NAME_EVIDENCE	Semantic body/layout evidence exists where mapped; no trustworthy four-target source-level identifier evidence authorizes removing _guess	analysis/motionplayer_private_opengl_manager_d3d_render_envelope_four_binary_2026-08-27.md	retain
replaceEmotePSBDecryptFilter_guess	3	cpp/plugins/motionplayer/ResourceManager.cpp	cpp/plugins/motionplayer/ResourceManager.cpp:125	PRESERVE_NO_SOURCE_NAME_EVIDENCE	Semantic body/layout evidence exists where mapped; no trustworthy four-target source-level identifier evidence authorizes removing _guess		retain
requestCharaMemberHint_guess	4	cpp/plugins/motionplayer/MotionDispatch.h; cpp/plugins/motionplayer/PlayerCore.cpp; cpp/plugins/motionplayer/RuntimeSupport.cpp	cpp/plugins/motionplayer/MotionDispatch.h:177	PRESERVE_NO_SOURCE_NAME_EVIDENCE	Semantic body/layout evidence exists where mapped; no trustworthy four-target source-level identifier evidence authorizes removing _guess		retain
requireLayerId_guess	3	cpp/plugins/motionplayer/NodeTree.cpp	cpp/plugins/motionplayer/NodeTree.cpp:39	PRESERVE_NO_SOURCE_NAME_EVIDENCE	Semantic body/layout evidence exists where mapped; no trustworthy four-target source-level identifier evidence authorizes removing _guess		retain
requiresRefresh_guess	3	cpp/plugins/motionplayer/SeparateLayerAdaptor.cpp; cpp/plugins/motionplayer/SeparateLayerAdaptor.h	cpp/plugins/motionplayer/SeparateLayerAdaptor.cpp:128	PRESERVE_NO_SOURCE_NAME_EVIDENCE	Semantic body/layout evidence exists where mapped; no trustworthy four-target source-level identifier evidence authorizes removing _guess		retain
reseedNodeTimelineSlots_guess	3	cpp/plugins/motionplayer/Player.h; cpp/plugins/motionplayer/PlayerFrameProgress.cpp; cpp/plugins/motionplayer/PlayerUpdateLayerEval.cpp	cpp/plugins/motionplayer/Player.h:712	PRESERVE_NO_SOURCE_NAME_EVIDENCE	Semantic body/layout evidence exists where mapped; no trustworthy four-target source-level identifier evidence authorizes removing _guess		retain
reseedVariableTrackForDifferentialTest_guess	1	cpp/plugins/motionplayer/Player.h	cpp/plugins/motionplayer/Player.h:988	TEST_ONLY_LOCAL_LABEL	Unregistered test seam; not a claimed reference source identifier		retain
reseedVariableTracks_guess	4	cpp/plugins/motionplayer/Player.h; cpp/plugins/motionplayer/PlayerFrameProgress.cpp	cpp/plugins/motionplayer/Player.h:744	PRESERVE_NO_SOURCE_NAME_EVIDENCE	Semantic body/layout evidence exists where mapped; no trustworthy four-target source-level identifier evidence authorizes removing _guess		retain
reseekRootStreamForDifferentialTest_guess	1	cpp/plugins/motionplayer/Player.h	cpp/plugins/motionplayer/Player.h:857	TEST_ONLY_LOCAL_LABEL	Unregistered test seam; not a claimed reference source identifier		retain
reseekTagStreamForDifferentialTest_guess	1	cpp/plugins/motionplayer/Player.h	cpp/plugins/motionplayer/Player.h:882	TEST_ONLY_LOCAL_LABEL	Unregistered test seam; not a claimed reference source identifier		retain
reservePendingEventsForDifferentialTest_guess	1	cpp/plugins/motionplayer/Player.h	cpp/plugins/motionplayer/Player.h:1182	TEST_ONLY_LOCAL_LABEL	Unregistered test seam; not a claimed reference source identifier		retain
resetAndReleaseOldNodeTreeForDifferentialTest_guess	1	cpp/plugins/motionplayer/Player.h	cpp/plugins/motionplayer/Player.h:1264	TEST_ONLY_LOCAL_LABEL	Unregistered test seam; not a claimed reference source identifier		retain
resetAndReleaseOldNodeTree_guess	6	cpp/plugins/motionplayer/Player.h; cpp/plugins/motionplayer/PlayerCore.cpp; cpp/plugins/motionplayer/PlayerMotionLoad.cpp; cpp/plugins/motionplayer/PlayerUpdateChildMotion.cpp	cpp/plugins/motionplayer/Player.h:590	PRESERVE_NO_SOURCE_NAME_EVIDENCE	Semantic body/layout evidence exists where mapped; no trustworthy four-target source-level identifier evidence authorizes removing _guess	analysis/motionplayer_motionnode_prepared_item_deque_lifetime_four_binary_2026-08-27.md	retain
resetClipSlot_guess	2	cpp/plugins/motionplayer/PlayerUpdateLayerEval.cpp	cpp/plugins/motionplayer/PlayerUpdateLayerEval.cpp:262	PRESERVE_NO_SOURCE_NAME_EVIDENCE	Semantic body/layout evidence exists where mapped; no trustworthy four-target source-level identifier evidence authorizes removing _guess		retain
resetControllers_guess	7	cpp/plugins/motionplayer/EmoteEngine.cpp; cpp/plugins/motionplayer/EmoteEngine.h; cpp/plugins/motionplayer/EmotePlayer.cpp; cpp/plugins/motionplayer/EmotePlayer.h; cpp/plugins/motionplayer/main.cpp	cpp/plugins/motionplayer/EmoteEngine.cpp:1227	PRESERVE_BINDING_LOCAL_LABEL	The script name/binding is four-target evidenced, but the stripped binaries do not expose this local C++ source identifier		retain
resetMotionState_guess	4	cpp/plugins/motionplayer/Player.h; cpp/plugins/motionplayer/PlayerFrameProgress.cpp; cpp/plugins/motionplayer/PlayerTimeline.cpp; cpp/plugins/motionplayer/internal/player_containers.h	cpp/plugins/motionplayer/Player.h:779	PRESERVE_NO_SOURCE_NAME_EVIDENCE	Semantic body/layout evidence exists where mapped; no trustworthy four-target source-level identifier evidence authorizes removing _guess	analysis/motionplayer_player_playback_state_machine_four_binary_2026-08-27.md	retain
resolveAutoMode_guess	4	cpp/plugins/motionplayer/MotionLayerExtensions.cpp; cpp/plugins/motionplayer/MotionLayerExtensions.h	cpp/plugins/motionplayer/MotionLayerExtensions.cpp:986	PRESERVE_NO_SOURCE_NAME_EVIDENCE	Semantic body/layout evidence exists where mapped; no trustworthy four-target source-level identifier evidence authorizes removing _guess		retain
resolveBitmapMethod_guess	4	cpp/plugins/motionplayer/MotionLayerExtensions.cpp; cpp/plugins/motionplayer/MotionLayerExtensions.h	cpp/plugins/motionplayer/MotionLayerExtensions.cpp:994	PRESERVE_NO_SOURCE_NAME_EVIDENCE	Semantic body/layout evidence exists where mapped; no trustworthy four-target source-level identifier evidence authorizes removing _guess		retain
resolveBlendOperationMode_guess	3	cpp/plugins/motionplayer/PlayerRenderExecute.cpp; cpp/plugins/motionplayer/PlayerRenderInternal.cpp; cpp/plugins/motionplayer/PlayerRenderInternal.h	cpp/plugins/motionplayer/PlayerRenderExecute.cpp:649	PRESERVE_NO_SOURCE_NAME_EVIDENCE	Semantic body/layout evidence exists where mapped; no trustworthy four-target source-level identifier evidence authorizes removing _guess		retain
resolveLayerNodeInternal_guess	4	cpp/plugins/motionplayer/SeparateLayerAdaptor.cpp; cpp/plugins/motionplayer/SeparateLayerAdaptor.h	cpp/plugins/motionplayer/SeparateLayerAdaptor.cpp:244	PRESERVE_NO_SOURCE_NAME_EVIDENCE	Semantic body/layout evidence exists where mapped; no trustworthy four-target source-level identifier evidence authorizes removing _guess		retain
resolveLayerNode_guess	5	cpp/plugins/motionplayer/PlayerRenderExecute.cpp; cpp/plugins/motionplayer/PlayerRenderTargets.cpp; cpp/plugins/motionplayer/SeparateLayerAdaptor.cpp; cpp/plugins/motionplayer/SeparateLayerAdaptor.h	cpp/plugins/motionplayer/PlayerRenderExecute.cpp:118	PRESERVE_NO_SOURCE_NAME_EVIDENCE	Semantic body/layout evidence exists where mapped; no trustworthy four-target source-level identifier evidence authorizes removing _guess		retain
resolveLayerOrdinal_guess	4	cpp/plugins/motionplayer/PlayerRenderTargets.cpp; cpp/plugins/motionplayer/SeparateLayerAdaptor.cpp; cpp/plugins/motionplayer/SeparateLayerAdaptor.h	cpp/plugins/motionplayer/PlayerRenderTargets.cpp:512	PRESERVE_NO_SOURCE_NAME_EVIDENCE	Semantic body/layout evidence exists where mapped; no trustworthy four-target source-level identifier evidence authorizes removing _guess		retain
resolvePrivateMotionGLLNativeInternal_guess	5	cpp/plugins/motionplayer/PrivateMotionGLL.cpp	cpp/plugins/motionplayer/PrivateMotionGLL.cpp:372	PRESERVE_NO_SOURCE_NAME_EVIDENCE	Semantic body/layout evidence exists where mapped; no trustworthy four-target source-level identifier evidence authorizes removing _guess		retain
resolvePrivateMotionGLLNativeUnchecked_guess	9	cpp/plugins/motionplayer/PrivateMotionGLL.cpp	cpp/plugins/motionplayer/PrivateMotionGLL.cpp:388	PRESERVE_NO_SOURCE_NAME_EVIDENCE	Semantic body/layout evidence exists where mapped; no trustworthy four-target source-level identifier evidence authorizes removing _guess		retain
resolvePrivateMotionGLLNative_guess	2	cpp/plugins/motionplayer/PrivateMotionGLL.cpp; cpp/plugins/motionplayer/PrivateMotionGLL.h	cpp/plugins/motionplayer/PrivateMotionGLL.cpp:543	PRESERVE_NO_SOURCE_NAME_EVIDENCE	Semantic body/layout evidence exists where mapped; no trustworthy four-target source-level identifier evidence authorizes removing _guess		retain
resolveRenderSource_guess	5	cpp/plugins/motionplayer/Player.h; cpp/plugins/motionplayer/PlayerRenderExecute.cpp; cpp/plugins/motionplayer/SourceCache.cpp	cpp/plugins/motionplayer/Player.h:675	PRESERVE_NO_SOURCE_NAME_EVIDENCE	Semantic body/layout evidence exists where mapped; no trustworthy four-target source-level identifier evidence authorizes removing _guess		retain
resolveShapeAnchor_guess	4	cpp/plugins/motionplayer/EmoteEngine.cpp; cpp/plugins/motionplayer/EmoteEngine.h	cpp/plugins/motionplayer/EmoteEngine.cpp:1558	PRESERVE_NO_SOURCE_NAME_EVIDENCE	Semantic body/layout evidence exists where mapped; no trustworthy four-target source-level identifier evidence authorizes removing _guess		retain
restoreAndPruneJoinSnapshots_guess	4	cpp/plugins/motionplayer/Player.h; cpp/plugins/motionplayer/PlayerFrameProgress.cpp	cpp/plugins/motionplayer/Player.h:759	PRESERVE_NO_SOURCE_NAME_EVIDENCE	Semantic body/layout evidence exists where mapped; no trustworthy four-target source-level identifier evidence authorizes removing _guess		retain
restoreAngleControllerState_guess	2	cpp/plugins/motionplayer/EmoteEngine.cpp	cpp/plugins/motionplayer/EmoteEngine.cpp:501	PRESERVE_NO_SOURCE_NAME_EVIDENCE	Semantic body/layout evidence exists where mapped; no trustworthy four-target source-level identifier evidence authorizes removing _guess		retain
restoreBaseState_guess	3	cpp/plugins/motionplayer/EmoteEngine.cpp; cpp/plugins/motionplayer/EmoteEngine.h	cpp/plugins/motionplayer/EmoteEngine.cpp:3726	PRESERVE_NO_SOURCE_NAME_EVIDENCE	Semantic body/layout evidence exists where mapped; no trustworthy four-target source-level identifier evidence authorizes removing _guess		retain
restoreEyeControllerState_guess	2	cpp/plugins/motionplayer/EmoteEngine.cpp	cpp/plugins/motionplayer/EmoteEngine.cpp:569	PRESERVE_NO_SOURCE_NAME_EVIDENCE	Semantic body/layout evidence exists where mapped; no trustworthy four-target source-level identifier evidence authorizes removing _guess		retain
restoreEyeState_guess	3	cpp/plugins/motionplayer/EmoteEngine.cpp; cpp/plugins/motionplayer/EmoteEngine.h	cpp/plugins/motionplayer/EmoteEngine.cpp:3566	PRESERVE_NO_SOURCE_NAME_EVIDENCE	Semantic body/layout evidence exists where mapped; no trustworthy four-target source-level identifier evidence authorizes removing _guess		retain
restoreEyebrowControllerState_guess	2	cpp/plugins/motionplayer/EmoteEngine.cpp	cpp/plugins/motionplayer/EmoteEngine.cpp:640	PRESERVE_NO_SOURCE_NAME_EVIDENCE	Semantic body/layout evidence exists where mapped; no trustworthy four-target source-level identifier evidence authorizes removing _guess		retain
restoreEyebrowState_guess	3	cpp/plugins/motionplayer/EmoteEngine.cpp; cpp/plugins/motionplayer/EmoteEngine.h	cpp/plugins/motionplayer/EmoteEngine.cpp:3599	PRESERVE_NO_SOURCE_NAME_EVIDENCE	Semantic body/layout evidence exists where mapped; no trustworthy four-target source-level identifier evidence authorizes removing _guess		retain
restoreJoinSnapshot_guess	3	cpp/plugins/motionplayer/MotionNode.h; cpp/plugins/motionplayer/PlayerFrameProgress.cpp	cpp/plugins/motionplayer/MotionNode.h:225	PRESERVE_NO_SOURCE_NAME_EVIDENCE	Semantic body/layout evidence exists where mapped; no trustworthy four-target source-level identifier evidence authorizes removing _guess		retain
restoreMouthControllerState_guess	2	cpp/plugins/motionplayer/EmoteEngine.cpp	cpp/plugins/motionplayer/EmoteEngine.cpp:707	PRESERVE_NO_SOURCE_NAME_EVIDENCE	Semantic body/layout evidence exists where mapped; no trustworthy four-target source-level identifier evidence authorizes removing _guess		retain
restoreMouthState_guess	3	cpp/plugins/motionplayer/EmoteEngine.cpp; cpp/plugins/motionplayer/EmoteEngine.h	cpp/plugins/motionplayer/EmoteEngine.cpp:3631	PRESERVE_NO_SOURCE_NAME_EVIDENCE	Semantic body/layout evidence exists where mapped; no trustworthy four-target source-level identifier evidence authorizes removing _guess		retain
restoreOuterForceState_guess	3	cpp/plugins/motionplayer/EmoteEngine.cpp; cpp/plugins/motionplayer/EmoteEngine.h	cpp/plugins/motionplayer/EmoteEngine.cpp:3754	PRESERVE_NO_SOURCE_NAME_EVIDENCE	Semantic body/layout evidence exists where mapped; no trustworthy four-target source-level identifier evidence authorizes removing _guess		retain
restoreRequestQueue_guess	3	cpp/plugins/motionplayer/EmoteEngine.cpp	cpp/plugins/motionplayer/EmoteEngine.cpp:354	PRESERVE_NO_SOURCE_NAME_EVIDENCE	Semantic body/layout evidence exists where mapped; no trustworthy four-target source-level identifier evidence authorizes removing _guess		retain
restoreSelectorControllerState_guess	2	cpp/plugins/motionplayer/EmoteEngine.cpp	cpp/plugins/motionplayer/EmoteEngine.cpp:761	PRESERVE_NO_SOURCE_NAME_EVIDENCE	Semantic body/layout evidence exists where mapped; no trustworthy four-target source-level identifier evidence authorizes removing _guess		retain
restoreSelectorState_guess	3	cpp/plugins/motionplayer/EmoteEngine.cpp; cpp/plugins/motionplayer/EmoteEngine.h	cpp/plugins/motionplayer/EmoteEngine.cpp:3693	PRESERVE_NO_SOURCE_NAME_EVIDENCE	Semantic body/layout evidence exists where mapped; no trustworthy four-target source-level identifier evidence authorizes removing _guess		retain
restoreTimelineState_guess	3	cpp/plugins/motionplayer/EmoteEngine.cpp; cpp/plugins/motionplayer/EmoteEngine.h	cpp/plugins/motionplayer/EmoteEngine.cpp:3510	PRESERVE_NO_SOURCE_NAME_EVIDENCE	Semantic body/layout evidence exists where mapped; no trustworthy four-target source-level identifier evidence authorizes removing _guess		retain
restoreTransitionState_guess	3	cpp/plugins/motionplayer/EmoteEngine.cpp; cpp/plugins/motionplayer/EmoteEngine.h	cpp/plugins/motionplayer/EmoteEngine.cpp:3662	PRESERVE_NO_SOURCE_NAME_EVIDENCE	Semantic body/layout evidence exists where mapped; no trustworthy four-target source-level identifier evidence authorizes removing _guess		retain
restoreVarControllerState_guess	9	cpp/plugins/motionplayer/EmoteEngine.cpp	cpp/plugins/motionplayer/EmoteEngine.cpp:423	PRESERVE_NO_SOURCE_NAME_EVIDENCE	Semantic body/layout evidence exists where mapped; no trustworthy four-target source-level identifier evidence authorizes removing _guess		retain
retainObjectDispatch_guess	2	cpp/plugins/motionplayer/NodeTree.cpp	cpp/plugins/motionplayer/NodeTree.cpp:28	PRESERVE_NO_SOURCE_NAME_EVIDENCE	Semantic body/layout evidence exists where mapped; no trustworthy four-target source-level identifier evidence authorizes removing _guess		retain
retainObjectFromVariantCopy_guess	6	cpp/plugins/motionplayer/PlayerRenderInternal.cpp; cpp/plugins/motionplayer/PlayerRenderInternal.h; cpp/plugins/motionplayer/PlayerRenderTargets.cpp	cpp/plugins/motionplayer/PlayerRenderInternal.cpp:75	PRESERVE_NO_SOURCE_NAME_EVIDENCE	Semantic body/layout evidence exists where mapped; no trustworthy four-target source-level identifier evidence authorizes removing _guess		retain
retainVariantObject_guess	3	cpp/plugins/motionplayer/PlayerResource.cpp	cpp/plugins/motionplayer/PlayerResource.cpp:52	PRESERVE_NO_SOURCE_NAME_EVIDENCE	Semantic body/layout evidence exists where mapped; no trustworthy four-target source-level identifier evidence authorizes removing _guess		retain
reverseAffineTriangle_guess	3	cpp/plugins/motionplayer/MotionLayerExtensions.cpp	cpp/plugins/motionplayer/MotionLayerExtensions.cpp:351	PRESERVE_NO_SOURCE_NAME_EVIDENCE	Semantic body/layout evidence exists where mapped; no trustworthy four-target source-level identifier evidence authorizes removing _guess		retain
rewindIncrementalStreamsForDifferentialTest_guess	1	cpp/plugins/motionplayer/Player.h	cpp/plugins/motionplayer/Player.h:952	TEST_ONLY_LOCAL_LABEL	Unregistered test seam; not a claimed reference source identifier		retain
rewindLayerEventStreamPhase_guess	3	cpp/plugins/motionplayer/Player.h; cpp/plugins/motionplayer/PlayerFrameProgress.cpp	cpp/plugins/motionplayer/Player.h:730	PRESERVE_NO_SOURCE_NAME_EVIDENCE	Semantic body/layout evidence exists where mapped; no trustworthy four-target source-level identifier evidence authorizes removing _guess		retain
rewindRootContentStreamPhase_guess	3	cpp/plugins/motionplayer/Player.h; cpp/plugins/motionplayer/PlayerFrameProgress.cpp	cpp/plugins/motionplayer/Player.h:734	PRESERVE_NO_SOURCE_NAME_EVIDENCE	Semantic body/layout evidence exists where mapped; no trustworthy four-target source-level identifier evidence authorizes removing _guess		retain
rewindTimelineStreams_guess	8	cpp/plugins/motionplayer/Player.h; cpp/plugins/motionplayer/PlayerFrameProgress.cpp	cpp/plugins/motionplayer/Player.h:719	PRESERVE_NO_SOURCE_NAME_EVIDENCE	Semantic body/layout evidence exists where mapped; no trustworthy four-target source-level identifier evidence authorizes removing _guess		retain
rewindVariableTrackForDifferentialTest_guess	1	cpp/plugins/motionplayer/Player.h	cpp/plugins/motionplayer/Player.h:1041	TEST_ONLY_LOCAL_LABEL	Unregistered test seam; not a claimed reference source identifier		retain
rewindVariableTracksPhase_guess	4	cpp/plugins/motionplayer/Player.h; cpp/plugins/motionplayer/PlayerFrameProgress.cpp	cpp/plugins/motionplayer/Player.h:741	PRESERVE_NO_SOURCE_NAME_EVIDENCE	Semantic body/layout evidence exists where mapped; no trustworthy four-target source-level identifier evidence authorizes removing _guess		retain
rightMemberHint_guess	9	cpp/plugins/motionplayer/MotionDispatch.h; cpp/plugins/motionplayer/MotionLayerExtensions.cpp; cpp/plugins/motionplayer/PlayerCore.cpp; cpp/plugins/motionplayer/PlayerLayerQuery.cpp; cpp/plugins/motionplayer/PlayerResource.cpp; cpp/plugins/motionplayer/RuntimeSupport.cpp; cpp/plugins/motionplayer/SourceCache.cpp	cpp/plugins/motionplayer/MotionDispatch.h:23	PRESERVE_NO_SOURCE_NAME_EVIDENCE	Semantic body/layout evidence exists where mapped; no trustworthy four-target source-level identifier evidence authorizes removing _guess		retain
scaledInheritedMeshDivision_guess	2	cpp/plugins/motionplayer/PlayerUpdateGeometry.cpp; cpp/plugins/motionplayer/PlayerUpdateLayersInternal.h	cpp/plugins/motionplayer/PlayerUpdateGeometry.cpp:394	PRESERVE_NO_SOURCE_NAME_EVIDENCE	Semantic body/layout evidence exists where mapped; no trustworthy four-target source-level identifier evidence authorizes removing _guess	analysis/motionplayer_fp_to_integer_saturation_truncation_wrap_rounding_four_binary_2026-08-28.md	retain
scaledOwnMeshDivision_guess	4	cpp/plugins/motionplayer/PlayerUpdateGeometry.cpp; cpp/plugins/motionplayer/PlayerUpdateLayersInternal.h	cpp/plugins/motionplayer/PlayerUpdateGeometry.cpp:362	PRESERVE_NO_SOURCE_NAME_EVIDENCE	Semantic body/layout evidence exists where mapped; no trustworthy four-target source-level identifier evidence authorizes removing _guess	analysis/motionplayer_fp_to_integer_saturation_truncation_wrap_rounding_four_binary_2026-08-28.md	retain
scriptEaseToPowerDouble_guess	8	cpp/plugins/motionplayer/EmotePlayer.cpp	cpp/plugins/motionplayer/EmotePlayer.cpp:27	PRESERVE_NO_SOURCE_NAME_EVIDENCE	Semantic body/layout evidence exists where mapped; no trustworthy four-target source-level identifier evidence authorizes removing _guess		retain
scriptEaseToPower_guess	4	cpp/plugins/motionplayer/EmotePlayer.cpp	cpp/plugins/motionplayer/EmotePlayer.cpp:37	PRESERVE_NO_SOURCE_NAME_EVIDENCE	Semantic body/layout evidence exists where mapped; no trustworthy four-target source-level identifier evidence authorizes removing _guess		retain
secondaryEasing_guess	5	cpp/plugins/motionplayer/PlayerInternal.h	cpp/plugins/motionplayer/PlayerInternal.h:304	PRESERVE_NO_SOURCE_NAME_EVIDENCE	Semantic body/layout evidence exists where mapped; no trustworthy four-target source-level identifier evidence authorizes removing _guess		retain
seedTextureCacheForDifferentialTest_guess	2	cpp/plugins/motionplayer/D3DAdaptor.cpp; cpp/plugins/motionplayer/D3DAdaptor.h	cpp/plugins/motionplayer/D3DAdaptor.cpp:238	TEST_ONLY_LOCAL_LABEL	Unregistered test seam; not a claimed reference source identifier		retain
seekNodeFrameSelection_guess	3	cpp/plugins/motionplayer/PlayerInternal.h; cpp/plugins/motionplayer/PlayerUpdateLayerEval.cpp	cpp/plugins/motionplayer/PlayerInternal.h:363	PRESERVE_NO_SOURCE_NAME_EVIDENCE	Semantic body/layout evidence exists where mapped; no trustworthy four-target source-level identifier evidence authorizes removing _guess		retain
seekNodeTimelineSlotsIncrementalForDifferentialTest_guess	1	cpp/plugins/motionplayer/Player.h	cpp/plugins/motionplayer/Player.h:967	TEST_ONLY_LOCAL_LABEL	Unregistered test seam; not a claimed reference source identifier		retain
seekNodeTimelineSlotsIncrementalPhase_guess	5	cpp/plugins/motionplayer/Player.h; cpp/plugins/motionplayer/PlayerFrameProgress.cpp; cpp/plugins/motionplayer/PlayerUpdateLayerEval.cpp	cpp/plugins/motionplayer/Player.h:704	PRESERVE_NO_SOURCE_NAME_EVIDENCE	Semantic body/layout evidence exists where mapped; no trustworthy four-target source-level identifier evidence authorizes removing _guess		retain
seekParameterizedNodeFrames_guess	6	cpp/plugins/motionplayer/Player.h; cpp/plugins/motionplayer/PlayerInternal.h; cpp/plugins/motionplayer/PlayerUpdateLayerEval.cpp	cpp/plugins/motionplayer/Player.h:108	PRESERVE_NO_SOURCE_NAME_EVIDENCE	Semantic body/layout evidence exists where mapped; no trustworthy four-target source-level identifier evidence authorizes removing _guess	analysis/motionplayer_player_frame_progress_events_four_binary_2026-08-27.md	retain
seekTimeline_guess	5	cpp/plugins/motionplayer/EmoteEngine.cpp; cpp/plugins/motionplayer/EmoteEngine.h	cpp/plugins/motionplayer/EmoteEngine.cpp:2812	PRESERVE_NO_SOURCE_NAME_EVIDENCE	Semantic body/layout evidence exists where mapped; no trustworthy four-target source-level identifier evidence authorizes removing _guess		retain
selectAlphaTestRenderMethod_guess	4	cpp/plugins/motionplayer/MotionRenderBackend.cpp; cpp/plugins/motionplayer/MotionRenderBackend.h; cpp/plugins/motionplayer/PrivateMotionGLL.cpp	cpp/plugins/motionplayer/MotionRenderBackend.cpp:365	PRESERVE_NO_SOURCE_NAME_EVIDENCE	Semantic body/layout evidence exists where mapped; no trustworthy four-target source-level identifier evidence authorizes removing _guess		retain
selectCameraConstraintOffset_guess	4	cpp/plugins/motionplayer/PlayerUpdateGeometry.cpp; cpp/plugins/motionplayer/PlayerUpdateLayersInternal.h	cpp/plugins/motionplayer/PlayerUpdateGeometry.cpp:130	PRESERVE_NO_SOURCE_NAME_EVIDENCE	Semantic body/layout evidence exists where mapped; no trustworthy four-target source-level identifier evidence authorizes removing _guess		retain
selectMethod_guess	4	cpp/plugins/motionplayer/MotionRenderBackend.cpp; cpp/plugins/motionplayer/MotionRenderBackend.h; cpp/plugins/motionplayer/PlayerRenderTargets.cpp	cpp/plugins/motionplayer/MotionRenderBackend.cpp:753	PRESERVE_NO_SOURCE_NAME_EVIDENCE	Semantic body/layout evidence exists where mapped; no trustworthy four-target source-level identifier evidence authorizes removing _guess		retain
selectNodeDrawFlag_guess	2	cpp/plugins/motionplayer/PlayerUpdateGeometry.cpp; cpp/plugins/motionplayer/PlayerUpdateLayersInternal.h	cpp/plugins/motionplayer/PlayerUpdateGeometry.cpp:527	PRESERVE_NO_SOURCE_NAME_EVIDENCE	Semantic body/layout evidence exists where mapped; no trustworthy four-target source-level identifier evidence authorizes removing _guess		retain
selectParameterEntryForDifferentialTest_guess	1	cpp/plugins/motionplayer/Player.h	cpp/plugins/motionplayer/Player.h:1202	TEST_ONLY_LOCAL_LABEL	Unregistered test seam; not a claimed reference source identifier		retain
selectParameterEntry_guess	5	cpp/plugins/motionplayer/NodeTree.cpp; cpp/plugins/motionplayer/Player.h; cpp/plugins/motionplayer/PlayerCore.cpp; cpp/plugins/motionplayer/PlayerInternal.h	cpp/plugins/motionplayer/NodeTree.cpp:106	PRESERVE_NO_SOURCE_NAME_EVIDENCE	Semantic body/layout evidence exists where mapped; no trustworthy four-target source-level identifier evidence authorizes removing _guess	analysis/motionplayer_player_build_node_tree_four_binary_2026-08-27.md; analysis/motionplayer_player_parameter_table_pipeline_four_binary_2026-08-27.md	retain
selectRenderMethod_guess	4	cpp/plugins/motionplayer/MotionRenderBackend.cpp; cpp/plugins/motionplayer/MotionRenderBackend.h; cpp/plugins/motionplayer/PrivateMotionGLL.cpp	cpp/plugins/motionplayer/MotionRenderBackend.cpp:285	PRESERVE_NO_SOURCE_NAME_EVIDENCE	Semantic body/layout evidence exists where mapped; no trustworthy four-target source-level identifier evidence authorizes removing _guess		retain
selectVertexQuadMaterialization_guess	2	cpp/plugins/motionplayer/PlayerUpdateGeometry.cpp; cpp/plugins/motionplayer/PlayerUpdateLayersInternal.h	cpp/plugins/motionplayer/PlayerUpdateGeometry.cpp:336	PRESERVE_NO_SOURCE_NAME_EVIDENCE	Semantic body/layout evidence exists where mapped; no trustworthy four-target source-level identifier evidence authorizes removing _guess		retain
selectVisibleAncestor_guess	2	cpp/plugins/motionplayer/PlayerUpdateGeometry.cpp; cpp/plugins/motionplayer/PlayerUpdateLayersInternal.h	cpp/plugins/motionplayer/PlayerUpdateGeometry.cpp:525	PRESERVE_NO_SOURCE_NAME_EVIDENCE	Semantic body/layout evidence exists where mapped; no trustworthy four-target source-level identifier evidence authorizes removing _guess		retain
selectorIndexFromFloat_guess	4	cpp/plugins/motionplayer/EmoteSelectorController.cpp	cpp/plugins/motionplayer/EmoteSelectorController.cpp:19	PRESERVE_NO_SOURCE_NAME_EVIDENCE	Semantic body/layout evidence exists where mapped; no trustworthy four-target source-level identifier evidence authorizes removing _guess		retain
selectorOffValueHint_guess	2	cpp/plugins/motionplayer/EmoteEngine.cpp	cpp/plugins/motionplayer/EmoteEngine.cpp:82	PRESERVE_NO_SOURCE_NAME_EVIDENCE	Semantic body/layout evidence exists where mapped; no trustworthy four-target source-level identifier evidence authorizes removing _guess		retain
selectorOnValueHint_guess	2	cpp/plugins/motionplayer/EmoteEngine.cpp	cpp/plugins/motionplayer/EmoteEngine.cpp:83	PRESERVE_NO_SOURCE_NAME_EVIDENCE	Semantic body/layout evidence exists where mapped; no trustworthy four-target source-level identifier evidence authorizes removing _guess		retain
selectorOptionListHint_guess	2	cpp/plugins/motionplayer/EmoteEngine.cpp	cpp/plugins/motionplayer/EmoteEngine.cpp:81	PRESERVE_NO_SOURCE_NAME_EVIDENCE	Semantic body/layout evidence exists where mapped; no trustworthy four-target source-level identifier evidence authorizes removing _guess		retain
separateLayerOwner_guess	2	cpp/plugins/motionplayer/SeparateLayerAdaptor.cpp	cpp/plugins/motionplayer/SeparateLayerAdaptor.cpp:53	PRESERVE_NO_SOURCE_NAME_EVIDENCE	Semantic body/layout evidence exists where mapped; no trustworthy four-target source-level identifier evidence authorizes removing _guess		retain
serializeAngleControllerState_guess	2	cpp/plugins/motionplayer/EmoteEngine.cpp	cpp/plugins/motionplayer/EmoteEngine.cpp:470	PRESERVE_NO_SOURCE_NAME_EVIDENCE	Semantic body/layout evidence exists where mapped; no trustworthy four-target source-level identifier evidence authorizes removing _guess		retain
serializeBaseState_guess	3	cpp/plugins/motionplayer/EmoteEngine.cpp; cpp/plugins/motionplayer/EmoteEngine.h	cpp/plugins/motionplayer/EmoteEngine.cpp:3405	PRESERVE_NO_SOURCE_NAME_EVIDENCE	Semantic body/layout evidence exists where mapped; no trustworthy four-target source-level identifier evidence authorizes removing _guess		retain
serializeBezierPatchDivision_guess	3	cpp/plugins/motionplayer/PlayerInternal.h; cpp/plugins/motionplayer/PlayerLayerQuery.cpp	cpp/plugins/motionplayer/PlayerInternal.h:54	PRESERVE_NO_SOURCE_NAME_EVIDENCE	Semantic body/layout evidence exists where mapped; no trustworthy four-target source-level identifier evidence authorizes removing _guess	analysis/motionplayer_fp_to_integer_saturation_truncation_wrap_rounding_four_binary_2026-08-28.md; analysis/motionplayer_player_get_command_list_four_binary_2026-08-26.md	retain
serializeEyeState_guess	3	cpp/plugins/motionplayer/EmoteEngine.cpp; cpp/plugins/motionplayer/EmoteEngine.h	cpp/plugins/motionplayer/EmoteEngine.cpp:3329	PRESERVE_NO_SOURCE_NAME_EVIDENCE	Semantic body/layout evidence exists where mapped; no trustworthy four-target source-level identifier evidence authorizes removing _guess		retain
serializeEyebrowState_guess	3	cpp/plugins/motionplayer/EmoteEngine.cpp; cpp/plugins/motionplayer/EmoteEngine.h	cpp/plugins/motionplayer/EmoteEngine.cpp:3343	PRESERVE_NO_SOURCE_NAME_EVIDENCE	Semantic body/layout evidence exists where mapped; no trustworthy four-target source-level identifier evidence authorizes removing _guess		retain
serializeMouthState_guess	3	cpp/plugins/motionplayer/EmoteEngine.cpp; cpp/plugins/motionplayer/EmoteEngine.h	cpp/plugins/motionplayer/EmoteEngine.cpp:3357	PRESERVE_NO_SOURCE_NAME_EVIDENCE	Semantic body/layout evidence exists where mapped; no trustworthy four-target source-level identifier evidence authorizes removing _guess		retain
serializeOuterForceState_guess	3	cpp/plugins/motionplayer/EmoteEngine.cpp; cpp/plugins/motionplayer/EmoteEngine.h	cpp/plugins/motionplayer/EmoteEngine.cpp:3429	PRESERVE_NO_SOURCE_NAME_EVIDENCE	Semantic body/layout evidence exists where mapped; no trustworthy four-target source-level identifier evidence authorizes removing _guess		retain
serializeRequestQueue_guess	3	cpp/plugins/motionplayer/EmoteEngine.cpp	cpp/plugins/motionplayer/EmoteEngine.cpp:333	PRESERVE_NO_SOURCE_NAME_EVIDENCE	Semantic body/layout evidence exists where mapped; no trustworthy four-target source-level identifier evidence authorizes removing _guess		retain
serializeSelectorState_guess	3	cpp/plugins/motionplayer/EmoteEngine.cpp; cpp/plugins/motionplayer/EmoteEngine.h	cpp/plugins/motionplayer/EmoteEngine.cpp:3391	PRESERVE_NO_SOURCE_NAME_EVIDENCE	Semantic body/layout evidence exists where mapped; no trustworthy four-target source-level identifier evidence authorizes removing _guess		retain
serializeState_guess	4	cpp/plugins/motionplayer/EmoteEngine.cpp; cpp/plugins/motionplayer/EmoteEngine.h; cpp/plugins/motionplayer/EmotePlayer.cpp; cpp/plugins/motionplayer/main.cpp	cpp/plugins/motionplayer/EmoteEngine.cpp:3448	PRESERVE_BINDING_LOCAL_LABEL	The script name/binding is four-target evidenced, but the stripped binaries do not expose this local C++ source identifier		retain
serializeTimelineState_guess	3	cpp/plugins/motionplayer/EmoteEngine.cpp; cpp/plugins/motionplayer/EmoteEngine.h	cpp/plugins/motionplayer/EmoteEngine.cpp:3295	PRESERVE_NO_SOURCE_NAME_EVIDENCE	Semantic body/layout evidence exists where mapped; no trustworthy four-target source-level identifier evidence authorizes removing _guess		retain
serializeTransitionState_guess	3	cpp/plugins/motionplayer/EmoteEngine.cpp; cpp/plugins/motionplayer/EmoteEngine.h	cpp/plugins/motionplayer/EmoteEngine.cpp:3371	PRESERVE_NO_SOURCE_NAME_EVIDENCE	Semantic body/layout evidence exists where mapped; no trustworthy four-target source-level identifier evidence authorizes removing _guess		retain
serializeVarControllerState_guess	9	cpp/plugins/motionplayer/EmoteEngine.cpp	cpp/plugins/motionplayer/EmoteEngine.cpp:385	PRESERVE_NO_SOURCE_NAME_EVIDENCE	Semantic body/layout evidence exists where mapped; no trustworthy four-target source-level identifier evidence authorizes removing _guess		retain
setCanonicalResourceManagerForDifferentialTest_guess	1	cpp/plugins/motionplayer/Player.h	cpp/plugins/motionplayer/Player.h:1279	TEST_ONLY_LOCAL_LABEL	Unregistered test seam; not a claimed reference source identifier		retain
setCharaLiveSlots_guess	4	cpp/plugins/motionplayer/Player.h; cpp/plugins/motionplayer/PlayerCore.cpp	cpp/plugins/motionplayer/Player.h:570	PRESERVE_NO_SOURCE_NAME_EVIDENCE	Semantic body/layout evidence exists where mapped; no trustworthy four-target source-level identifier evidence authorizes removing _guess		retain
setCharaWithFlags_guess	4	cpp/plugins/motionplayer/Player.h; cpp/plugins/motionplayer/PlayerCore.cpp	cpp/plugins/motionplayer/Player.h:571	PRESERVE_NO_SOURCE_NAME_EVIDENCE	Semantic body/layout evidence exists where mapped; no trustworthy four-target source-level identifier evidence authorizes removing _guess		retain
setClipMemberHint_guess	4	cpp/plugins/motionplayer/MotionDispatch.h; cpp/plugins/motionplayer/PlayerRenderInternal.cpp; cpp/plugins/motionplayer/RuntimeSupport.cpp	cpp/plugins/motionplayer/MotionDispatch.h:236	PRESERVE_NO_SOURCE_NAME_EVIDENCE	Semantic body/layout evidence exists where mapped; no trustworthy four-target source-level identifier evidence authorizes removing _guess		retain
setEvaluationFrameForDifferentialTest_guess	1	cpp/plugins/motionplayer/Player.h	cpp/plugins/motionplayer/Player.h:904	TEST_ONLY_LOCAL_LABEL	Unregistered test seam; not a claimed reference source identifier		retain
setFrameCursorState_guess	3	cpp/plugins/motionplayer/Player.h	cpp/plugins/motionplayer/Player.h:247	PRESERVE_NO_SOURCE_NAME_EVIDENCE	Semantic body/layout evidence exists where mapped; no trustworthy four-target source-level identifier evidence authorizes removing _guess	analysis/motionplayer_player_time_properties_four_binary_2026-08-26.md	retain
setIntegerPropertyStrict_guess	5	cpp/plugins/motionplayer/SeparateLayerAdaptor.cpp	cpp/plugins/motionplayer/SeparateLayerAdaptor.cpp:93	PRESERVE_NO_SOURCE_NAME_EVIDENCE	Semantic body/layout evidence exists where mapped; no trustworthy four-target source-level identifier evidence authorizes removing _guess		retain
setIntegerProperty_guess	7	cpp/plugins/motionplayer/SeparateLayerAdaptor.cpp	cpp/plugins/motionplayer/SeparateLayerAdaptor.cpp:85	PRESERVE_NO_SOURCE_NAME_EVIDENCE	Semantic body/layout evidence exists where mapped; no trustworthy four-target source-level identifier evidence authorizes removing _guess		retain
setInternalWorkspaceLayerSize_guess	3	cpp/plugins/motionplayer/PlayerRenderTargets.cpp	cpp/plugins/motionplayer/PlayerRenderTargets.cpp:216	PRESERVE_NO_SOURCE_NAME_EVIDENCE	Semantic body/layout evidence exists where mapped; no trustworthy four-target source-level identifier evidence authorizes removing _guess	analysis/motionplayer_internal_render_layer_materializer_four_binary_2026-08-27.md	retain
setMirror_guess	4	cpp/plugins/motionplayer/EmoteEngine.cpp; cpp/plugins/motionplayer/EmoteEngine.h; cpp/plugins/motionplayer/EmotePlayer.h; cpp/plugins/motionplayer/main.cpp	cpp/plugins/motionplayer/EmoteEngine.cpp:1310	PRESERVE_BINDING_LOCAL_LABEL	The script name/binding is four-target evidenced, but the stripped binaries do not expose this local C++ source identifier		retain
setMotionContentForDifferentialTest_guess	1	cpp/plugins/motionplayer/Player.h	cpp/plugins/motionplayer/Player.h:1075	TEST_ONLY_LOCAL_LABEL	Unregistered test seam; not a claimed reference source identifier		retain
setMotionContextVariant_guess	4	cpp/plugins/motionplayer/EmotePlayer.h; cpp/plugins/motionplayer/Player.h	cpp/plugins/motionplayer/EmotePlayer.h:182	PRESERVE_NO_SOURCE_NAME_EVIDENCE	Semantic body/layout evidence exists where mapped; no trustworthy four-target source-level identifier evidence authorizes removing _guess		retain
setOuterForceTarget_guess	4	cpp/plugins/motionplayer/EmoteEngine.cpp; cpp/plugins/motionplayer/EmoteEngine.h; cpp/plugins/motionplayer/EmotePlayer.cpp	cpp/plugins/motionplayer/EmoteEngine.cpp:1317	PRESERVE_NO_SOURCE_NAME_EVIDENCE	Semantic body/layout evidence exists where mapped; no trustworthy four-target source-level identifier evidence authorizes removing _guess		retain
setPosMemberHint_guess	3	cpp/plugins/motionplayer/MotionDispatch.h; cpp/plugins/motionplayer/PlayerRenderTargets.cpp; cpp/plugins/motionplayer/RuntimeSupport.cpp	cpp/plugins/motionplayer/MotionDispatch.h:260	PRESERVE_NO_SOURCE_NAME_EVIDENCE	Semantic body/layout evidence exists where mapped; no trustworthy four-target source-level identifier evidence authorizes removing _guess		retain
setPrivateMotionGLLStencilCount_guess	3	cpp/plugins/motionplayer/PlayerRenderTargets.cpp; cpp/plugins/motionplayer/PrivateMotionGLL.cpp; cpp/plugins/motionplayer/PrivateMotionGLL.h	cpp/plugins/motionplayer/PlayerRenderTargets.cpp:1154	PRESERVE_NO_SOURCE_NAME_EVIDENCE	Semantic body/layout evidence exists where mapped; no trustworthy four-target source-level identifier evidence authorizes removing _guess		retain
setPrivateOpenGLRenderManagerForDifferentialTest_guess	2	cpp/plugins/motionplayer/MotionRenderBackend.cpp; cpp/plugins/motionplayer/MotionRenderBackend.h	cpp/plugins/motionplayer/MotionRenderBackend.cpp:35	TEST_ONLY_LOCAL_LABEL	Unregistered test seam; not a claimed reference source identifier		retain
setRandomGeneratorForDifferentialTest_guess	1	cpp/plugins/motionplayer/ResourceManager.h	cpp/plugins/motionplayer/ResourceManager.h:119	TEST_ONLY_LOCAL_LABEL	Unregistered test seam; not a claimed reference source identifier		retain
setRootContentForDifferentialTest_guess	1	cpp/plugins/motionplayer/Player.h	cpp/plugins/motionplayer/Player.h:1059	TEST_ONLY_LOCAL_LABEL	Unregistered test seam; not a claimed reference source identifier		retain
setSizeMemberHint_guess	7	cpp/plugins/motionplayer/MotionDispatch.h; cpp/plugins/motionplayer/PlayerRenderInternal.cpp; cpp/plugins/motionplayer/PlayerRenderTargets.cpp; cpp/plugins/motionplayer/RuntimeSupport.cpp; cpp/plugins/motionplayer/SeparateLayerAdaptor.cpp; cpp/plugins/motionplayer/SourceCache.cpp	cpp/plugins/motionplayer/MotionDispatch.h:290	PRESERVE_NO_SOURCE_NAME_EVIDENCE	Semantic body/layout evidence exists where mapped; no trustworthy four-target source-level identifier evidence authorizes removing _guess		retain
setSkipToSyncStateForDifferentialTest_guess	1	cpp/plugins/motionplayer/Player.h	cpp/plugins/motionplayer/Player.h:841	TEST_ONLY_LOCAL_LABEL	Unregistered test seam; not a claimed reference source identifier		retain
setStencilCount_guess	2	cpp/plugins/motionplayer/PrivateMotionGLL.cpp	cpp/plugins/motionplayer/PrivateMotionGLL.cpp:342	PRESERVE_NO_SOURCE_NAME_EVIDENCE	Semantic body/layout evidence exists where mapped; no trustworthy four-target source-level identifier evidence authorizes removing _guess		retain
setStencilState_guess	3	cpp/plugins/motionplayer/MotionRenderBackend.cpp; cpp/plugins/motionplayer/MotionRenderBackend.h; cpp/plugins/motionplayer/PlayerRenderTargets.cpp	cpp/plugins/motionplayer/MotionRenderBackend.cpp:741	PRESERVE_NO_SOURCE_NAME_EVIDENCE	Semantic body/layout evidence exists where mapped; no trustworthy four-target source-level identifier evidence authorizes removing _guess		retain
setTimelineBlendController_guess	10	cpp/plugins/motionplayer/EmoteEngine.cpp; cpp/plugins/motionplayer/EmoteEngine.h; cpp/plugins/motionplayer/EmotePlayer.cpp	cpp/plugins/motionplayer/EmoteEngine.cpp:2976	PRESERVE_NO_SOURCE_NAME_EVIDENCE	Semantic body/layout evidence exists where mapped; no trustworthy four-target source-level identifier evidence authorizes removing _guess		retain
setTimelineBlendRatioRawCallback_guess	3	cpp/plugins/motionplayer/EmotePlayer.cpp; cpp/plugins/motionplayer/EmotePlayer.h; cpp/plugins/motionplayer/main.cpp	cpp/plugins/motionplayer/EmotePlayer.cpp:800	PRESERVE_BINDING_LOCAL_LABEL	The script name/binding is four-target evidenced, but the stripped binaries do not expose this local C++ source identifier		retain
setVariableSnapshotForDifferentialTest_guess	1	cpp/plugins/motionplayer/Player.h	cpp/plugins/motionplayer/Player.h:1241	TEST_ONLY_LOCAL_LABEL	Unregistered test seam; not a claimed reference source identifier		retain
setWind_guess	8	cpp/plugins/motionplayer/EmoteEngine.h; cpp/plugins/motionplayer/EmotePlayer.cpp; cpp/plugins/motionplayer/EmotePlayer.h; cpp/plugins/motionplayer/EmoteWindEmitter.h; cpp/plugins/motionplayer/PlayerCore.cpp; cpp/plugins/motionplayer/main.cpp	cpp/plugins/motionplayer/EmoteEngine.h:489	PRESERVE_BINDING_LOCAL_LABEL	The script name/binding is four-target evidenced, but the stripped binaries do not expose this local C++ source identifier	analysis/motionplayer_dead_value_noop_refcount_uninitialized_inactive_tail_four_binary_2026-08-28.md	retain
shouldMirrorLabel_guess	4	cpp/plugins/motionplayer/EmoteEngine.cpp; cpp/plugins/motionplayer/EmoteEngine.h	cpp/plugins/motionplayer/EmoteEngine.cpp:2160	PRESERVE_NO_SOURCE_NAME_EVIDENCE	Semantic body/layout evidence exists where mapped; no trustworthy four-target source-level identifier evidence authorizes removing _guess		retain
shouldQueuePrivateMotionGLLRenderItem_guess	2	cpp/plugins/motionplayer/PlayerRenderTargets.cpp	cpp/plugins/motionplayer/PlayerRenderTargets.cpp:87	PRESERVE_NO_SOURCE_NAME_EVIDENCE	Semantic body/layout evidence exists where mapped; no trustworthy four-target source-level identifier evidence authorizes removing _guess		retain
shouldRenderAccurateSlaItem_guess	2	cpp/plugins/motionplayer/PlayerRenderTargets.cpp	cpp/plugins/motionplayer/PlayerRenderTargets.cpp:160	PRESERVE_NO_SOURCE_NAME_EVIDENCE	Semantic body/layout evidence exists where mapped; no trustworthy four-target source-level identifier evidence authorizes removing _guess		retain
shouldSkipD3DRenderItem_guess	2	cpp/plugins/motionplayer/PlayerRenderTargets.cpp	cpp/plugins/motionplayer/PlayerRenderTargets.cpp:410	PRESERVE_NO_SOURCE_NAME_EVIDENCE	Semantic body/layout evidence exists where mapped; no trustworthy four-target source-level identifier evidence authorizes removing _guess		retain
shouldUseDirectRenderPath_guess	3	cpp/plugins/motionplayer/PlayerRenderExecute.cpp; cpp/plugins/motionplayer/PlayerRenderInternal.cpp; cpp/plugins/motionplayer/PlayerRenderInternal.h	cpp/plugins/motionplayer/PlayerRenderExecute.cpp:651	PRESERVE_NO_SOURCE_NAME_EVIDENCE	Semantic body/layout evidence exists where mapped; no trustworthy four-target source-level identifier evidence authorizes removing _guess		retain
signedIndexFromBits32_guess	12	cpp/plugins/motionplayer/PlayerFrameProgress.cpp; cpp/plugins/motionplayer/PlayerUpdateLayerEval.cpp	cpp/plugins/motionplayer/PlayerFrameProgress.cpp:13	PRESERVE_NO_SOURCE_NAME_EVIDENCE	Semantic body/layout evidence exists where mapped; no trustworthy four-target source-level identifier evidence authorizes removing _guess		retain
signedInt32Bits_guess	13	cpp/plugins/motionplayer/MotionLayerExtensions.cpp	cpp/plugins/motionplayer/MotionLayerExtensions.cpp:45	PRESERVE_NO_SOURCE_NAME_EVIDENCE	Semantic body/layout evidence exists where mapped; no trustworthy four-target source-level identifier evidence authorizes removing _guess		retain
signedInt32FromDoubleTowardZeroSaturated_guess	4	cpp/plugins/motionplayer/PlayerUpdateLayersInternal.h	cpp/plugins/motionplayer/PlayerUpdateLayersInternal.h:47	PRESERVE_NO_SOURCE_NAME_EVIDENCE	Semantic body/layout evidence exists where mapped; no trustworthy four-target source-level identifier evidence authorizes removing _guess	analysis/motionplayer_fp_to_integer_saturation_truncation_wrap_rounding_four_binary_2026-08-28.md	retain
splitParameterLabel_guess	3	cpp/plugins/motionplayer/PlayerVariable.cpp	cpp/plugins/motionplayer/PlayerVariable.cpp:20	PRESERVE_NO_SOURCE_NAME_EVIDENCE	Semantic body/layout evidence exists where mapped; no trustworthy four-target source-level identifier evidence authorizes removing _guess		retain
splitTtstr_guess	14	cpp/plugins/motionplayer/MotionDispatch.h; cpp/plugins/motionplayer/PlayerCore.cpp; cpp/plugins/motionplayer/PlayerResource.cpp; cpp/plugins/motionplayer/PlayerUpdateChildMotion.cpp; cpp/plugins/motionplayer/PlayerUpdateParticles.cpp; cpp/plugins/motionplayer/PlayerVariable.cpp; cpp/plugins/motionplayer/ResourceManager.cpp	cpp/plugins/motionplayer/MotionDispatch.h:318	PRESERVE_NO_SOURCE_NAME_EVIDENCE	Semantic body/layout evidence exists where mapped; no trustworthy four-target source-level identifier evidence authorizes removing _guess	analysis/motionplayer_resourcemanager_is_exist_motion_direct_fallback_scan_four_binary_2026-08-27.md	retain
springVec3FromVariant_guess	11	cpp/plugins/motionplayer/EmoteEngine.cpp	cpp/plugins/motionplayer/EmoteEngine.cpp:2312	PRESERVE_NO_SOURCE_NAME_EVIDENCE	Semantic body/layout evidence exists where mapped; no trustworthy four-target source-level identifier evidence authorizes removing _guess		retain
srcMemberHint_guess	8	cpp/plugins/motionplayer/MotionDispatch.h; cpp/plugins/motionplayer/PlayerLayerQuery.cpp; cpp/plugins/motionplayer/PlayerRenderExecute.cpp; cpp/plugins/motionplayer/PlayerUpdateLayerEval.cpp; cpp/plugins/motionplayer/RuntimeSupport.cpp; cpp/plugins/motionplayer/SourceCache.cpp	cpp/plugins/motionplayer/MotionDispatch.h:118	PRESERVE_NO_SOURCE_NAME_EVIDENCE	Semantic body/layout evidence exists where mapped; no trustworthy four-target source-level identifier evidence authorizes removing _guess		retain
startValue_guess	3	cpp/plugins/motionplayer/EmoteEngine.cpp; cpp/plugins/motionplayer/EmoteLoopController.cpp; cpp/plugins/motionplayer/EmoteLoopController.h	cpp/plugins/motionplayer/EmoteEngine.cpp:2073	PRESERVE_NO_SOURCE_NAME_EVIDENCE	Semantic body/layout evidence exists where mapped; no trustworthy four-target source-level identifier evidence authorizes removing _guess		retain
stencilChainMemberHint_guess	3	cpp/plugins/motionplayer/MotionDispatch.h; cpp/plugins/motionplayer/PlayerLayerQuery.cpp; cpp/plugins/motionplayer/RuntimeSupport.cpp	cpp/plugins/motionplayer/MotionDispatch.h:99	PRESERVE_NO_SOURCE_NAME_EVIDENCE	Semantic body/layout evidence exists where mapped; no trustworthy four-target source-level identifier evidence authorizes removing _guess		retain
stencilTestEnabledCache_guess	8	cpp/plugins/motionplayer/MotionRenderBackend.cpp	cpp/plugins/motionplayer/MotionRenderBackend.cpp:41	PRESERVE_NO_SOURCE_NAME_EVIDENCE	Semantic body/layout evidence exists where mapped; no trustworthy four-target source-level identifier evidence authorizes removing _guess		retain
stepParticleChildren_guess	5	cpp/plugins/motionplayer/Player.h; cpp/plugins/motionplayer/PlayerUpdateParticles.cpp	cpp/plugins/motionplayer/Player.h:808	PRESERVE_NO_SOURCE_NAME_EVIDENCE	Semantic body/layout evidence exists where mapped; no trustworthy four-target source-level identifier evidence authorizes removing _guess		retain
stepRootControllers_guess	4	cpp/plugins/motionplayer/EmoteEngine.cpp; cpp/plugins/motionplayer/EmoteEngine.h	cpp/plugins/motionplayer/EmoteEngine.cpp:1523	PRESERVE_NO_SOURCE_NAME_EVIDENCE	Semantic body/layout evidence exists where mapped; no trustworthy four-target source-level identifier evidence authorizes removing _guess		retain
stepVariableTrackSlot_guess	6	cpp/plugins/motionplayer/Player.h; cpp/plugins/motionplayer/PlayerFrameProgress.cpp	cpp/plugins/motionplayer/Player.h:110	PRESERVE_NO_SOURCE_NAME_EVIDENCE	Semantic body/layout evidence exists where mapped; no trustworthy four-target source-level identifier evidence authorizes removing _guess		retain
stopTimelineRawCallback_guess	3	cpp/plugins/motionplayer/EmotePlayer.cpp; cpp/plugins/motionplayer/EmotePlayer.h; cpp/plugins/motionplayer/main.cpp	cpp/plugins/motionplayer/EmotePlayer.cpp:776	PRESERVE_BINDING_LOCAL_LABEL	The script name/binding is four-target evidenced, but the stripped binaries do not expose this local C++ source identifier		retain
stopTimeline_guess	6	cpp/plugins/motionplayer/EmoteEngine.cpp; cpp/plugins/motionplayer/EmoteEngine.h; cpp/plugins/motionplayer/EmotePlayer.cpp	cpp/plugins/motionplayer/EmoteEngine.cpp:2929	PRESERVE_NO_SOURCE_NAME_EVIDENCE	Semantic body/layout evidence exists where mapped; no trustworthy four-target source-level identifier evidence authorizes removing _guess		retain
stretchTypeParameterId_guess	2	cpp/plugins/motionplayer/MotionLayerExtensions.cpp	cpp/plugins/motionplayer/MotionLayerExtensions.cpp:679	PRESERVE_NO_SOURCE_NAME_EVIDENCE	Semantic body/layout evidence exists where mapped; no trustworthy four-target source-level identifier evidence authorizes removing _guess		retain
submitLayerMesh_guess	3	cpp/plugins/motionplayer/MotionLayerExtensions.cpp	cpp/plugins/motionplayer/MotionLayerExtensions.cpp:664	PRESERVE_NO_SOURCE_NAME_EVIDENCE	Semantic body/layout evidence exists where mapped; no trustworthy four-target source-level identifier evidence authorizes removing _guess		retain
subtractTwoWrapping32_guess	9	cpp/plugins/motionplayer/PlayerFrameProgress.cpp; cpp/plugins/motionplayer/PlayerUpdateLayerEval.cpp	cpp/plugins/motionplayer/PlayerFrameProgress.cpp:177	PRESERVE_NO_SOURCE_NAME_EVIDENCE	Semantic body/layout evidence exists where mapped; no trustworthy four-target source-level identifier evidence authorizes removing _guess		retain
swapPackedRedBlue_guess	3	cpp/plugins/motionplayer/PlayerCore.cpp	cpp/plugins/motionplayer/PlayerCore.cpp:38	PRESERVE_NO_SOURCE_NAME_EVIDENCE	Semantic body/layout evidence exists where mapped; no trustworthy four-target source-level identifier evidence authorizes removing _guess	analysis/motionplayer_player_color_independent_zfactor_four_binary_2026-08-26.md	retain
syncSelectorControls_guess	4	cpp/plugins/motionplayer/EmoteEngine.cpp; cpp/plugins/motionplayer/EmoteEngine.h; cpp/plugins/motionplayer/EmotePlayer.h	cpp/plugins/motionplayer/EmoteEngine.cpp:1104	PRESERVE_NO_SOURCE_NAME_EVIDENCE	Semantic body/layout evidence exists where mapped; no trustworthy four-target source-level identifier evidence authorizes removing _guess	analysis/motionplayer_runtime_reconciliation_four_binary_2026-08-28.md	retain
tTJSNC_PrivateMotionGLLayer_guess	4	cpp/plugins/motionplayer/PrivateMotionGLL.cpp	cpp/plugins/motionplayer/PrivateMotionGLL.cpp:455	PRESERVE_NO_SOURCE_NAME_EVIDENCE	Semantic body/layout evidence exists where mapped; no trustworthy four-target source-level identifier evidence authorizes removing _guess		retain
tTJSNI_PrivateMotionGLLayer_guess	14	cpp/plugins/motionplayer/PrivateMotionGLL.cpp	cpp/plugins/motionplayer/PrivateMotionGLL.cpp:242	PRESERVE_NO_SOURCE_NAME_EVIDENCE	Semantic body/layout evidence exists where mapped; no trustworthy four-target source-level identifier evidence authorizes removing _guess		retain
tailDispatchLoadMotionResidual_guess	2	cpp/plugins/motionplayer/Player.h; cpp/plugins/motionplayer/PlayerCore.cpp	cpp/plugins/motionplayer/Player.h:566	PRESERVE_NO_SOURCE_NAME_EVIDENCE	Semantic body/layout evidence exists where mapped; no trustworthy four-target source-level identifier evidence authorizes removing _guess		retain
tessellateBezierPatch_guess	4	cpp/plugins/motionplayer/MotionRenderBackend.cpp; cpp/plugins/motionplayer/MotionRenderBackend.h; cpp/plugins/motionplayer/PlayerRenderTargets.cpp; cpp/plugins/motionplayer/PrivateMotionGLL.cpp	cpp/plugins/motionplayer/MotionRenderBackend.cpp:243	PRESERVE_NO_SOURCE_NAME_EVIDENCE	Semantic body/layout evidence exists where mapped; no trustworthy four-target source-level identifier evidence authorizes removing _guess	analysis/motionplayer_d3d_mesh_submit_repeat_cells_four_binary_2026-08-27.md	retain
timeMemberHint_guess	4	cpp/plugins/motionplayer/MotionDispatch.h; cpp/plugins/motionplayer/PlayerTimeline.cpp; cpp/plugins/motionplayer/PlayerUpdateLayerEval.cpp; cpp/plugins/motionplayer/RuntimeSupport.cpp	cpp/plugins/motionplayer/MotionDispatch.h:106	PRESERVE_NO_SOURCE_NAME_EVIDENCE	Semantic body/layout evidence exists where mapped; no trustworthy four-target source-level identifier evidence authorizes removing _guess		retain
timelineContentHint_guess	2	cpp/plugins/motionplayer/EmoteEngine.cpp	cpp/plugins/motionplayer/EmoteEngine.cpp:151	PRESERVE_NO_SOURCE_NAME_EVIDENCE	Semantic body/layout evidence exists where mapped; no trustworthy four-target source-level identifier evidence authorizes removing _guess		retain
timelineDiffHint_guess	3	cpp/plugins/motionplayer/EmoteEngine.cpp	cpp/plugins/motionplayer/EmoteEngine.cpp:137	PRESERVE_NO_SOURCE_NAME_EVIDENCE	Semantic body/layout evidence exists where mapped; no trustworthy four-target source-level identifier evidence authorizes removing _guess		retain
timelineEasingHint_guess	2	cpp/plugins/motionplayer/EmoteEngine.cpp	cpp/plugins/motionplayer/EmoteEngine.cpp:152	PRESERVE_NO_SOURCE_NAME_EVIDENCE	Semantic body/layout evidence exists where mapped; no trustworthy four-target source-level identifier evidence authorizes removing _guess		retain
timelineInfoBlendRatioHint_guess	2	cpp/plugins/motionplayer/EmoteEngine.cpp	cpp/plugins/motionplayer/EmoteEngine.cpp:156	PRESERVE_NO_SOURCE_NAME_EVIDENCE	Semantic body/layout evidence exists where mapped; no trustworthy four-target source-level identifier evidence authorizes removing _guess		retain
timelineInfoFlagsHint_guess	4	cpp/plugins/motionplayer/EmoteEngine.cpp	cpp/plugins/motionplayer/EmoteEngine.cpp:155	PRESERVE_NO_SOURCE_NAME_EVIDENCE	Semantic body/layout evidence exists where mapped; no trustworthy four-target source-level identifier evidence authorizes removing _guess		retain
timelineLastTimeHint_guess	2	cpp/plugins/motionplayer/EmoteEngine.cpp	cpp/plugins/motionplayer/EmoteEngine.cpp:148	PRESERVE_NO_SOURCE_NAME_EVIDENCE	Semantic body/layout evidence exists where mapped; no trustworthy four-target source-level identifier evidence authorizes removing _guess		retain
timelineLoopBeginHint_guess	2	cpp/plugins/motionplayer/EmoteEngine.cpp	cpp/plugins/motionplayer/EmoteEngine.cpp:146	PRESERVE_NO_SOURCE_NAME_EVIDENCE	Semantic body/layout evidence exists where mapped; no trustworthy four-target source-level identifier evidence authorizes removing _guess		retain
timelineLoopEndHint_guess	2	cpp/plugins/motionplayer/EmoteEngine.cpp	cpp/plugins/motionplayer/EmoteEngine.cpp:147	PRESERVE_NO_SOURCE_NAME_EVIDENCE	Semantic body/layout evidence exists where mapped; no trustworthy four-target source-level identifier evidence authorizes removing _guess		retain
timelineOpacityWordFromDouble_guess	2	cpp/plugins/motionplayer/PlayerUpdateLayerEval.cpp; cpp/plugins/motionplayer/PlayerUpdateLayersInternal.h	cpp/plugins/motionplayer/PlayerUpdateLayerEval.cpp:243	PRESERVE_NO_SOURCE_NAME_EVIDENCE	Semantic body/layout evidence exists where mapped; no trustworthy four-target source-level identifier evidence authorizes removing _guess	analysis/motionplayer_fp_to_integer_saturation_truncation_wrap_rounding_four_binary_2026-08-28.md	retain
timelineStateBlendRatioCtrlHint_guess	3	cpp/plugins/motionplayer/EmoteEngine.cpp	cpp/plugins/motionplayer/EmoteEngine.cpp:161	PRESERVE_NO_SOURCE_NAME_EVIDENCE	Semantic body/layout evidence exists where mapped; no trustworthy four-target source-level identifier evidence authorizes removing _guess		retain
timelineStateCurTimeHint_guess	3	cpp/plugins/motionplayer/EmoteEngine.cpp	cpp/plugins/motionplayer/EmoteEngine.cpp:160	PRESERVE_NO_SOURCE_NAME_EVIDENCE	Semantic body/layout evidence exists where mapped; no trustworthy four-target source-level identifier evidence authorizes removing _guess		retain
timelineStateStopWhenBlendDoneHint_guess	3	cpp/plugins/motionplayer/EmoteEngine.cpp	cpp/plugins/motionplayer/EmoteEngine.cpp:162	PRESERVE_NO_SOURCE_NAME_EVIDENCE	Semantic body/layout evidence exists where mapped; no trustworthy four-target source-level identifier evidence authorizes removing _guess		retain
timelineTimeHint_guess	2	cpp/plugins/motionplayer/EmoteEngine.cpp	cpp/plugins/motionplayer/EmoteEngine.cpp:150	PRESERVE_NO_SOURCE_NAME_EVIDENCE	Semantic body/layout evidence exists where mapped; no trustworthy four-target source-level identifier evidence authorizes removing _guess		retain
timelineVariableListHint_guess	2	cpp/plugins/motionplayer/EmoteEngine.cpp	cpp/plugins/motionplayer/EmoteEngine.cpp:149	PRESERVE_NO_SOURCE_NAME_EVIDENCE	Semantic body/layout evidence exists where mapped; no trustworthy four-target source-level identifier evidence authorizes removing _guess		retain
topMemberHint_guess	10	cpp/plugins/motionplayer/MotionDispatch.h; cpp/plugins/motionplayer/MotionLayerExtensions.cpp; cpp/plugins/motionplayer/PlayerCore.cpp; cpp/plugins/motionplayer/PlayerLayerQuery.cpp; cpp/plugins/motionplayer/PlayerResource.cpp; cpp/plugins/motionplayer/RuntimeSupport.cpp; cpp/plugins/motionplayer/SeparateLayerAdaptor.cpp; cpp/plugins/motionplayer/SourceCache.cpp	cpp/plugins/motionplayer/MotionDispatch.h:22	PRESERVE_NO_SOURCE_NAME_EVIDENCE	Semantic body/layout evidence exists where mapped; no trustworthy four-target source-level identifier evidence authorizes removing _guess		retain
transformAndRoundPreparedRect_guess	5	cpp/plugins/motionplayer/PlayerRenderItems.cpp	cpp/plugins/motionplayer/PlayerRenderItems.cpp:533	PRESERVE_NO_SOURCE_NAME_EVIDENCE	Semantic body/layout evidence exists where mapped; no trustworthy four-target source-level identifier evidence authorizes removing _guess		retain
translatePreparedPoint_guess	4	cpp/plugins/motionplayer/PlayerRenderItems.cpp	cpp/plugins/motionplayer/PlayerRenderItems.cpp:183	PRESERVE_NO_SOURCE_NAME_EVIDENCE	Semantic body/layout evidence exists where mapped; no trustworthy four-target source-level identifier evidence authorizes removing _guess	analysis/motionplayer_player_prepared_projection_four_binary_2026-08-27.md	retain
triPriorityMemberHint_guess	3	cpp/plugins/motionplayer/MotionDispatch.h; cpp/plugins/motionplayer/PlayerLayerQuery.cpp; cpp/plugins/motionplayer/RuntimeSupport.cpp	cpp/plugins/motionplayer/MotionDispatch.h:95	PRESERVE_NO_SOURCE_NAME_EVIDENCE	Semantic body/layout evidence exists where mapped; no trustworthy four-target source-level identifier evidence authorizes removing _guess		retain
trimCacheBeforeInsert_guess	3	cpp/plugins/motionplayer/SourceCache.cpp; cpp/plugins/motionplayer/SourceCache.h	cpp/plugins/motionplayer/SourceCache.cpp:567	PRESERVE_NO_SOURCE_NAME_EVIDENCE	Semantic body/layout evidence exists where mapped; no trustworthy four-target source-level identifier evidence authorizes removing _guess		retain
typeMemberHint_guess	10	cpp/plugins/motionplayer/MotionDispatch.h; cpp/plugins/motionplayer/PlayerLayerQuery.cpp; cpp/plugins/motionplayer/PlayerRenderTargets.cpp; cpp/plugins/motionplayer/PlayerTimeline.cpp; cpp/plugins/motionplayer/PlayerUpdateLayerEval.cpp; cpp/plugins/motionplayer/RuntimeSupport.cpp; cpp/plugins/motionplayer/SeparateLayerAdaptor.cpp	cpp/plugins/motionplayer/MotionDispatch.h:107	PRESERVE_NO_SOURCE_NAME_EVIDENCE	Semantic body/layout evidence exists where mapped; no trustworthy four-target source-level identifier evidence authorizes removing _guess		retain
unitBezierPatchQuad_guess	4	cpp/plugins/motionplayer/MotionBezierPatch.h; cpp/plugins/motionplayer/PlayerUpdateGeometry.cpp; cpp/plugins/motionplayer/main.cpp	cpp/plugins/motionplayer/MotionBezierPatch.h:73	PRESERVE_NO_SOURCE_NAME_EVIDENCE	Semantic body/layout evidence exists where mapped; no trustworthy four-target source-level identifier evidence authorizes removing _guess		retain
unserializeState_guess	4	cpp/plugins/motionplayer/EmoteEngine.cpp; cpp/plugins/motionplayer/EmoteEngine.h; cpp/plugins/motionplayer/EmotePlayer.cpp; cpp/plugins/motionplayer/main.cpp	cpp/plugins/motionplayer/EmoteEngine.cpp:3782	PRESERVE_BINDING_LOCAL_LABEL	The script name/binding is four-target evidenced, but the stripped binaries do not expose this local C++ source identifier		retain
unsignedDivideA64Profile_guess	5	cpp/plugins/motionplayer/PlayerUpdateGeometry.cpp; cpp/plugins/motionplayer/PlayerUpdateLayersInternal.h	cpp/plugins/motionplayer/PlayerUpdateGeometry.cpp:366	PRESERVE_NO_SOURCE_NAME_EVIDENCE	Semantic body/layout evidence exists where mapped; no trustworthy four-target source-level identifier evidence authorizes removing _guess	analysis/motionplayer_fp_to_integer_saturation_truncation_wrap_rounding_four_binary_2026-08-28.md	retain
unusedMaxSeed_guess	2	cpp/plugins/motionplayer/EmoteEngine.h	cpp/plugins/motionplayer/EmoteEngine.h:145	PRESERVE_NO_SOURCE_NAME_EVIDENCE	Semantic body/layout evidence exists where mapped; no trustworthy four-target source-level identifier evidence authorizes removing _guess		retain
unusedMinSeed_guess	2	cpp/plugins/motionplayer/EmoteEngine.h	cpp/plugins/motionplayer/EmoteEngine.h:144	PRESERVE_NO_SOURCE_NAME_EVIDENCE	Semantic body/layout evidence exists where mapped; no trustworthy four-target source-level identifier evidence authorizes removing _guess		retain
updateCameraNodeForDifferentialTest_guess	1	cpp/plugins/motionplayer/Player.h	cpp/plugins/motionplayer/Player.h:1125	TEST_ONLY_LOCAL_LABEL	Unregistered test seam; not a claimed reference source identifier		retain
updateEmitterCrossfadeDelta_guess	4	cpp/plugins/motionplayer/Player.h; cpp/plugins/motionplayer/PlayerUpdateParticles.cpp	cpp/plugins/motionplayer/Player.h:806	PRESERVE_NO_SOURCE_NAME_EVIDENCE	Semantic body/layout evidence exists where mapped; no trustworthy four-target source-level identifier evidence authorizes removing _guess	analysis/motionplayer_player_particle_emitter_phase_four_binary_2026-08-27.md	retain
updateLayerAfterDrawRecovered_guess	3	cpp/plugins/motionplayer/Player.h; cpp/plugins/motionplayer/PlayerDrawDispatch.cpp; cpp/plugins/motionplayer/PlayerRenderTargets.cpp	cpp/plugins/motionplayer/Player.h:679	PRESERVE_NO_SOURCE_NAME_EVIDENCE	Semantic body/layout evidence exists where mapped; no trustworthy four-target source-level identifier evidence authorizes removing _guess		retain
updateLayersForDifferentialTest_guess	1	cpp/plugins/motionplayer/Player.h	cpp/plugins/motionplayer/Player.h:1229	TEST_ONLY_LOCAL_LABEL	Unregistered test seam; not a claimed reference source identifier		retain
updateMemberHint_guess	5	cpp/plugins/motionplayer/MotionDispatch.h; cpp/plugins/motionplayer/MotionLayerExtensions.cpp; cpp/plugins/motionplayer/PlayerRenderInternal.cpp; cpp/plugins/motionplayer/RuntimeSupport.cpp	cpp/plugins/motionplayer/MotionDispatch.h:300	PRESERVE_NO_SOURCE_NAME_EVIDENCE	Semantic body/layout evidence exists where mapped; no trustworthy four-target source-level identifier evidence authorizes removing _guess		retain
updateMotionSubNodesForDifferentialTest_guess	1	cpp/plugins/motionplayer/Player.h	cpp/plugins/motionplayer/Player.h:1206	TEST_ONLY_LOCAL_LABEL	Unregistered test seam; not a claimed reference source identifier		retain
updateParticleEmittersForDifferentialTest_guess	1	cpp/plugins/motionplayer/Player.h	cpp/plugins/motionplayer/Player.h:1149	TEST_ONLY_LOCAL_LABEL	Unregistered test seam; not a claimed reference source identifier		retain
updateParticleSystemsForDifferentialTest_guess	1	cpp/plugins/motionplayer/Player.h	cpp/plugins/motionplayer/Player.h:1130	TEST_ONLY_LOCAL_LABEL	Unregistered test seam; not a claimed reference source identifier		retain
updateShapeGeometryRecord_guess	2	cpp/plugins/motionplayer/PlayerUpdateGeometry.cpp; cpp/plugins/motionplayer/PlayerUpdateLayersInternal.h	cpp/plugins/motionplayer/PlayerUpdateGeometry.cpp:657	PRESERVE_NO_SOURCE_NAME_EVIDENCE	Semantic body/layout evidence exists where mapped; no trustworthy four-target source-level identifier evidence authorizes removing _guess	analysis/motionplayer_player_shape_geometry_phase_four_binary_2026-08-27.md	retain
variableLabelFrameSourceForDifferentialTest_guess	1	cpp/plugins/motionplayer/Player.h	cpp/plugins/motionplayer/Player.h:1096	TEST_ONLY_LOCAL_LABEL	Unregistered test seam; not a claimed reference source identifier		retain
variableLabelScopeCountForDifferentialTest_guess	1	cpp/plugins/motionplayer/Player.h	cpp/plugins/motionplayer/Player.h:1087	TEST_ONLY_LOCAL_LABEL	Unregistered test seam; not a claimed reference source identifier		retain
variableLabelScopeKeyForDifferentialTest_guess	1	cpp/plugins/motionplayer/Player.h	cpp/plugins/motionplayer/Player.h:1091	TEST_ONLY_LOCAL_LABEL	Unregistered test seam; not a claimed reference source identifier		retain
vfpUnorderedOrGreaterEqual_guess	2	cpp/plugins/motionplayer/PlayerFrameProgress.cpp	cpp/plugins/motionplayer/PlayerFrameProgress.cpp:36	PRESERVE_NO_SOURCE_NAME_EVIDENCE	Semantic body/layout evidence exists where mapped; no trustworthy four-target source-level identifier evidence authorizes removing _guess		retain
vfpUnorderedOrLessEqual_guess	2	cpp/plugins/motionplayer/PlayerFrameProgress.cpp	cpp/plugins/motionplayer/PlayerFrameProgress.cpp:42	PRESERVE_NO_SOURCE_NAME_EVIDENCE	Semantic body/layout evidence exists where mapped; no trustworthy four-target source-level identifier evidence authorizes removing _guess		retain
visibleMemberHint_guess	7	cpp/plugins/motionplayer/MotionDispatch.h; cpp/plugins/motionplayer/PlayerLayerQuery.cpp; cpp/plugins/motionplayer/PlayerRenderTargets.cpp; cpp/plugins/motionplayer/RuntimeSupport.cpp; cpp/plugins/motionplayer/SeparateLayerAdaptor.cpp	cpp/plugins/motionplayer/MotionDispatch.h:259	PRESERVE_NO_SOURCE_NAME_EVIDENCE	Semantic body/layout evidence exists where mapped; no trustworthy four-target source-level identifier evidence authorizes removing _guess		retain
visitChildPlayerDispatches_guess	7	cpp/plugins/motionplayer/Player.h; cpp/plugins/motionplayer/PlayerLayerQuery.cpp; cpp/plugins/motionplayer/PlayerVariable.cpp	cpp/plugins/motionplayer/Player.h:581	PRESERVE_NO_SOURCE_NAME_EVIDENCE	Semantic body/layout evidence exists where mapped; no trustworthy four-target source-level identifier evidence authorizes removing _guess	analysis/motionplayer_player_child_visitor_exception_frontiers_four_binary_2026-08-27.md; analysis/motionplayer_player_color_independent_zfactor_four_binary_2026-08-26.md	retain
visitNodeOwnedPlayerVariants_guess	3	cpp/plugins/motionplayer/PlayerMotionLoad.cpp; cpp/plugins/motionplayer/RuntimeSupport.cpp; cpp/plugins/motionplayer/RuntimeSupport.h	cpp/plugins/motionplayer/PlayerMotionLoad.cpp:93	PRESERVE_NO_SOURCE_NAME_EVIDENCE	Semantic body/layout evidence exists where mapped; no trustworthy four-target source-level identifier evidence authorizes removing _guess		retain
vtxMemberHint_guess	3	cpp/plugins/motionplayer/MotionDispatch.h; cpp/plugins/motionplayer/PlayerLayerQuery.cpp; cpp/plugins/motionplayer/RuntimeSupport.cpp	cpp/plugins/motionplayer/MotionDispatch.h:100	PRESERVE_NO_SOURCE_NAME_EVIDENCE	Semantic body/layout evidence exists where mapped; no trustworthy four-target source-level identifier evidence authorizes removing _guess		retain
widthMemberHint_guess	19	cpp/plugins/motionplayer/MotionDispatch.h; cpp/plugins/motionplayer/MotionLayerExtensions.cpp; cpp/plugins/motionplayer/PlayerCore.cpp; cpp/plugins/motionplayer/PlayerLayerQuery.cpp; cpp/plugins/motionplayer/PlayerRenderExecute.cpp; cpp/plugins/motionplayer/PlayerRenderTargets.cpp; cpp/plugins/motionplayer/PlayerResource.cpp; cpp/plugins/motionplayer/PlayerUpdateLayersInternal.h; cpp/plugins/motionplayer/ResourceManager.cpp; cpp/plugins/motionplayer/RuntimeSupport.cpp; cpp/plugins/motionplayer/SourceCache.cpp	cpp/plugins/motionplayer/MotionDispatch.h:13	PRESERVE_NO_SOURCE_NAME_EVIDENCE	Semantic body/layout evidence exists where mapped; no trustworthy four-target source-level identifier evidence authorizes removing _guess		retain
windowMemberHint_guess	3	cpp/plugins/motionplayer/MotionDispatch.h; cpp/plugins/motionplayer/PlayerRenderTargets.cpp; cpp/plugins/motionplayer/RuntimeSupport.cpp	cpp/plugins/motionplayer/MotionDispatch.h:265	PRESERVE_NO_SOURCE_NAME_EVIDENCE	Semantic body/layout evidence exists where mapped; no trustworthy four-target source-level identifier evidence authorizes removing _guess		retain
wrappingAddInt32_guess	4	cpp/plugins/motionplayer/SeparateLayerAdaptor.cpp	cpp/plugins/motionplayer/SeparateLayerAdaptor.cpp:10	PRESERVE_NO_SOURCE_NAME_EVIDENCE	Semantic body/layout evidence exists where mapped; no trustworthy four-target source-level identifier evidence authorizes removing _guess		retain
wrappingIncrementInt32_guess	2	cpp/plugins/motionplayer/SeparateLayerAdaptor.cpp	cpp/plugins/motionplayer/SeparateLayerAdaptor.cpp:16	PRESERVE_NO_SOURCE_NAME_EVIDENCE	Semantic body/layout evidence exists where mapped; no trustworthy four-target source-level identifier evidence authorizes removing _guess		retain
wrappingIncrementSignedInt32_guess	3	cpp/plugins/motionplayer/MotionRenderBackend.cpp	cpp/plugins/motionplayer/MotionRenderBackend.cpp:143	PRESERVE_NO_SOURCE_NAME_EVIDENCE	Semantic body/layout evidence exists where mapped; no trustworthy four-target source-level identifier evidence authorizes removing _guess		retain
wrappingMultiplySignedInt32_guess	2	cpp/plugins/motionplayer/MotionRenderBackend.cpp	cpp/plugins/motionplayer/MotionRenderBackend.cpp:153	PRESERVE_NO_SOURCE_NAME_EVIDENCE	Semantic body/layout evidence exists where mapped; no trustworthy four-target source-level identifier evidence authorizes removing _guess		retain
wrappingSubtractInt32_guess	2	cpp/plugins/motionplayer/SeparateLayerAdaptor.cpp	cpp/plugins/motionplayer/SeparateLayerAdaptor.cpp:21	PRESERVE_NO_SOURCE_NAME_EVIDENCE	Semantic body/layout evidence exists where mapped; no trustworthy four-target source-level identifier evidence authorizes removing _guess		retain
writeCalcColorArray_guess	2	cpp/plugins/motionplayer/PlayerLayerQuery.cpp	cpp/plugins/motionplayer/PlayerLayerQuery.cpp:154	PRESERVE_NO_SOURCE_NAME_EVIDENCE	Semantic body/layout evidence exists where mapped; no trustworthy four-target source-level identifier evidence authorizes removing _guess		retain
writeCalcRealArray_guess	3	cpp/plugins/motionplayer/PlayerLayerQuery.cpp	cpp/plugins/motionplayer/PlayerLayerQuery.cpp:145	PRESERVE_NO_SOURCE_NAME_EVIDENCE	Semantic body/layout evidence exists where mapped; no trustworthy four-target source-level identifier evidence authorizes removing _guess		retain
writeTimelineTypeSpecificCopy_guess	3	cpp/plugins/motionplayer/PlayerUpdateLayerEval.cpp	cpp/plugins/motionplayer/PlayerUpdateLayerEval.cpp:69	PRESERVE_NO_SOURCE_NAME_EVIDENCE	Semantic body/layout evidence exists where mapped; no trustworthy four-target source-level identifier evidence authorizes removing _guess		retain
writeTimelineTypeSpecificLerp_guess	2	cpp/plugins/motionplayer/PlayerUpdateLayerEval.cpp	cpp/plugins/motionplayer/PlayerUpdateLayerEval.cpp:96	PRESERVE_NO_SOURCE_NAME_EVIDENCE	Semantic body/layout evidence exists where mapped; no trustworthy four-target source-level identifier evidence authorizes removing _guess		retain
xMemberHint_guess	8	cpp/plugins/motionplayer/MotionDispatch.h; cpp/plugins/motionplayer/PlayerCore.cpp; cpp/plugins/motionplayer/PlayerFrameProgress.cpp; cpp/plugins/motionplayer/PlayerInternal.h; cpp/plugins/motionplayer/PlayerLayerQuery.cpp; cpp/plugins/motionplayer/RuntimeSupport.cpp	cpp/plugins/motionplayer/MotionDispatch.h:27	PRESERVE_NO_SOURCE_NAME_EVIDENCE	Semantic body/layout evidence exists where mapped; no trustworthy four-target source-level identifier evidence authorizes removing _guess	analysis/motionplayer_layergetter_vtx_dictionary_owner_four_binary_2026-08-26.md	retain
yMemberHint_guess	8	cpp/plugins/motionplayer/MotionDispatch.h; cpp/plugins/motionplayer/PlayerCore.cpp; cpp/plugins/motionplayer/PlayerFrameProgress.cpp; cpp/plugins/motionplayer/PlayerInternal.h; cpp/plugins/motionplayer/PlayerLayerQuery.cpp; cpp/plugins/motionplayer/RuntimeSupport.cpp	cpp/plugins/motionplayer/MotionDispatch.h:28	PRESERVE_NO_SOURCE_NAME_EVIDENCE	Semantic body/layout evidence exists where mapped; no trustworthy four-target source-level identifier evidence authorizes removing _guess	analysis/motionplayer_layergetter_vtx_dictionary_owner_four_binary_2026-08-26.md	retain
